laser_image,pixel_x,pixel_y,Xc_mm,Yc_mm,Zc_mm
Laser1.png,1700.0,1449.2354736328125,-3.9967488578946333,-2.0721329334836938,97.4854766795853
Laser1.png,1701.0,1449.23681640625,-3.9923886373459196,-2.072140669241329,97.48614815303867
Laser1.png,1702.0,1448.9599609375,-3.9880017963708605,-2.0733619182499416,97.48617037129262
Laser1.png,1703.0,1448.8714599609375,-3.983632915562017,-2.073761598315257,97.48663215592521
Laser1.png,1704.0,1448.56103515625,-3.979242855203565,-2.075129177464774,97.48657608592048
Laser1.png,1705.0,1448.2916259765625,-3.9748567008923263,-2.07631793631521,97.48661569113311
Laser1.png,1706.0,1447.866455078125,-3.970455738749781,-2.0781860576378723,97.48629180834772
Laser1.png,1707.0,1447.175048828125,-3.9660298901809874,-2.0812153720754436,97.48534657189414
Laser1.png,1708.0,1446.104736328125,-3.961568556765158,-2.0858971407051516,97.48351711911452
Laser1.png,1709.0,1446.0120849609375,-3.9571992758390566,-2.0863150010258797,97.48396917712874
Laser1.png,1710.0,1445.75048828125,-3.9528139698839535,-2.087469623592237,97.48402703055262
Laser1.png,1711.0,1446.010009765625,-3.948477552470922,-2.0863514938327743,97.4853010044397
Laser1.png,1712.0,1445.47119140625,-3.944066368268977,-2.088715215178422,97.48471186450082
Laser1.png,1713.0,1445.9661865234375,-3.9397520152916696,-2.086570026810351,97.4865354085966
Laser1.png,1714.0,1445.8553466796875,-3.9353807839298125,-2.087067254186335,97.48694503600699
Laser1.png,1715.0,1445.5614013671875,-3.9309926475543207,-2.0883630186140967,97.48692733437538
Laser1.png,1716.0,1445.5609130859375,-3.9266317389465177,-2.0883787654671897,97.48759460111059
Laser1.png,1717.0,1444.8392333984375,-3.9222034116763287,-2.0915401498314936,97.48657863961469
Laser1.png,1718.0,1443.2178955078125,-3.917691531776729,-2.098624725388171,97.48346329924081
Laser1.png,1719.0,1443.3792724609375,-3.913345487781506,-2.0979347051748385,97.48450826194508
Laser1.png,1720.0,1442.9180908203125,-3.908941815904048,-2.099959783723028,97.48410029009025
Laser1.png,1721.0,1440.2489013671875,-3.904333268275045,-2.1116130536250877,97.47854005108786
Laser1.png,1722.0,1438.74267578125,-3.899832713588967,-2.118194592201637,97.4756938011368
Laser1.png,1723.0,1436.031005859375,-3.895221118679344,-2.1300311930249483,97.47003532523617
Laser1.png,1724.0,1433.523193359375,-3.8906290429975554,-2.140977691039183,97.46485307415433
Laser1.png,1725.0,1429.6671142578125,-3.885912796061708,-2.1577993248220317,97.45652677167058
Laser1.png,1726.0,1429.5386962890625,-3.881541055282219,-2.158373123409344,97.4568952505231
Laser1.png,1727.0,1429.608642578125,-3.877187686545934,-2.1580823859285165,97.45772636630417
Laser1.png,1728.0,1429.696044921875,-3.8728362181861264,-2.1577157538687843,97.45859805079424
Laser1.png,1729.0,1429.7928466796875,-3.8684851875953483,-2.157307852800695,97.45949188752171
Laser1.png,1730.0,1429.7235107421875,-3.8641187102460686,-2.1576242169646935,97.45999815869865
Laser1.png,1731.0,1429.781494140625,-3.8597643087449303,-2.1573856708396226,97.46080133362639
Laser1.png,1732.0,1429.813232421875,-3.8554070514676733,-2.1572615863830764,97.46154332258517
Laser1.png,1733.0,1429.649169921875,-3.8510320458573193,-2.1579907812595347,97.46182863882306
Laser1.png,1734.0,1429.437744140625,-3.8466526530459793,-2.158926481945057,97.46200344796019
Laser1.png,1735.0,1429.410888671875,-3.8422902168812865,-2.159057709143106,97.46260877443596
Laser1.png,1736.0,1429.199951171875,-3.8379104578039693,-2.159991267528159,97.46278479378593
Laser1.png,1737.0,1429.1678466796875,-3.833547452749455,-2.1601452876769196,97.46337793622672
Laser1.png,1738.0,1429.17138671875,-3.829187657589944,-2.1601441176576426,97.46405413881493
Laser1.png,1739.0,1429.3111572265625,-3.8248399131011825,-2.159549086024127,97.46504822123957
Laser1.png,1740.0,1429.2650146484375,-3.820475443740572,-2.1597642879880286,97.4656086490507
Laser1.png,1741.0,1429.1910400390625,-3.816108379037073,-2.1601009576374706,97.46610407835561
Laser1.png,1742.0,1429.1119384765625,-3.811740804295821,-2.160459878453991,97.46658760621338
Laser1.png,1743.0,1429.2105712890625,-3.8073893788542974,-2.1600442528600405,97.46748566316653
Laser1.png,1744.0,1428.915771484375,-3.803002066698835,-2.161343333752216,97.46746604816603
Laser1.png,1745.0,1428.7952880859375,-3.798630601145995,-2.1618827606349726,97.46785299079433
Laser1.png,1746.0,1428.6971435546875,-3.7942611343619967,-2.1623245881497257,97.46829217318432
Laser1.png,1747.0,1428.412353515625,-3.7898750567806285,-2.163580079701819,97.4682958362659
Laser1.png,1748.0,1428.3248291015625,-3.7855064891490664,-2.163975806507528,97.4687597008853
Laser1.png,1749.0,1428.2447509765625,-3.7811385541829816,-2.1643390623671905,97.46924095048651
Laser1.png,1750.0,1428.016357421875,-3.776757169956898,-2.165348765679831,97.46937622368671
Laser1.png,1751.0,1427.80322265625,-3.7723775096375847,-2.1662920863106883,97.46954697154229
Laser1.png,1752.0,1427.8203125,-3.7680182391307606,-2.166231750834997,97.47025494871579
Laser1.png,1753.0,1428.058837890625,-3.7636788505521537,-2.16520631080885,97.47147947696602
Laser1.png,1754.0,1428.177001953125,-3.7593281621463954,-2.164705483037881,97.47242329429359
Laser1.png,1755.0,1428.507080078125,-3.7549967956190637,-2.1632809542890983,97.47386145695637
Laser1.png,1756.0,1428.6922607421875,-3.7506522937607385,-2.1624879817165907,97.47496161233893
Laser1.png,1757.0,1429.05126953125,-3.746323281263394,-2.1609372404422262,97.47646736561884
Laser1.png,1758.0,1429.2412109375,-3.7419789930336482,-2.1601234054298146,97.47757872065976
Laser1.png,1759.0,1429.43798828125,-3.7376352133742463,-2.1592799441421247,97.47870594828318
Laser1.png,1760.0,1429.7640380859375,-3.733302529741052,-2.15787265088345,97.48013503510049
Laser1.png,1761.0,1430.0379638671875,-3.728965421232101,-2.156692855902044,97.48144231788386
Laser1.png,1762.0,1430.0760498046875,-3.724607536036461,-2.156540922718136,97.482199398462
Laser1.png,1763.0,1430.0364990234375,-3.720242308704688,-2.15672743313667,97.48277539183518
Laser1.png,1764.0,1429.91650390625,-3.715870232893889,-2.1572647717857505,97.48316355337347
Laser1.png,1765.0,1429.5762939453125,-3.7114785608097107,-2.158761993685451,97.4830379308252
Laser1.png,1766.0,1429.4033203125,-3.707101737286389,-2.159530292982801,97.48330247414393
Laser1.png,1767.0,1429.04541015625,-3.702708501442157,-2.161104676381434,97.48313554859072
Laser1.png,1768.0,1428.9136962890625,-3.698335301098683,-2.1616931769066046,97.48349633778835
Laser1.png,1769.0,1428.641845703125,-3.693949678607117,-2.162892518233964,97.48353016277238
Laser1.png,1770.0,1428.3665771484375,-3.6895637549662146,-2.1641065748777737,97.48355611139593
Laser1.png,1771.0,1428.28125,-3.685194579407345,-2.1644928543142723,97.48402515687216
Laser1.png,1772.0,1428.2054443359375,-3.6808258421650204,-2.1648375072421575,97.48451654698634
Laser1.png,1773.0,1427.949951171875,-3.676441970546378,-2.1659654419084977,97.48458854745962
Laser1.png,1774.0,1427.861328125,-3.6720723961166586,-2.1663660900162833,97.48504991835861
Laser1.png,1775.0,1427.80859375,-3.6677055742425213,-2.166610086746752,97.48559520701687
Laser1.png,1776.0,1427.77099609375,-3.6633403893601826,-2.166788227918272,97.48617569998478
Laser1.png,1777.0,1427.9498291015625,-3.6589941062596996,-2.1660230082577305,97.48726118864873
Laser1.png,1778.0,1428.1622314453125,-3.6546503038583555,-2.1651113393460077,97.48842514416565
Laser1.png,1779.0,1428.373779296875,-3.6503066868966054,-2.164203236555151,97.48958715087588
Laser1.png,1780.0,1428.403564453125,-3.645947100910933,-2.1640875994108253,97.49032495247559
Laser1.png,1781.0,1428.400390625,-3.641584574599038,-2.1641157069534853,97.49098581463613
Laser1.png,1782.0,1428.3758544921875,-3.637220128963351,-2.1642369544504025,97.49159682576345
Laser1.png,1783.0,1428.383544921875,-3.63285843166739,-2.164217685715121,97.49228306781362
Laser1.png,1784.0,1428.3983154296875,-3.628497291547985,-2.1641673697511172,97.49298593998466
Laser1.png,1785.0,1428.478271484375,-3.624141738414271,-2.1638331412736487,97.49384081068486
Laser1.png,1786.0,1428.559814453125,-3.619786248012789,-2.163491907759753,97.49469944331821
Laser1.png,1787.0,1428.6717529296875,-3.6154333138261205,-2.1630180413243414,97.4956290921106
Laser1.png,1788.0,1428.788330078125,-3.611080695185888,-2.1625240651660933,97.4965695194905
Laser1.png,1789.0,1428.922119140625,-3.606729481838446,-2.1619548804082522,97.49755022295
Laser1.png,1790.0,1429.03759765625,-3.6023765976205464,-2.1614657300861406,97.49848809315436
Laser1.png,1791.0,1429.1712646484375,-3.5980252004550493,-2.1608970619138206,97.49946854695727
Laser1.png,1792.0,1429.3375244140625,-3.5936765171546456,-2.1601864137243116,97.50052502515658
Laser1.png,1793.0,1429.4871826171875,-3.589326314069219,-2.1595480816165225,97.50154280240783
Laser1.png,1794.0,1429.604736328125,-3.5849732643676653,-2.1590497343888537,97.5024856500554
Laser1.png,1795.0,1429.7125244140625,-3.5806192906198016,-2.1585940954117073,97.50340564589958
Laser1.png,1796.0,1430.1708984375,-3.5762952535639903,-2.1566097269528726,97.50514410188889
Laser1.png,1797.0,1430.25439453125,-3.571939005730698,-2.1562597745417906,97.50600754632144
Laser1.png,1798.0,1430.2608642578125,-3.5675764598597284,-2.156245830433107,97.5066910529756
Laser1.png,1799.0,1430.302978515625,-3.5632165363362422,-2.1560762637366047,97.50745794364427
Laser1.png,1800.0,1430.3240966796875,-3.5588547518811553,-2.1559984180117064,97.50817573824061
Laser1.png,1801.0,1430.55908203125,-3.5545114674646854,-2.1549878851028024,97.50939284387634
Laser1.png,1802.0,1430.837646484375,-3.5501714153851354,-2.153787412020251,97.51071171629054
Laser1.png,1803.0,1430.9324951171875,-3.5458156485257675,-2.1533880501921625,97.51160168922692
Laser1.png,1804.0,1430.9935302734375,-3.5414572976766343,-2.153136056733983,97.51241271644356
Laser1.png,1805.0,1431.091064453125,-3.537101601906939,-2.1527250137865157,97.51330896771607
Laser1.png,1806.0,1431.403564453125,-3.5327640127227764,-2.151376362289948,97.5147072407584
Laser1.png,1807.0,1431.246826171875,-3.528387017134557,-2.1520739816468635,97.51500986625433
Laser1.png,1808.0,1431.349853515625,-3.5240319119427688,-2.151638861524125,97.51591898965376
Laser1.png,1809.0,1431.607177734375,-3.519689366970325,-2.1505308952669564,97.51718844080163
Laser1.png,1810.0,1431.5848388671875,-3.5153235290609985,-2.1506425743431192,97.51780481950088
Laser1.png,1811.0,1431.52880859375,-3.5109548051199093,-2.1509011039164223,97.51834257811656
Laser1.png,1812.0,1431.2254638671875,-3.5065652705495025,-2.1522380228125204,97.51830293474116
Laser1.png,1813.0,1431.0606689453125,-3.5021877169547597,-2.1529708553458193,97.51858668721401
Laser1.png,1814.0,1430.860107421875,-3.4978067804956043,-2.15385969626319,97.51878696579779
Laser1.png,1815.0,1430.6549072265625,-3.493425436934444,-2.154768826516772,97.51897638327358
Laser1.png,1816.0,1430.244140625,-3.489027266242099,-2.1565742918930964,97.5186858031722
Laser1.png,1817.0,1430.0638427734375,-3.4846479916445463,-2.157374639438446,97.5189334708701
Laser1.png,1818.0,1429.9283447265625,-3.4802724237231453,-2.157979856580172,97.51928562637033
Laser1.png,1819.0,1429.844482421875,-3.475901485369064,-2.158359783037363,97.51975836557378
Laser1.png,1820.0,1429.9935302734375,-3.471549143148492,-2.1577239987327483,97.52077510250602
Laser1.png,1821.0,1429.9632568359375,-3.4671825455121716,-2.1578701941353136,97.52137301463799
Laser1.png,1822.0,1430.004150390625,-3.462821431294343,-2.1577061786492977,97.52213710092644
Laser1.png,1823.0,1429.896240234375,-3.458447928295366,-2.1581909573318727,97.5225537829679
Laser1.png,1824.0,1430.330322265625,-3.4541188544730876,-2.1563121132529943,97.52423620296152
Laser1.png,1825.0,1430.426025390625,-3.449762400805137,-2.155908946513564,97.52512833096394
Laser1.png,1826.0,1430.5303955078125,-3.445406222702876,-2.155467892453957,97.52604081556842
Laser1.png,1827.0,1430.66943359375,-3.441052815823945,-2.154875842132814,97.52703417021034
Laser1.png,1828.0,1430.765625,-3.436695796923964,-2.154470497476796,97.52792755843288
Laser1.png,1829.0,1430.6776123046875,-3.4323235568524866,-2.1548685750048486,97.52839072643906
Laser1.png,1830.0,1430.7227783203125,-3.4279625684827537,-2.1546858510075393,97.52916486626899
Laser1.png,1831.0,1430.75244140625,-3.423599880503792,-2.154570632257295,97.52990292326659
Laser1.png,1832.0,1430.8050537109375,-3.4192390039775287,-2.1543554073151174,97.53069454493436
Laser1.png,1833.0,1430.8201904296875,-3.4148753546002393,-2.154303561610494,97.53139862957121
Laser1.png,1834.0,1430.856689453125,-3.4105130257767895,-2.15415853299986,97.53215268114985
Laser1.png,1835.0,1430.8709716796875,-3.406149177649975,-2.1541104555547497,97.53285476767653
Laser1.png,1836.0,1431.089599609375,-3.4018015526344203,-2.153171103684286,97.53403422059414
Laser1.png,1837.0,1431.0716552734375,-3.397434573651754,-2.1532636069303357,97.53466110076481
Laser1.png,1838.0,1431.0152587890625,-3.393064775666848,-2.153523810379364,97.53519812456041
Laser1.png,1839.0,1430.9765625,-3.3886963660930975,-2.15370680967065,97.5357765015005
Laser1.png,1840.0,1430.6978759765625,-3.3843084564490242,-2.1549364147573935,97.53579438626807
Laser1.png,1841.0,1430.658447265625,-3.3799399082661656,-2.1551226554620126,97.5363710394436
Laser1.png,1842.0,1430.5809326171875,-3.375567868710242,-2.1554749849195525,97.5368588080688
Laser1.png,1843.0,1430.576171875,-3.371202022955158,-2.1555098680251548,97.53751653649347
Laser1.png,1844.0,1430.5545654296875,-3.36683475740496,-2.1556183686682706,97.53813484774588
Laser1.png,1845.0,1430.3590087890625,-3.3624534306025677,-2.1564854864758125,97.5383468829787
Laser1.png,1846.0,1430.380615234375,-3.358089548655324,-2.1564054620001376,97.53906617567587
Laser1.png,1847.0,1430.6568603515625,-3.3537456912882404,-2.1552148763725785,97.54038031413238
Laser1.png,1848.0,1430.69677734375,-3.3493831236249143,-2.1550549367639005,97.54114243110455
Laser1.png,1849.0,1430.779052734375,-3.3450238780549935,-2.1547104053473434,97.54200342127827
Laser1.png,1850.0,1430.9051513671875,-3.3406677050909277,-2.1541744539752687,97.54296699972619
Laser1.png,1851.0,1431.2469482421875,-3.3363290375308026,-2.152697917285449,97.54443429585278
Laser1.png,1852.0,1431.591064453125,-3.3319900684856165,-2.1512109221952347,97.54590726971112
Laser1.png,1853.0,1431.7537841796875,-3.327636867400138,-2.150515451103083,97.54695627630707
Laser1.png,1854.0,1432.1082763671875,-3.323298838878748,-2.1489833089998243,97.54845341249484
Laser1.png,1855.0,1432.2333984375,-3.3189420846924724,-2.148451575566074,97.5494148099825
Laser1.png,1856.0,1432.3570556640625,-3.314585488495764,-2.147926295451369,97.55037270839087
Laser1.png,1857.0,1432.6072998046875,-3.31023884010398,-2.1468489555421413,97.55162630553711
Laser1.png,1858.0,1432.6219482421875,-3.3058734280369535,-2.1467991995718783,97.55232953815639
Laser1.png,1859.0,1432.6302490234375,-3.3015074517000844,-2.146777099727649,97.55301796759241
Laser1.png,1860.0,1432.605712890625,-3.297139180901996,-2.1468983119812473,97.55362959042398
Laser1.png,1861.0,1432.4044189453125,-3.2927565520040813,-2.147790691232145,97.55382822614922
Laser1.png,1862.0,1432.365234375,-3.2883866741753858,-2.1479758465695378,97.55440566974396
Laser1.png,1863.0,1432.2847900390625,-3.2840138614863608,-2.1483409540041216,97.55488667824783
Laser1.png,1864.0,1432.1927490234375,-3.279639735386715,-2.148756531677848,97.55534071607002
Laser1.png,1865.0,1432.0687255859375,-3.27526341750205,-2.1493118349475404,97.55571986242299
Laser1.png,1866.0,1431.945068359375,-3.2708867330597275,-2.1498655274213667,97.55609993286112
Laser1.png,1867.0,1431.7813720703125,-3.266507245280109,-2.1505937868744747,97.55638644728505
Laser1.png,1868.0,1431.609130859375,-3.2621270627061665,-2.1513594057569043,97.55665295429571
Laser1.png,1869.0,1431.4708251953125,-3.257749141616985,-2.151977046301839,97.55699878541886
Laser1.png,1870.0,1431.3143310546875,-3.253370136313307,-2.1526738900827596,97.55730213991639
Laser1.png,1871.0,1431.005859375,-3.2489792755390705,-2.154033788740508,97.55725032927288
Laser1.png,1872.0,1430.872314453125,-3.2446016521679564,-2.154630610044358,97.55760732376515
Laser1.png,1873.0,1430.56298828125,-3.240210715217684,-2.155994283288753,97.55755349261142
Laser1.png,1874.0,1430.72216796875,-3.2358560976533033,-2.1553140446817345,97.5585945172188
Laser1.png,1875.0,1430.720458984375,-3.2314885692584374,-2.155335824193529,97.55925956161806
Laser1.png,1876.0,1430.531005859375,-3.2271068318390843,-2.156176548276217,97.55948587139538
Laser1.png,1877.0,1430.584716796875,-3.2227438462200864,-2.155956419599556,97.5602804601481
Laser1.png,1878.0,1429.8568115234375,-3.2183208966225045,-2.1591460293255937,97.55924846824645
Laser1.png,1879.0,1429.8890380859375,-3.2139558309077043,-2.159019852544654,97.55999279371262
Laser1.png,1880.0,1429.9986572265625,-3.209597013600631,-2.158555859195219,97.56091803825478
Laser1.png,1881.0,1430.3658447265625,-3.2052575257797398,-2.1569683053042192,97.56244523539998
Laser1.png,1882.0,1430.6060791015625,-3.2009081704479763,-2.1559344115967543,97.56367585968339
Laser1.png,1883.0,1430.85546875,-3.1965597668442767,-2.1548606185442853,97.56492781910903
Laser1.png,1884.0,1431.3145751953125,-3.1922269262188694,-2.152871875571436,97.56666999458379
Laser1.png,1885.0,1432.2669677734375,-3.187931239376144,-2.1487309005477955,97.56956521832004
Laser1.png,1886.0,1432.39453125,-3.183573116442293,-2.148188449484447,97.57053259849152
Laser1.png,1887.0,1432.6236572265625,-3.1792226390063636,-2.147203036189086,97.5717372938126
Laser1.png,1888.0,1432.654296875,-3.1748565971830023,-2.1470835778903985,97.57247815316455
Laser1.png,1889.0,1432.8511962890625,-3.1705034801532097,-2.146238600742999,97.57360764383105
Laser1.png,1890.0,1432.8585205078125,-3.1661358827385033,-2.1462208020130027,97.57429400865418
Laser1.png,1891.0,1433.04443359375,-3.1617817511476107,-2.145423761015909,97.57539784673561
Laser1.png,1892.0,1432.8892822265625,-3.1574017211502876,-2.146114967606418,97.57570439519243
Laser1.png,1893.0,1432.8663330078125,-3.1530316489511465,-2.1462293778311374,97.57631995951077
Laser1.png,1894.0,1432.8370361328125,-3.1486610464811937,-2.146371273546713,97.57692080725103
Laser1.png,1895.0,1432.7593994140625,-3.144286746338624,-2.1467242421666284,97.57740858202773
Laser1.png,1896.0,1432.5081787109375,-3.1398997048502446,-2.147834732295526,97.5774904661817
Laser1.png,1897.0,1432.3775634765625,-3.1355213583985053,-2.1484187198683493,97.57785448266037
Laser1.png,1898.0,1432.2811279296875,-3.131145901133025,-2.1488537938187235,97.57829822956239
Laser1.png,1899.0,1431.993896484375,-3.126755751572827,-2.150121296546649,97.57829605655704
Laser1.png,1900.0,1431.934326171875,-3.1223829939486114,-2.1503954284593094,97.57882603959634
Laser1.png,1901.0,1431.506103515625,-3.117982288128363,-2.152278177425924,97.57849424127203
Laser1.png,1902.0,1431.458984375,-3.1136104013941166,-2.1524980727164285,97.57905329146091
Laser1.png,1903.0,1431.428955078125,-3.1092393785415426,-2.1526432444048713,97.57965244049132
Laser1.png,1904.0,1431.3994140625,-3.1048686974492523,-2.1527864406791055,97.58025260016731
Laser1.png,1905.0,1431.2022705078125,-3.1004851545744034,-2.153660751611299,97.58046110586758
Laser1.png,1906.0,1431.455078125,-3.0961349643819087,-2.152572014403598,97.58172138837091
Laser1.png,1907.0,1431.5107421875,-3.0917704224842915,-2.152343361951071,97.58252080765095
Laser1.png,1908.0,1431.8253173828125,-3.087424598846178,-2.150984941583181,97.58392561642283
Laser1.png,1909.0,1431.9368896484375,-3.083063654879185,-2.150512314883188,97.58485583887305
Laser1.png,1910.0,1432.0433349609375,-3.0787022512165954,-2.150061955394151,97.58577414343704
Laser1.png,1911.0,1432.4749755859375,-3.0743647159024254,-2.1481927080833643,97.58745270748744
Laser1.png,1912.0,1432.47509765625,-3.0699956542474407,-2.14820635865048,97.58812236626207
Laser1.png,1913.0,1432.4622802734375,-3.065625221315148,-2.148276422057317,97.58876186370495
Laser1.png,1914.0,1432.579833984375,-3.0612646530641383,-2.1477776947169853,97.58970608105072
Laser1.png,1915.0,1432.7205810546875,-3.0569053392814416,-2.1471776314103805,97.59070466535177
Laser1.png,1916.0,1432.7139892578125,-3.0525355184029745,-2.1472207397130187,97.59135858112911
Laser1.png,1917.0,1432.84716796875,-3.0481754882273755,-2.146653718429316,97.59233948594294
Laser1.png,1918.0,1433.02490234375,-3.043818800072834,-2.145892287681003,97.59342454689612
Laser1.png,1919.0,1432.9315185546875,-3.039442452405256,-2.146313944649022,97.59387565574619
Laser1.png,1920.0,1432.683837890625,-3.035054840042857,-2.147409170682622,97.59396584685882
Laser1.png,1921.0,1432.6591796875,-3.0306832363417793,-2.147530976167123,97.59457766673324
Laser1.png,1922.0,1432.6363525390625,-3.0263118930947908,-2.1476446975701173,97.59519379888259
Laser1.png,1923.0,1432.639404296875,-3.021942366745606,-2.147645589039432,97.59587039942126
Laser1.png,1924.0,1432.5308837890625,-3.017564709860874,-2.148133562262375,97.59628600512325
Laser1.png,1925.0,1432.6341552734375,-3.01320213095595,-2.1476969616381134,97.59719708374492
Laser1.png,1926.0,1432.6102294921875,-3.008830476909373,-2.1478157179378794,97.59781055316361
Laser1.png,1927.0,1432.7523193359375,-3.0044705432692047,-2.1472096753438272,97.5988124528845
Laser1.png,1928.0,1433.0733642578125,-3.000123382693644,-2.1458227442556246,97.60023281957233
Laser1.png,1929.0,1433.048583984375,-2.9957514483925727,-2.1459452657215463,97.60084430517598
Laser1.png,1930.0,1432.981201171875,-2.9913764108669456,-2.1462533977010243,97.60135633517146
Laser1.png,1931.0,1433.081787109375,-2.9870133472927547,-2.1458286152092017,97.60226112577269
Laser1.png,1932.0,1432.5523681640625,-2.982605536325319,-2.1481534793146495,97.60169238466081
Laser1.png,1933.0,1432.115478515625,-2.978204200518721,-2.1500744071492717,97.60134012767847
Laser1.png,1934.0,1431.8642578125,-2.9738161246232857,-2.1511851718352055,97.60142202429203
Laser1.png,1935.0,1431.825927734375,-2.9694430113746204,-2.1513666619788134,97.60200194264644
Laser1.png,1936.0,1431.796630859375,-2.965070667720931,-2.151508804527618,97.60260292729201
Laser1.png,1937.0,1431.8243408203125,-2.9607021346373443,-2.151402095834518,97.60333730803103
Laser1.png,1938.0,1432.481689453125,-2.9563777804988174,-2.148547328630695,97.60554445350907
Laser1.png,1939.0,1432.717529296875,-2.952023772422598,-2.147532275791827,97.60676565445294
Laser1.png,1940.0,1432.9638671875,-2.947670396968239,-2.146471376255624,97.60801144216144
Laser1.png,1941.0,1433.2347412109375,-2.943318644001212,-2.1453031718108075,97.6093147535985
Laser1.png,1942.0,1433.4974365234375,-2.9389660139145097,-2.1441708764724967,97.61059886675778
Laser1.png,1943.0,1433.5673828125,-2.9346000781104413,-2.1438797309309963,97.61143214957862
Laser1.png,1944.0,1433.805908203125,-2.9302457257125982,-2.1428526980269176,97.61265985418723
Laser1.png,1945.0,1433.698486328125,-2.9258671841139194,-2.1433358821708848,97.61307817551751
Laser1.png,1946.0,1433.9984130859375,-2.921516946283472,-2.1420408814249385,97.61444952187915
Laser1.png,1947.0,1434.2750244140625,-2.9171649542412514,-2.140847740617376,97.6157662966061
Laser1.png,1948.0,1434.373046875,-2.912800380245203,-2.1404339875153537,97.61666538280755
Laser1.png,1949.0,1434.6385498046875,-2.9084473998678106,-2.139289141778572,97.61795630763551
Laser1.png,1950.0,1434.7117919921875,-2.9040811036612784,-2.13898355512313,97.61879742169148
Laser1.png,1951.0,1434.96142578125,-2.8997268084805454,-2.1379080379263993,97.6200512223615
Laser1.png,1952.0,1434.995361328125,-2.8953576150885665,-2.1377740689475053,97.62080038290999
Laser1.png,1953.0,1435.207763671875,-2.891000720750028,-2.1368609865155905,97.62196712815772
Laser1.png,1954.0,1435.212646484375,-2.886629363709808,-2.1368538948169236,97.62264831067107
Laser1.png,1955.0,1435.179931640625,-2.882255349052304,-2.1370108955428333,97.62324155430306
Laser1.png,1956.0,1435.0911865234375,-2.87787759736986,-2.1374125093860052,97.62370367233777
Laser1.png,1957.0,1434.9859619140625,-2.8734984890471678,-2.137886019485577,97.62412729018676
Laser1.png,1958.0,1434.8682861328125,-2.86911866591649,-2.138413991218389,97.6245216955499
Laser1.png,1959.0,1434.736572265625,-2.8647378462827082,-2.1390030753821354,97.6248833511528
Laser1.png,1960.0,1434.2735595703125,-2.860334278959676,-2.1410386188268333,97.624469728584
Laser1.png,1961.0,1434.2994384765625,-2.8559642169744124,-2.1409397142680247,97.62520014432982
Laser1.png,1962.0,1433.98828125,-2.8515710498608398,-2.1423124251769896,97.62514179268925
Laser1.png,1963.0,1433.70263671875,-2.847179632688468,-2.1435735247885237,97.62514326367477
Laser1.png,1964.0,1433.776611328125,-2.842812718601249,-2.143264716846697,97.62598620788053
Laser1.png,1965.0,1433.6729736328125,-2.838433643201195,-2.143731433140403,97.626413478551
Laser1.png,1966.0,1433.622802734375,-2.8340579811963185,-2.143964686749641,97.62696592134745
Laser1.png,1967.0,1433.5770263671875,-2.8296827494863335,-2.1441787113247206,97.62752865076988
Laser1.png,1968.0,1433.707763671875,-2.825319419489553,-2.1436222307800725,97.62850439156003
Laser1.png,1969.0,1433.68603515625,-2.8209456941480027,-2.143731292756103,97.62912340155721
Laser1.png,1970.0,1433.441650390625,-2.8165568823520966,-2.144812352446219,97.62922140597516
Laser1.png,1971.0,1433.2066650390625,-2.8121688755079637,-2.145852434973653,97.62934134859799
Laser1.png,1972.0,1432.96044921875,-2.807779920421071,-2.1469415870739916,97.62943501810166
Laser1.png,1973.0,1432.907470703125,-2.803403942458521,-2.147187087177359,97.6299809160963
Laser1.png,1974.0,1432.876953125,-2.7990296019732996,-2.1473346354739338,97.63057929959682
Laser1.png,1975.0,1432.8719482421875,-2.7946567394192363,-2.147370571892248,97.63123754818552
Laser1.png,1976.0,1432.707763671875,-2.7902731672720114,-2.148101719008428,97.63152314072676
Laser1.png,1977.0,1432.5491943359375,-2.78589012718087,-2.148808246383186,97.63182190659177
Laser1.png,1978.0,1432.5765380859375,-2.7815192751267754,-2.148703101808228,97.6325558045142
Laser1.png,1979.0,1432.5245361328125,-2.777143076215042,-2.1489443059653346,97.63310404977074
Laser1.png,1980.0,1432.6676025390625,-2.772779792788174,-2.1483339200051788,97.63410880711473
Laser1.png,1981.0,1432.6202392578125,-2.7684039622477576,-2.1485549946144866,97.63466783344744
Laser1.png,1982.0,1432.3592529296875,-2.764013927548175,-2.1497087338668224,97.63472689520874
Laser1.png,1983.0,1432.51953125,-2.7596515748643613,-2.149023214341279,97.63577196176631
Laser1.png,1984.0,1432.3065185546875,-2.7552646556775557,-2.1499673910509083,97.63594337349043
Laser1.png,1985.0,1432.097900390625,-2.7508780088521476,-2.150892518765066,97.63612499937669
Laser1.png,1986.0,1432.0731201171875,-2.746503450585946,-2.151014935490425,97.63673694797166
Laser1.png,1987.0,1432.0762939453125,-2.742130674969576,-2.151015309658131,97.63741433052664
Laser1.png,1988.0,1431.87890625,-2.7377446752267636,-2.151891384097135,97.63762226742332
Laser1.png,1989.0,1431.6632080078125,-2.7333574591030474,-2.1528472668317358,97.63778742239786
Laser1.png,1990.0,1431.075439453125,-2.7289460683502167,-2.155427621411168,97.63708167473395
Laser1.png,1991.0,1430.8824462890625,-2.724560524265811,-2.1562844699381647,97.63729989264537
Laser1.png,1992.0,1430.7078857421875,-2.7201759821442395,-2.157060801504115,97.63756130726401
Laser1.png,1993.0,1430.9613037109375,-2.715819096257364,-2.155968772610178,97.63882439961023
Laser1.png,1994.0,1431.0008544921875,-2.7114483771247273,-2.1558104705922365,97.6395868979823
Laser1.png,1995.0,1431.0333251953125,-2.7070771302018772,-2.1556830816996526,97.64033283388387
Laser1.png,1996.0,1431.233154296875,-2.7027166620172838,-2.1548248516033985,97.64147059930625
Laser1.png,1997.0,1431.4200439453125,-2.6983550722237393,-2.154023222625543,97.6425780633364
Laser1.png,1998.0,1431.610107421875,-2.6939937693299334,-2.1532077340682005,97.64369294518897
Laser1.png,1999.0,1431.6014404296875,-2.689619553346304,-2.1532598919496198,97.64434266953347
Laser1.png,2000.0,1431.9788818359375,-2.6852699521564483,-2.151626314382797,97.6458962138785
Laser1.png,2001.0,1432.0091552734375,-2.6808980825230986,-2.1515084124410553,97.64663713830534
Laser1.png,2002.0,1432.083984375,-2.6765291859800766,-2.1511960086278856,97.64748232579291
Laser1.png,2003.0,1432.13671875,-2.672158619030003,-2.1509799520082242,97.64827589683361
Laser1.png,2004.0,1432.408203125,-2.667801787088005,-2.1498089877228512,97.64958148123809
Laser1.png,2005.0,1432.5201416015625,-2.6634350166755603,-2.149334410247788,97.65051365686284
Laser1.png,2006.0,1432.626708984375,-2.6590676379373472,-2.1488833740595235,97.65143325164404
Laser1.png,2007.0,1432.9166259765625,-2.654711845119738,-2.147631805143129,97.65278207420063
Laser1.png,2008.0,1433.009765625,-2.6503434299540976,-2.1472393490154955,97.65367028888764
Laser1.png,2009.0,1433.234619140625,-2.645983290275816,-2.1462717781835834,97.65486687467819
Laser1.png,2010.0,1433.2623291015625,-2.641610740354616,-2.14616497048583,97.65560193115292
Laser1.png,2011.0,1433.2401123046875,-2.6372347858347767,-2.1462762356141716,97.65622010035078
Laser1.png,2012.0,1433.0523681640625,-2.632848688300003,-2.14711039897953,97.65645061817376
Laser1.png,2013.0,1433.0294189453125,-2.6284725935836954,-2.147224907117092,97.65706706299379
Laser1.png,2014.0,1433.0208740234375,-2.62409753135304,-2.1472764923708185,97.65771722678298
Laser1.png,2015.0,1433.0263671875,-2.6197232926658245,-2.1472667721978493,97.65840027104625
Laser1.png,2016.0,1433.200439453125,-2.6153595645714818,-2.1465208307637393,97.65947808311297
Laser1.png,2017.0,1433.0125732421875,-2.610973080174608,-2.147355562502855,97.65970835485827
Laser1.png,2018.0,1433.0692138671875,-2.6066018587690953,-2.1471223672039583,97.66051125512303
Laser1.png,2019.0,1432.9105224609375,-2.6022171285260787,-2.1478296401106345,97.66080988147623
Laser1.png,2020.0,1433.1102294921875,-2.5978546946212395,-2.146971857043545,97.66194771080745
Laser1.png,2021.0,1432.988525390625,-2.5934721746756018,-2.1475175084873843,97.66233301494056
Laser1.png,2022.0,1433.0736083984375,-2.589102455419529,-2.1471602516290917,97.66320247970185
Laser1.png,2023.0,1433.213623046875,-2.5847360621034454,-2.146563142519107,97.66420057041347
Laser1.png,2024.0,1433.3909912109375,-2.580371892447248,-2.1458027652147424,97.6652862234681
Laser1.png,2025.0,1433.583984375,-2.576008589552876,-2.144974226682704,97.66640844160231
Laser1.png,2026.0,1433.9569091796875,-2.571656099364996,-2.143359926019799,97.66795205453599
Laser1.png,2027.0,1434.2904052734375,-2.5673012273057894,-2.141917651020244,97.66940341444322
Laser1.png,2028.0,1434.35595703125,-2.562929756854555,-2.1416457285655035,97.67022720478586
Laser1.png,2029.0,1434.375732421875,-2.558555587618645,-2.141573572374407,97.67094385510703
Laser1.png,2030.0,1434.37646484375,-2.5541800055047768,-2.1415846693397036,97.67161589917127
Laser1.png,2031.0,1434.3682861328125,-2.549804000652153,-2.1416346057836986,97.6722670967772
Laser1.png,2032.0,1434.340087890625,-2.545426716150598,-2.1417719332442426,97.67287143957378
Laser1.png,2033.0,1434.3095703125,-2.5410490532781442,-2.141919512548556,97.67347032120006
Laser1.png,2034.0,1434.2734375,-2.536671177342859,-2.1420915482122096,97.67405606804114
Laser1.png,2035.0,1434.2313232421875,-2.5322928863940772,-2.1422896595780094,97.67462783950326
Laser1.png,2036.0,1434.17333984375,-2.527913580835085,-2.142557183382206,97.67516239511838
Laser1.png,2037.0,1434.134033203125,-2.5235353584442115,-2.1427430719739826,97.67574073694679
Laser1.png,2038.0,1434.46484375,-2.519179259803511,-2.1413125411636416,97.67718596360922
Laser1.png,2039.0,1434.5057373046875,-2.5148057315804677,-2.1411481269931056,97.6779521881713
Laser1.png,2040.0,1434.7261962890625,-2.51044276254117,-2.1401994819599577,97.67913902235156
Laser1.png,2041.0,1434.937744140625,-2.506079150553388,-2.139289837336017,97.68030495754789
Laser1.png,2042.0,1435.1627197265625,-2.501716423324631,-2.1383213644453325,97.68150242997942
Laser1.png,2043.0,1435.195556640625,-2.497342081554897,-2.138192167455732,97.68224981895955
Laser1.png,2044.0,1435.2547607421875,-2.4929692506177945,-2.137947692416028,97.68305904187093
Laser1.png,2045.0,1435.4761962890625,-2.4886060258891702,-2.1369948219431163,97.68424819073412
Laser1.png,2046.0,1435.48828125,-2.4842302246110255,-2.136956251804663,97.684947010536
Laser1.png,2047.0,1435.4698486328125,-2.4798525463578898,-2.137050945243509,97.68557436936925
Laser1.png,2048.0,1435.250732421875,-2.475463080007808,-2.1380221974533478,97.68573159779041
Laser1.png,2049.0,1435.194580078125,-2.471083072902598,-2.1382818151959397,97.6862705188978
Laser1.png,2050.0,1434.9666748046875,-2.4666930399455915,-2.139291562679738,97.68640710848058
Laser1.png,2051.0,1434.9110107421875,-2.4623131670308886,-2.1395488506464067,97.68694726319313
Laser1.png,2052.0,1434.68505859375,-2.457923205463592,-2.1405501542845076,97.68708838805165
Laser1.png,2053.0,1434.6343994140625,-2.453543365385583,-2.1407856905386997,97.68764024923958
Laser1.png,2054.0,1434.412353515625,-2.4491537734231468,-2.141769737539681,97.68779060814971
Laser1.png,2055.0,1434.3861083984375,-2.444775283803837,-2.14189863499922,97.68839967656915
Laser1.png,2056.0,1434.522705078125,-2.4404062698422235,-2.1413162446833733,97.68939024846564
Laser1.png,2057.0,1434.493408203125,-2.4360276572562194,-2.1414584495171836,97.68999217097894
Laser1.png,2058.0,1434.5045166015625,-2.4316513461583584,-2.1414242248026345,97.69068873011555
Laser1.png,2059.0,1434.560791015625,-2.4272776019056113,-2.1411927040337457,97.69149111970749
Laser1.png,2060.0,1434.8192138671875,-2.422915351616834,-2.140078102435684,97.69276719689748
Laser1.png,2061.0,1434.71484375,-2.4185321262396555,-2.1405481791176726,97.69319330132691
Laser1.png,2062.0,1434.7503662109375,-2.4141569606210678,-2.1404072924838413,97.69394711190841
Laser1.png,2063.0,1434.7493896484375,-2.409779437898368,-2.1404257575572148,97.69461548954098
Laser1.png,2064.0,1434.7801513671875,-2.405403865518473,-2.140305731492459,97.69535813139834
Laser1.png,2065.0,1434.780029296875,-2.40102645076488,-2.1403204184796754,97.69602852649882
Laser1.png,2066.0,1434.8028564453125,-2.3966502917941646,-2.140235103044747,97.69675257034365
Laser1.png,2067.0,1434.8983154296875,-2.3922782375157943,-2.139832328744161,97.69764690444364
Laser1.png,2068.0,1434.9718017578125,-2.3879048463440524,-2.1395254150752314,97.69848983239189
Laser1.png,2069.0,1434.6292724609375,-2.383507776467017,-2.1410360302356857,97.6983578350558
Laser1.png,2070.0,1434.658203125,-2.3791317333824713,-2.1409239182536832,97.69909628874842
Laser1.png,2071.0,1434.2513427734375,-2.374730982729571,-2.1427156660751328,97.69881349423521
Laser1.png,2072.0,1434.1611328125,-2.3703482624122563,-2.143123909991952,97.69927281241914
Laser1.png,2073.0,1434.04443359375,-2.365963814920332,-2.143647990159481,97.69967002964853
Laser1.png,2074.0,1433.7227783203125,-2.3615679039349073,-2.1450674283247406,97.69958694428153
Laser1.png,2075.0,1433.67138671875,-2.357187279790437,-2.1453062565367897,97.70013715450764
Laser1.png,2076.0,1433.592041015625,-2.352805028681034,-2.1456672142884963,97.70062185981669
Laser1.png,2077.0,1433.382568359375,-2.348415405645763,-2.1465965416476736,97.70080168570777
Laser1.png,2078.0,1433.576904296875,-2.3440482888126652,-2.1457617741781143,97.7019278486178
Laser1.png,2079.0,1433.6087646484375,-2.3396719516030635,-2.145636923299773,97.70267320676703
Laser1.png,2080.0,1433.841796875,-2.3353068158945995,-2.1446332312587613,97.70389001511037
Laser1.png,2081.0,1433.8594970703125,-2.3309297135624565,-2.144570244334152,97.70460218301062
Laser1.png,2082.0,1433.903564453125,-2.3265538388767895,-2.1443919587706333,97.70537623980873
Laser1.png,2083.0,1434.1553955078125,-2.322189467085744,-2.1433060201162033,97.7066372130256
Laser1.png,2084.0,1434.20947265625,-2.317814167298539,-2.1430841898006756,97.70743462611877
Laser1.png,2085.0,1434.437255859375,-2.313448256457316,-2.142103261937796,97.70863929787727
Laser1.png,2086.0,1434.662841796875,-2.309082114810447,-2.141132023630175,97.70983878834701
Laser1.png,2087.0,1434.8504638671875,-2.3047139509263075,-2.1403264369261827,97.71094940198634
Laser1.png,2088.0,1434.7989501953125,-2.3003324902779085,-2.1405658058746404,97.71149945068957
Laser1.png,2089.0,1434.7000732421875,-2.2959483725954017,-2.1410120490944564,97.7119385258062
Laser1.png,2090.0,1434.8245849609375,-2.291576493690512,-2.1404823960345722,97.71290114683107
Laser1.png,2091.0,1434.71630859375,-2.2871917587293513,-2.1409696603710198,97.7133182309962
Laser1.png,2092.0,1434.67431640625,-2.2828106140395468,-2.1411674838019787,97.71389059969009
Laser1.png,2093.0,1434.824462890625,-2.27843992032503,-2.1405257477491055,97.71491338482257
Laser1.png,2094.0,1434.800048828125,-2.274059614148188,-2.1406465767430265,97.7155270789526
Laser1.png,2095.0,1434.840576171875,-2.269682785904089,-2.1404838905582553,97.71629288448727
Laser1.png,2096.0,1434.8665771484375,-2.265305101484697,-2.140384525978987,97.71702472905272
Laser1.png,2097.0,1434.7554931640625,-2.2609200988589286,-2.140884042942147,97.71743525763088
Laser1.png,2098.0,1434.6402587890625,-2.256534650681224,-2.141401914369714,97.71783597283331
Laser1.png,2099.0,1434.7127685546875,-2.252159312307345,-2.141099267824157,97.71867690500466
Laser1.png,2100.0,1434.63720703125,-2.2477760940827505,-2.1414437216964757,97.71917064619689
Laser1.png,2101.0,1434.5137939453125,-2.2433902567657804,-2.1419972244453453,97.71955223707167
Laser1.png,2102.0,1434.5489501953125,-2.239012720360655,-2.1418579294974975,97.72030555802266
Laser1.png,2103.0,1434.5146484375,-2.234631574277185,-2.1420221296992086,97.72089603036177
Laser1.png,2104.0,1434.55615234375,-2.230254249399185,-2.1418551276319637,97.72166423661113
Laser1.png,2105.0,1434.7557373046875,-2.225885298343555,-2.1409972783044497,97.72280311148427
Laser1.png,2106.0,1434.78076171875,-2.2215071229511785,-2.1409022281716936,97.7235327091429
Laser1.png,2107.0,1434.7857666015625,-2.2171276364499657,-2.140894613938817,97.72421543270097
Laser1.png,2108.0,1434.7774658203125,-2.212747564177585,-2.1409451105823805,97.72486695895165
Laser1.png,2109.0,1434.934814453125,-2.2083760277914957,-2.1402718150693367,97.72590686691449
Laser1.png,2110.0,1434.91455078125,-2.2039951878303774,-2.1403746638939913,97.72653032464532
Laser1.png,2111.0,1434.8656005859375,-2.1996127775587007,-2.140602915858245,97.72708650610753
Laser1.png,2112.0,1435.0439453125,-2.1952421080282725,-2.1398378426782743,97.72817569470577
Laser1.png,2113.0,1435.0184326171875,-2.1908608077208322,-2.139963540987349,97.72878692114332
Laser1.png,2114.0,1434.9874267578125,-2.1864791631905964,-2.140113350303387,97.72938521906431
Laser1.png,2115.0,1435.5958251953125,-2.182130759345172,-2.137468929236407,97.7314828365373
Laser1.png,2116.0,1435.622802734375,-2.1777519694909824,-2.137365387650939,97.73221710138048
Laser1.png,2117.0,1435.6334228515625,-2.1733720800700604,-2.1373332775026586,97.73291307647119
Laser1.png,2118.0,1435.3062744140625,-2.168974915064349,-2.1387771333271863,97.7328170384576
Laser1.png,2119.0,1435.408447265625,-2.164599873289951,-2.138344867047583,97.73372771456567
Laser1.png,2120.0,1435.7108154296875,-2.1602351256179846,-2.1370377543839427,97.73510783060406
Laser1.png,2121.0,1435.8662109375,-2.1558624700406592,-2.1363729837195455,97.73614332203974
Laser1.png,2122.0,1436.0205078125,-2.1514898479833398,-2.135712876796928,97.73717629722806
Laser1.png,2123.0,1436.388427734375,-2.1471281380536262,-2.1341192100958417,97.73871022906407
Laser1.png,2124.0,1436.50390625,-2.1427533126325042,-2.1336287516645998,97.73965220348296
Laser1.png,2125.0,1436.41650390625,-2.1383679922213332,-2.134025066443342,97.74011834745488
Laser1.png,2126.0,1436.6690673828125,-2.1340000377011266,-2.1329355474360896,97.74138180356867
Laser1.png,2127.0,1436.4560546875,-2.1296083624169673,-2.1338807135219144,97.74155341957427
Laser1.png,2128.0,1436.38525390625,-2.1252237422479325,-2.134204337319346,97.74205859334019
Laser1.png,2129.0,1436.26171875,-2.120836574163565,-2.1347584806792224,97.74244004550624
Laser1.png,2130.0,1435.676513671875,-2.1164261077636475,-2.1373303915872963,97.74173870085319
Laser1.png,2131.0,1434.800537109375,-2.1120009696947966,-2.141173012706876,97.74035545347466
Laser1.png,2132.0,1433.4276123046875,-2.107551191230122,-2.147187120639421,97.73780685166632
Laser1.png,2133.0,1432.8907470703125,-2.1031434704917187,-2.1495474073800684,97.73721902430705
Laser1.png,2134.0,1432.8909912109375,-2.0987624845397064,-2.149560723462988,97.73789071090576
Laser1.png,2135.0,1432.62744140625,-2.0943683634772325,-2.150726834868375,97.73794374445157
Laser1.png,2136.0,1432.6766357421875,-2.089989921141044,-2.150526224346948,97.73873021933088
Laser1.png,2137.0,1433.26513671875,-2.085638035084936,-2.147968682263011,97.74078159898198
Laser1.png,2138.0,1433.9437255859375,-2.0812906447511406,-2.1450175011489896,97.7430442252433
Laser1.png,2139.0,1435.1365966796875,-2.0769683195894775,-2.139818599952106,97.7465131856534
Laser1.png,2140.0,1435.591552734375,-2.0726093522222615,-2.137844414808434,97.74825157137005
Laser1.png,2141.0,1436.079833984375,-2.068251701496856,-2.1357245696598293,97.75006817937015
Laser1.png,2142.0,1436.4840087890625,-2.063889904182783,-2.133972321000597,97.7516875084926
Laser1.png,2143.0,1436.7210693359375,-2.0595198861327524,-2.132950341059605,97.75291491995647
Laser1.png,2144.0,1436.966552734375,-2.0551499910876503,-2.131891621193969,97.75416209388142
Laser1.png,2145.0,1436.9927978515625,-2.050769377911468,-2.131791072659521,97.75489502973826
Laser1.png,2146.0,1436.9622802734375,-2.046385910717485,-2.1319387116182162,97.75549477865479
Laser1.png,2147.0,1437.50341796875,-2.0420302199401377,-2.129587680899738,97.75743555795522
Laser1.png,2148.0,1437.6966552734375,-2.0376575281326734,-2.1287570911768663,97.75856033535248
Laser1.png,2149.0,1437.8619384765625,-2.0332833694932493,-2.1280488747476105,97.75961945177718
Laser1.png,2150.0,1437.6954345703125,-2.028892961300099,-2.1287910018255363,97.75990019176447
Laser1.png,2151.0,1437.5992431640625,-2.0245061262048387,-2.12922571205917,97.76034589755206
Laser1.png,2152.0,1437.5374755859375,-2.0201207383674515,-2.129509955701051,97.76087239334737
Laser1.png,2153.0,1437.1138916015625,-2.015717982799992,-2.131375762520326,97.76055003463797
Laser1.png,2154.0,1436.8468017578125,-2.011322808543763,-2.1325576126002246,97.76059475735968
Laser1.png,2155.0,1436.2901611328125,-2.006913868663528,-2.1350049286717194,97.75996026055411
Laser1.png,2156.0,1435.8466796875,-2.0025102400218797,-2.1369578102563564,97.75959115431058
Laser1.png,2157.0,1435.832275390625,-1.9981270381414178,-2.137035115482017,97.76022873122521
Laser1.png,2158.0,1435.8314208984375,-1.993744610741771,-2.137053027011577,97.76089816690187
Laser1.png,2159.0,1435.58203125,-1.9893502560515735,-2.1381574919981423,97.76098442833292
Laser1.png,2160.0,1435.510986328125,-1.9849643904453285,-2.1384822809158384,97.76148916776133
Laser1.png,2161.0,1435.40087890625,-1.9805764407345618,-2.13897787698427,97.76190226409474
Laser1.png,2162.0,1435.0697021484375,-1.9761783326651732,-2.1404397963342747,97.76179664644485
Laser1.png,2163.0,1434.9002685546875,-1.971787705897109,-2.1411947535130635,97.76207051231466
Laser1.png,2164.0,1434.6241455078125,-1.9673920174339692,-2.142416041891708,97.76209408033465
Laser1.png,2165.0,1434.556640625,-1.9630061554915101,-2.1427253782292746,97.76260713917819
Laser1.png,2166.0,1434.7249755859375,-1.9586311501940772,-2.1420039651254847,97.76367349215438
Laser1.png,2167.0,1434.8206787109375,-1.9542528264035248,-2.141599848788317,97.76456952032719
Laser1.png,2168.0,1434.96728515625,-1.9498766204397129,-2.1409734420720916,97.7655849059849
Laser1.png,2169.0,1435.525146484375,-1.9455195278679183,-2.138549090352774,97.76756538001598
Laser1.png,2170.0,1435.7237548828125,-1.941145521774632,-2.1376951182158344,97.76870295063502
Laser1.png,2171.0,1436.079833984375,-1.9367787329151904,-2.136152808030534,97.77021001808652
Laser1.png,2172.0,1436.316162109375,-1.932406437626172,-2.135133901276434,97.77143612775403
Laser1.png,2173.0,1436.6650390625,-1.9280390585315248,-2.1336230098467266,97.77292637016961
Laser1.png,2174.0,1436.8140869140625,-1.9236625018447757,-2.1329856655114736,97.77394769920978
Laser1.png,2175.0,1436.96484375,-1.919285931490771,-2.132340927338767,97.77497301135996
Laser1.png,2176.0,1437.011474609375,-1.9149044851743144,-2.1321512530944866,97.77575406340777
Laser1.png,2177.0,1437.028564453125,-1.9105216131641651,-2.1320908272090215,97.77646574643376
Laser1.png,2178.0,1436.9942626953125,-1.906136326330197,-2.132255061513394,97.77705684204183
Laser1.png,2179.0,1436.9368896484375,-1.9017499339522264,-2.1325201075961604,97.77759382985143
Laser1.png,2180.0,1436.7325439453125,-1.8973569806174428,-2.133427818382794,97.77778581059103
Laser1.png,2181.0,1436.7235107421875,-1.8929727036896884,-2.133481532009603,97.77843625628553
Laser1.png,2182.0,1436.9505615234375,-1.8885990692726984,-2.1325031908166605,97.77964073213612
Laser1.png,2183.0,1436.9776611328125,-1.8842162840820245,-2.1323990196025955,97.780375955082
Laser1.png,2184.0,1436.98095703125,-1.879832359109739,-2.1323989006840365,97.78105533077452
Laser1.png,2185.0,1436.9713134765625,-1.8754479727910567,-2.132455309030836,97.78170434252776
Laser1.png,2186.0,1436.9342041015625,-1.8710621132093392,-2.132631796101485,97.7822889297479
Laser1.png,2187.0,1436.6673583984375,-1.8666660880846935,-2.1338128288068385,97.78233422440708
Laser1.png,2188.0,1436.638916015625,-1.862280717718437,-2.1339513390845175,97.78293918329712
Laser1.png,2189.0,1436.5516357421875,-1.8578924856149566,-2.1343472896302793,97.78340597456113
Laser1.png,2190.0,1436.477294921875,-1.853504970285176,-2.1346865349052546,97.78390318602642
Laser1.png,2191.0,1436.045166015625,-1.8491017101218847,-2.1365902080589114,97.78356051750355
Laser1.png,2192.0,1435.972900390625,-1.8447140527086132,-2.1369204646358244,97.78406259068292
Laser1.png,2193.0,1435.9019775390625,-1.8403265918770277,-2.137244783153047,97.78456783057285
Laser1.png,2194.0,1435.5828857421875,-1.8359281473576818,-2.1386542962904405,97.78449048162643
Laser1.png,2195.0,1435.339599609375,-1.8315332258643708,-2.1397322045659157,97.78459112955895
Laser1.png,2196.0,1435.271484375,-1.8271456125901793,-2.1400444783807844,97.7851028781829
Laser1.png,2197.0,1435.4803466796875,-1.8227702561438037,-2.139145542579706,97.7862648673957
Laser1.png,2198.0,1435.936279296875,-1.8184053979696124,-2.1371664006315654,97.78800683476727
Laser1.png,2199.0,1436.1356201171875,-1.8140292101101463,-2.136309172649458,97.7891464964753
Laser1.png,2200.0,1436.1104736328125,-1.809643351642892,-2.136433305150101,97.78975927228616
Laser1.png,2201.0,1436.1002197265625,-1.8052580823677917,-2.136492445854236,97.79040694970136
Laser1.png,2202.0,1435.8682861328125,-1.8008631712605307,-2.1375209077711412,97.79053421894781
Laser1.png,2203.0,1436.0963134765625,-1.7964880851678542,-2.136538173738291,97.79174128493719
Laser1.png,2204.0,1435.559814453125,-1.7920801814615883,-2.1388983855191523,97.79115352628959
Laser1.png,2205.0,1435.8790283203125,-1.78770869164851,-2.137516875081546,97.79257474432926
Laser1.png,2206.0,1436.2144775390625,-1.7833377693021872,-2.136064387119621,97.79403409017709
Laser1.png,2207.0,1436.061767578125,-1.7789462315302997,-2.1367464819164224,97.79434732779734
Laser1.png,2208.0,1436.1495361328125,-1.7745647297405547,-2.1363769388671523,97.79522523345733
Laser1.png,2209.0,1436.2437744140625,-1.7701834222539505,-2.1359793016879456,97.79611823545896
Laser1.png,2210.0,1436.3314208984375,-1.765801757218967,-2.135610285209765,97.79699588289806
Laser1.png,2211.0,1436.450927734375,-1.7614213594687702,-2.1351020817794555,97.7979482750457
Laser1.png,2212.0,1436.7427978515625,-1.7570479670200658,-2.1338399774732033,97.79930549722319
Laser1.png,2213.0,1436.8621826171875,-1.7526673753714275,-2.133332284975289,97.80025764432001
Laser1.png,2214.0,1437.138916015625,-1.7482933038307664,-2.1321363885105225,97.8015793240803
Laser1.png,2215.0,1437.22900390625,-1.7439112993690271,-2.1317566931653564,97.8024627738341
Laser1.png,2216.0,1437.28466796875,-1.7395277781287695,-2.1315275259534174,97.80326541121757
Laser1.png,2217.0,1437.479736328125,-1.7351499912848305,-2.1306888250062546,97.8043953453647
Laser1.png,2218.0,1437.458251953125,-1.7307632867936387,-2.130797094911699,97.80501679301459
Laser1.png,2219.0,1437.421630859375,-1.7263757185221829,-2.1309714526913828,97.80560279145845
Laser1.png,2220.0,1437.365234375,-1.7219874605364351,-2.1312324262523177,97.806142261082
Laser1.png,2221.0,1437.3297119140625,-1.7176000167317347,-2.131401926092737,97.80673085585224
Laser1.png,2222.0,1437.286865234375,-1.7132120352570992,-2.1316036616504648,97.80730217757254
Laser1.png,2223.0,1437.1204833984375,-1.708819116157718,-2.1323456188805063,97.80758339808719
Laser1.png,2224.0,1437.12744140625,-1.7044332657143824,-2.132329471754729,97.8082717020535
Laser1.png,2225.0,1437.174560546875,-1.7000488122051636,-2.132137571307206,97.80905441871427
Laser1.png,2226.0,1437.241455078125,-1.6956652732110964,-2.1318594101055166,97.80988343820755
Laser1.png,2227.0,1437.0958251953125,-1.6912730304346322,-2.1325106286614757,97.81021340946678
Laser1.png,2228.0,1437.34228515625,-1.6868964580587626,-2.1314469588406095,97.81146428323477
Laser1.png,2229.0,1437.15380859375,-1.682502383108501,-2.1322856504195604,97.81169359911709
Laser1.png,2230.0,1437.1591796875,-1.6781161001036913,-2.1322763452968885,97.81237828623765
Laser1.png,2231.0,1436.8856201171875,-1.6737185448320209,-2.1334870937861523,97.8124078184196
Laser1.png,2232.0,1437.027099609375,-1.6693376229105354,-2.13288262472283,97.81341212316147
Laser1.png,2233.0,1436.9942626953125,-1.664949643114926,-2.1330404416401296,97.81400709130924
Laser1.png,2234.0,1436.8780517578125,-1.6605582837440096,-2.1335631116572986,97.81440613882333
Laser1.png,2235.0,1437.332763671875,-1.6561894115346634,-2.1315887027326803,97.81614617983428
Laser1.png,2236.0,1436.917724609375,-1.6517862522436995,-2.133418097720322,97.8158434885533
Laser1.png,2237.0,1436.541259765625,-1.6473844629821413,-2.1350789226943654,97.81563134649686
Laser1.png,2238.0,1436.1865234375,-1.6429837322205703,-2.1366446560592562,97.81547023967335
Laser1.png,2239.0,1436.0445556640625,-1.6385912050112321,-2.1372799005676764,97.8158088557584
Laser1.png,2240.0,1436.07861328125,-1.6342055546150955,-2.137145291250067,97.8165609111755
Laser1.png,2241.0,1435.775634765625,-1.6298068292440404,-2.1384846718411734,97.81652136653524
Laser1.png,2242.0,1435.7064208984375,-1.6254170488697233,-2.1388017220557023,97.81703087925193
Laser1.png,2243.0,1435.53759765625,-1.6210235275340004,-2.1395543981063736,97.81730642185553
Laser1.png,2244.0,1435.7452392578125,-1.6166444137504898,-2.1386605624184734,97.81846624728253
Laser1.png,2245.0,1435.808349609375,-1.6122595992896025,-2.1383989978718843,97.81928652843987
Laser1.png,2246.0,1435.94580078125,-1.6078775823935065,-2.137812185630715,97.82028149606214
Laser1.png,2247.0,1436.2708740234375,-1.6035025195102854,-2.1364046738378866,97.82171726742487
Laser1.png,2248.0,1436.447265625,-1.5991218004108882,-2.1356474546242867,97.82280378452046
Laser1.png,2249.0,1436.6788330078125,-1.5947430953765875,-2.1346490639955107,97.82401984111249
Laser1.png,2250.0,1437.0137939453125,-1.5903682316703054,-2.133198226215421,97.82547890920287
Laser1.png,2251.0,1437.162109375,-1.5859861286982309,-2.1325637755862656,97.82649953963832
Laser1.png,2252.0,1437.30078125,-1.5816035683341274,-2.1319714574229023,97.82749755597402
Laser1.png,2253.0,1437.3719482421875,-1.5772183608381483,-2.1316745107524513,97.82833694848799
Laser1.png,2254.0,1437.227294921875,-1.5728251088175518,-2.1323215282629215,97.82866933806297
Laser1.png,2255.0,1437.2218017578125,-1.5684370674485486,-2.132359951072586,97.82932859996333
Laser1.png,2256.0,1437.1539306640625,-1.564046443640633,-2.1326710671490785,97.82984143843478
Laser1.png,2257.0,1437.111083984375,-1.5596568917208509,-2.132872856576099,97.8304129744993
Laser1.png,2258.0,1437.0498046875,-1.5552666010652347,-2.1331551597911043,97.83094127477668
Laser1.png,2259.0,1436.979736328125,-1.550875753023152,-2.1334760114075317,97.831448906182
Laser1.png,2260.0,1436.9190673828125,-1.5464853913968288,-2.133755619124693,97.83197866876743
Laser1.png,2261.0,1436.847900390625,-1.5420945918449667,-2.1340813398082776,97.83248367105435
Laser1.png,2262.0,1436.8218994140625,-1.537705416557578,-2.1342092946157805,97.83309490281587
Laser1.png,2263.0,1436.6409912109375,-1.5333104808017315,-2.1350150359139364,97.83334209318457
Laser1.png,2264.0,1436.6329345703125,-1.5289218698000493,-2.1350646460719265,97.83399541985698
Laser1.png,2265.0,1436.65576171875,-1.5245342399698039,-2.1349791671971863,97.83472132916964
Laser1.png,2266.0,1436.696533203125,-1.5201472019500062,-2.134814973901092,97.83548952822075
Laser1.png,2267.0,1436.5157470703125,-1.5157522096536866,-2.1356201957835164,97.83573700701466
Laser1.png,2268.0,1436.497314453125,-1.511362906427379,-2.135715202365492,97.83636599859452
Laser1.png,2269.0,1436.4642333984375,-1.506973108627465,-2.13587415368399,97.83696063766673
Laser1.png,2270.0,1436.43505859375,-1.5025833971419378,-2.136016175248181,97.83756437868755
Laser1.png,2271.0,1436.3577880859375,-1.4981919009901423,-2.1363685846869034,97.83805511914858
Laser1.png,2272.0,1436.11279296875,-1.4937944348914847,-2.137454645364222,97.8381517719621
Laser1.png,2273.0,1436.189697265625,-1.489408384315452,-2.1371324951770165,97.83900486520075
Laser1.png,2274.0,1435.9273681640625,-1.4850102485874745,-2.138294399742299,97.8390607858877
Laser1.png,2275.0,1436.0247802734375,-1.4806248098564472,-2.1378825507273365,97.83996207998774
Laser1.png,2276.0,1435.9599609375,-1.47623353682827,-2.138180579653711,97.84048206544652
Laser1.png,2277.0,1435.9261474609375,-1.471843405534679,-2.1383427946532327,97.8410749989632
Laser1.png,2278.0,1435.940185546875,-1.4674548164566052,-2.138295701279486,97.84178038938317
Laser1.png,2279.0,1436.09423828125,-1.4630710836112524,-2.1376361591077906,97.84281478217174
Laser1.png,2280.0,1436.27197265625,-1.458687996653351,-2.1368730256324855,97.84390485053771
Laser1.png,2281.0,1436.0909423828125,-1.4542924622142457,-2.1376794027915897,97.844151791315
Laser1.png,2282.0,1436.058837890625,-1.4499020935103972,-2.137834055135996,97.84474883350664
Laser1.png,2283.0,1435.82470703125,-1.4455046562536273,-2.138872635946239,97.84487104597532
Laser1.png,2284.0,1435.74560546875,-1.441112572599907,-2.1392331918260465,97.84535749126354
Laser1.png,2285.0,1435.509521484375,-1.4367151211488398,-2.140280246870689,97.84547514323185
Laser1.png,2286.0,1435.4373779296875,-1.432323207494597,-2.140610188980938,97.84597804525283
Laser1.png,2287.0,1435.23486328125,-1.427926776202365,-2.1415106230510674,97.84617448285168
Laser1.png,2288.0,1435.2431640625,-1.4235375369821497,-2.1414885886728845,97.84686648174258
Laser1.png,2289.0,1434.8863525390625,-1.4191358800262057,-2.1430639976911228,97.84670030886943
Laser1.png,2290.0,1434.70361328125,-1.4147401537376016,-2.1438777986966784,97.84694328222514
Laser1.png,2291.0,1434.722412109375,-1.4103511424562678,-2.143809846417467,97.84765996892587
Laser1.png,2292.0,1435.0233154296875,-1.4059715010824008,-2.142507949334674,97.84903958464515
Laser1.png,2293.0,1435.2529296875,-1.4015893366486045,-2.1415178423211514,97.85025171722226
Laser1.png,2294.0,1435.88037109375,-1.3972203248087083,-2.138787128928369,97.85239898954983
Laser1.png,2295.0,1436.3699951171875,-1.3928465088874125,-2.136659454523319,97.85422231786058
Laser1.png,2296.0,1437.0299072265625,-1.3884782100846684,-2.133786556700623,97.85644603468306
Laser1.png,2297.0,1437.388916015625,-1.3840998000863665,-2.1322300078483214,97.85796256927702
Laser1.png,2298.0,1438.0777587890625,-1.3797320935869881,-2.1292304183145494,97.86025440770841
Laser1.png,2299.0,1438.128173828125,-1.375343272202181,-2.1290241557636813,97.86104553404193
Laser1.png,2300.0,1438.295654296875,-1.3709582352141785,-2.1283056476484994,97.8621118773752
Laser1.png,2301.0,1438.24658203125,-1.3665659937463346,-2.128534684700125,97.8626691595247
Laser1.png,2302.0,1438.22705078125,-1.3621747606494847,-2.1286343556154965,97.8632959387761
Laser1.png,2303.0,1438.1942138671875,-1.35778303614407,-2.128792406132107,97.86389136141126
Laser1.png,2304.0,1438.1859130859375,-1.353392056091952,-2.1288430706945776,97.86454448746741
Laser1.png,2305.0,1438.169189453125,-1.3490006542576412,-2.128930493410154,97.86517788754499
Laser1.png,2306.0,1437.9957275390625,-1.3446043138940107,-2.1297038717689314,97.86544272042845
Laser1.png,2307.0,1437.97607421875,-1.3402128117040997,-2.1298040935465106,97.86606924478181
Laser1.png,2308.0,1438.0152587890625,-1.3358230492890568,-2.129647013767071,97.86683403593015
Laser1.png,2309.0,1437.6610107421875,-1.3314208170162303,-2.131211412580283,97.86667388032322
Laser1.png,2310.0,1437.709716796875,-1.3270313529670819,-2.131012719953636,97.86746103044
Laser1.png,2311.0,1437.7401123046875,-1.3226412373866447,-2.1308940266697807,97.86820520824459
Laser1.png,2312.0,1437.957275390625,-1.3182568792658225,-2.129957998591531,97.86938856354811
Laser1.png,2313.0,1437.974853515625,-1.3138662062834796,-2.1298953341505866,97.87010266065846
Laser1.png,2314.0,1438.0252685546875,-1.3094765016555643,-2.1296890559148594,97.87089393230008
Laser1.png,2315.0,1438.0107421875,-1.305084781010722,-2.129766938940147,97.8715325181419
Laser1.png,2316.0,1437.781005859375,-1.3006862774011232,-2.130786692981351,97.87166503256209
Laser1.png,2317.0,1437.6915283203125,-1.2962920399227764,-2.1311925354727266,97.87212742836542
Laser1.png,2318.0,1437.7696533203125,-1.291902962507372,-2.1308649925411425,97.8729838941914
Laser1.png,2319.0,1437.8631591796875,-1.287514284640619,-2.1304700503433303,97.87387658723857
Laser1.png,2320.0,1437.5831298828125,-1.283114192981967,-2.1317098484040646,97.87389087156767
Laser1.png,2321.0,1437.46875,-1.278719098185001,-2.1322247226559012,97.8742946953035
Laser1.png,2322.0,1437.1741943359375,-1.274318450462861,-2.133528135214084,97.87427481446056
Laser1.png,2323.0,1436.83056640625,-1.2699163992451767,-2.135046156623326,97.87413960133406
Laser1.png,2324.0,1436.4893798828125,-1.2655144340549922,-2.136553542575325,97.87401010122325
Laser1.png,2325.0,1436.2015380859375,-1.2611140973885608,-2.1378273990636214,97.8740060857687
Laser1.png,2326.0,1436.140380859375,-1.2567205129239185,-2.1381094935467493,97.87453500882418
Laser1.png,2327.0,1435.9443359375,-1.2523228235524786,-2.13898171479003,97.87474683172759
Laser1.png,2328.0,1436.1893310546875,-1.2479382463916011,-2.137924091304708,97.87599569040827
Laser1.png,2329.0,1436.2864990234375,-1.2435492329315945,-2.137513163658731,97.87689704234715
Laser1.png,2330.0,1436.6219482421875,-1.2391670498829197,-2.1360596012760213,97.87835871158858
Laser1.png,2331.0,1436.613525390625,-1.234774716279523,-2.1361108621330422,97.87901172632735
Laser1.png,2332.0,1437.17724609375,-1.230399056139431,-2.1336581871571143,97.88101032731477
Laser1.png,2333.0,1437.719482421875,-1.2260225841225676,-2.1312994830320457,97.88295845829276
Laser1.png,2334.0,1437.869384765625,-1.2216346036723198,-2.1306577901013894,97.88398389887574
Laser1.png,2335.0,1438.2396240234375,-1.2172528846891824,-2.129051734404252,97.88552760170423
Laser1.png,2336.0,1438.353759765625,-1.2128636543808322,-2.1285666139158512,97.88646893417749
Laser1.png,2337.0,1438.6265869140625,-1.2084788580185366,-2.1273867183804636,97.88778366057869
Laser1.png,2338.0,1438.8612060546875,-1.2040929280864867,-2.1263742233636167,97.88900843079458
Laser1.png,2339.0,1438.86279296875,-1.1997001709868247,-2.126381629334783,97.88968512351715
Laser1.png,2340.0,1438.8333740234375,-1.1953064625911596,-2.1265247493026997,97.89028889247682
Laser1.png,2341.0,1438.7607421875,-1.1909115549113574,-2.1268569336649974,97.89079105116339
Laser1.png,2342.0,1438.681884765625,-1.1865164248672364,-2.1272163364622547,97.89127858934847
Laser1.png,2343.0,1438.5859375,-1.1821207656362502,-2.127650539288406,97.89172593567966
Laser1.png,2344.0,1438.4903564453125,-1.177725075552759,-2.1280833042212115,97.89217406098254
Laser1.png,2345.0,1438.2198486328125,-1.1733244134538996,-2.129281700220458,97.89221072541473
Laser1.png,2346.0,1437.9676513671875,-1.1689243549071453,-2.1303997139785604,97.89229057575396
Laser1.png,2347.0,1437.7550048828125,-1.1645253031897074,-2.1313448894242875,97.89246332973617
Laser1.png,2348.0,1437.57177734375,-1.160127147702303,-2.132161203777317,97.8927053262714
Laser1.png,2349.0,1437.623046875,-1.1557353010496552,-2.1319511110640996,97.89349898362286
Laser1.png,2350.0,1437.3050537109375,-1.1513333486464634,-2.1333573296389843,97.89342395210038
Laser1.png,2351.0,1437.3487548828125,-1.146941280648226,-2.133180407363899,97.89419978411317
Laser1.png,2352.0,1436.5567626953125,-1.1425263812186934,-2.136661237352518,97.89300974589496
Laser1.png,2353.0,1436.055908203125,-1.138119551918475,-2.138867637145552,97.89250463625957
Laser1.png,2354.0,1435.743896484375,-1.1337178203863065,-2.1402477040668733,97.8924436510932
Laser1.png,2355.0,1435.6181640625,-1.129321150666189,-2.1408122714197035,97.89282096309704
Laser1.png,2356.0,1435.4998779296875,-1.1249245563976413,-2.1413444035605806,97.89321572718586
Laser1.png,2357.0,1435.3966064453125,-1.1205284212596784,-2.1418109389562177,97.89364573874943
Laser1.png,2358.0,1435.5084228515625,-1.1161379269533849,-2.1413358129635385,97.89458188584625
Laser1.png,2359.0,1435.4327392578125,-1.1117423378915203,-2.1416816047226153,97.8950768236178
Laser1.png,2360.0,1435.573486328125,-1.1073524645775163,-2.141079951237012,97.89608099945963
Laser1.png,2361.0,1435.552001953125,-1.102958201135014,-2.141188386897212,97.89670352916208
Laser1.png,2362.0,1435.7789306640625,-1.098570439969997,-2.140209495040986,97.89791049051303
Laser1.png,2363.0,1436.02880859375,-1.0941830815873217,-2.139130368923954,97.89917135761175
Laser1.png,2364.0,1436.220703125,-1.0897941839047534,-2.138304809317398,97.90029593787575
Laser1.png,2365.0,1436.630615234375,-1.0854107805032158,-2.1365250330747525,97.90193343638208
Laser1.png,2366.0,1437.7005615234375,-1.0810441958279375,-2.131855970973954,97.90512397890475
Laser1.png,2367.0,1438.197998046875,-1.076662695086641,-2.1296927705917685,97.90696762592512
Laser1.png,2368.0,1438.749267578125,-1.0722824162638045,-2.127293883503424,97.90893798211044
Laser1.png,2369.0,1440.0548095703125,-1.0679211387622083,-2.1215926478189333,97.91268344547196
Laser1.png,2370.0,1440.4547119140625,-1.0635365590389734,-2.1198561752485565,97.91429781067907
Laser1.png,2371.0,1440.6221923828125,-1.0591460095215166,-2.1191371752854993,97.91536527302793
Laser1.png,2372.0,1440.7449951171875,-1.0547543216421156,-2.1186139507705577,97.91632750229591
Laser1.png,2373.0,1440.4034423828125,-1.0503509175985086,-2.120123449895039,97.91619708736786
Laser1.png,2374.0,1440.4521484375,-1.0459572436594655,-2.11992456659138,97.91698499249306
Laser1.png,2375.0,1440.352783203125,-1.04155979206938,-2.120373993904124,97.91742441938679
Laser1.png,2376.0,1440.0616455078125,-1.0371576126931996,-2.121662838346452,97.91741261965083
Laser1.png,2377.0,1439.866455078125,-1.032757723886648,-2.1225317997836486,97.91762653851379
Laser1.png,2378.0,1439.483642578125,-1.0283533609370124,-2.1242221374357215,97.91739890503851
Laser1.png,2379.0,1439.100341796875,-1.0239489162711561,-2.1259144506212695,97.91717022055825
Laser1.png,2380.0,1438.6331787109375,-1.0195425267778107,-2.1279741630560136,97.9167440222243
Laser1.png,2381.0,1438.13623046875,-1.0151353592145331,-2.1301640165022873,97.91624787389351
Laser1.png,2382.0,1437.6822509765625,-1.0107293706916336,-2.1321658236535095,97.91585279080736
Laser1.png,2383.0,1437.463623046875,-1.00632901858301,-2.133137368496878,97.91601154847282
Laser1.png,2384.0,1437.2879638671875,-1.0019296874484782,-2.1339207134279614,97.91627147858671
Laser1.png,2385.0,1436.9979248046875,-0.9975275903506141,-2.135204854041488,97.91626219873824
Laser1.png,2386.0,1437.1639404296875,-0.9931362887689333,-2.13449249650149,97.91732620120787
Laser1.png,2387.0,1437.2213134765625,-0.9887423102486231,-2.134255688635365,97.91813457288387
Laser1.png,2388.0,1437.2923583984375,-0.9843486736789713,-2.1339590248569964,97.9189751192112
Laser1.png,2389.0,1437.54296875,-0.979959008348004,-2.132876340684926,97.92023825951247
Laser1.png,2390.0,1437.6055908203125,-0.975565005009255,-2.1326164361101245,97.92105907077108
Laser1.png,2391.0,1437.609375,-0.9711694623946968,-2.1326143320826607,97.92174131549982
Laser1.png,2392.0,1437.9697265625,-0.9667821451784163,-2.1310509557168693,97.92326290638476
Laser1.png,2393.0,1437.9732666015625,-0.9623864367265496,-2.131049922464376,97.92394460028386
Laser1.png,2394.0,1438.0084228515625,-0.9579914873080044,-2.1309102461294853,97.92470082481714
Laser1.png,2395.0,1438.255859375,-0.9536012436555191,-2.1298413415899096,97.92595663549841
Laser1.png,2396.0,1438.3519287109375,-0.949207434592804,-2.1294349970755526,97.92685626288942
Laser1.png,2397.0,1438.4390869140625,-0.9448134329296134,-2.129067769298669,97.92773485887925
Laser1.png,2398.0,1438.6756591796875,-0.9404226384999228,-2.128046407356761,97.92896515700647
Laser1.png,2399.0,1438.70556640625,-0.9360271755309525,-2.1279297793220637,97.92970905144428
Laser1.png,2400.0,1438.4825439453125,-0.9316260729045766,-2.128920566416291,97.9298575649878
Laser1.png,2401.0,1438.607421875,-0.927232528477805,-2.1283881651334875,97.93082502289545
Laser1.png,2402.0,1438.394775390625,-0.9228315916406461,-2.1293337081788084,97.93099787106354
Laser1.png,2403.0,1438.589111328125,-0.9184394428717074,-2.128497129262313,97.93212888812025
Laser1.png,2404.0,1438.251708984375,-0.9140357824399665,-2.1299888277951196,97.9320080971208
Laser1.png,2405.0,1438.229248046875,-0.9096388371024978,-2.1301015594137405,97.93262872936539
Laser1.png,2406.0,1437.824951171875,-0.9052336187678721,-2.1318860763234477,97.93235052041207
Laser1.png,2407.0,1437.6181640625,-0.9008327020610135,-2.1328058570365673,97.93253723642356
Laser1.png,2408.0,1437.568359375,-0.8964350600870585,-2.133038328496067,97.93309350625427
Laser1.png,2409.0,1437.7059326171875,-0.8920413858646177,-2.1324504158958804,97.9340908726947
Laser1.png,2410.0,1437.720703125,-0.8876450930253463,-2.132400167885052,97.93479915537266
Laser1.png,2411.0,1437.73486328125,-0.8832486332712408,-2.1323524437671604,97.93550610499975
Laser1.png,2412.0,1437.81201171875,-0.8788534402460828,-2.1320290251143796,97.93636129787541
Laser1.png,2413.0,1438.0579833984375,-0.8744617195971276,-2.13096631831206,97.93761400043728
Laser1.png,2414.0,1438.1185302734375,-0.8700660072750326,-2.1307157279992808,97.93843006152386
Laser1.png,2415.0,1438.1690673828125,-0.8656700143143792,-2.1305087702231584,97.93922267345324
Laser1.png,2416.0,1438.2303466796875,-0.8612742638229742,-2.130254745622849,97.94004058954447
Laser1.png,2417.0,1438.310546875,-0.8568787381737805,-2.129917949951379,97.94090303642037
Laser1.png,2418.0,1439.4232177734375,-0.8525040220859171,-2.1250598096945237,97.94419664246502
Laser1.png,2419.0,1439.9779052734375,-0.8481178166615349,-2.1226449485215175,97.94617651777915
Laser1.png,2420.0,1440.577880859375,-0.843732351918449,-2.1200317919112623,97.94826304461012
Laser1.png,2421.0,1440.814697265625,-0.8393394637921268,-2.119008839584439,97.94949452346191
Laser1.png,2422.0,1440.947998046875,-0.8349444773125206,-2.118439441683776,97.9504821245532
Laser1.png,2423.0,1441.0526123046875,-0.8305487387831573,-2.117995557517085,97.95140226303592
Laser1.png,2424.0,1441.0450439453125,-0.8261507806908414,-2.118042947402597,97.95205823352774
Laser1.png,2425.0,1441.01123046875,-0.8217522446199288,-2.1182054037571776,97.9526523394573
Laser1.png,2426.0,1440.885986328125,-0.8173519497853129,-2.118768248537558,97.95303114065919
Laser1.png,2427.0,1440.5352783203125,-0.812947214188536,-2.1203185312285218,97.95287897336196
Laser1.png,2428.0,1440.1898193359375,-0.8085425939424628,-2.121845904603177,97.95273912303155
Laser1.png,2429.0,1439.4093017578125,-0.8041296661098142,-2.1252786368085643,97.95157467612725
Laser1.png,2430.0,1438.99658203125,-0.7997238241360105,-2.1271004825725686,97.95127646519701
Laser1.png,2431.0,1439.0118408203125,-0.7953261014937095,-2.1270480229188147,97.95198616022374
Laser1.png,2432.0,1438.88232421875,-0.7909256537353646,-2.1276294734989554,97.95235496738164
Laser1.png,2433.0,1439.010498046875,-0.7865299541855028,-2.127082508838363,97.95333060045492
Laser1.png,2434.0,1439.173095703125,-0.7821347233378549,-2.1263847619834984,97.95438734509499
Laser1.png,2435.0,1439.34130859375,-0.7777395934982123,-2.1256624719509887,97.95545728862844
Laser1.png,2436.0,1439.5634765625,-0.7733453714718196,-2.1247037213125353,97.95665440668245
Laser1.png,2437.0,1439.8016357421875,-0.768951246325843,-2.123674968632363,97.95788920024478
Laser1.png,2438.0,1440.0140380859375,-0.7645566276289554,-2.122759095865718,97.95906329344822
Laser1.png,2439.0,1440.22509765625,-0.7601618795001752,-2.121848972799001,97.96023431095263
Laser1.png,2440.0,1440.5794677734375,-0.7557695393705761,-2.1203111480183874,97.96174292267158
Laser1.png,2441.0,1440.8436279296875,-0.7513755257301151,-2.119168291170561,97.96303913495595
Laser1.png,2442.0,1440.924560546875,-0.7469781036253345,-2.1188282521032304,97.96390362200755
Laser1.png,2443.0,1440.90625,-0.7425788781437834,-2.118922731357202,97.96453443501586
Laser1.png,2444.0,1440.903076171875,-0.7381799105599587,-2.1189508332502776,97.9652009469803
Laser1.png,2445.0,1440.8193359375,-0.7337794148843959,-2.1193321139893317,97.96567753706948
Laser1.png,2446.0,1440.5340576171875,-0.729375433639811,-2.1205959796224123,97.9656794656403
Laser1.png,2447.0,1440.4190673828125,-0.7249743750544899,-2.1211139949643374,97.96608252226908
Laser1.png,2448.0,1440.0577392578125,-0.7205691031406182,-2.1227110167214946,97.9659052728148
Laser1.png,2449.0,1439.6802978515625,-0.7161635236139018,-2.1243787386048556,97.96569000464339
Laser1.png,2450.0,1439.2547607421875,-0.711757186535321,-2.126256944207941,97.9653615251506
Laser1.png,2451.0,1439.0035400390625,-0.7073537983119419,-2.1273716414105115,97.96544367714114
Laser1.png,2452.0,1438.586669921875,-0.7029476480236512,-2.1292119554153848,97.96513557031
Laser1.png,2453.0,1438.2247314453125,-0.6985424481686276,-2.1308116525446237,97.96495686921517
Laser1.png,2454.0,1437.836181640625,-0.6941368203696985,-2.1325278576916267,97.96471550415035
Laser1.png,2455.0,1437.67578125,-0.6897349523599748,-2.1332448560721065,97.96501154969586
Laser1.png,2456.0,1437.5711669921875,-0.6853339317019848,-2.133717468699562,97.96543904619084
Laser1.png,2457.0,1437.490966796875,-0.6809333180424079,-2.1340831303570162,97.96592406419289
Laser1.png,2458.0,1437.623046875,-0.6765360230679242,-2.13351901939501,97.9669091764022
Laser1.png,2459.0,1437.6475830078125,-0.6721369467679864,-2.1334260151496403,97.96764091121638
Laser1.png,2460.0,1437.9271240234375,-0.6677418085309977,-2.13221598503844,97.96897346521152
Laser1.png,2461.0,1438.051513671875,-0.6633441667644524,-2.131685567223306,97.96994049008373
Laser1.png,2462.0,1438.41552734375,-0.6589501441000358,-2.1301055331216903,97.97147208887542
Laser1.png,2463.0,1438.605224609375,-0.654553285838161,-2.129288999504714,97.97259304289598
Laser1.png,2464.0,1438.8121337890625,-0.6501565960856527,-2.128397047298637,97.97375457770468
Laser1.png,2465.0,1439.1627197265625,-0.6457620332808626,-2.126875706263889,97.97525465865512
Laser1.png,2466.0,1439.2742919921875,-0.6413636950592002,-2.126401302747526,97.97619163221096
Laser1.png,2467.0,1439.23046875,-0.6369629376644095,-2.1266076841454224,97.97676243221096
Laser1.png,2468.0,1439.330810546875,-0.6325642765851461,-2.1261825178017637,97.97767294550184
Laser1.png,2469.0,1439.619140625,-0.6281683280387206,-2.1249338408046583,97.97902643332655
Laser1.png,2470.0,1439.740234375,-0.6237697949300387,-2.124417728517203,97.97998589393026
Laser1.png,2471.0,1439.828857421875,-0.6193706923173224,-2.1240437614558956,97.98086890890596
Laser1.png,2472.0,1439.8795166015625,-0.6149709944548022,-2.123836118018621,97.98166246410278
Laser1.png,2473.0,1439.8592529296875,-0.6105701834404588,-2.1239393056821445,97.98228883401303
Laser1.png,2474.0,1439.79345703125,-0.6061686521882297,-2.124242021047596,97.98280788576231
Laser1.png,2475.0,1439.8677978515625,-0.6017691030213161,-2.1239306421325366,97.98365727120526
Laser1.png,2476.0,1439.77685546875,-0.5973671483654704,-2.124343409080214,97.98411713455698
Laser1.png,2477.0,1439.8687744140625,-0.5929676692927937,-2.123954992963035,97.98500798753209
Laser1.png,2478.0,1439.79052734375,-0.5885657921856906,-2.124312199979829,97.985497753462
Laser1.png,2479.0,1439.708251953125,-0.5841638143749487,-2.1246870906315953,97.98597801376835
Laser1.png,2480.0,1439.823486328125,-0.579764456705797,-2.124196557678673,97.98692382970891
Laser1.png,2481.0,1439.9146728515625,-0.5753647268973859,-2.123811376383794,97.98781297984281
Laser1.png,2482.0,1439.84765625,-0.5709627896054642,-2.1241195203979055,97.98832917161539
Laser1.png,2483.0,1439.73828125,-0.5665602296420884,-2.1246129529926794,97.98874569674052
Laser1.png,2484.0,1439.688720703125,-0.5621584407010035,-2.124844427919527,97.9893031457185
Laser1.png,2485.0,1439.618408203125,-0.5577563227006032,-2.1251670152936466,97.9898115888945
Laser1.png,2486.0,1439.6243896484375,-0.5533551751419044,-2.1251551141394027,97.99049997711005
Laser1.png,2487.0,1439.63525390625,-0.5489540299044271,-2.1251219234984577,97.99119982765777
Laser1.png,2488.0,1439.6390380859375,-0.5445526834378355,-2.1251197646499023,97.99188300123993
Laser1.png,2489.0,1439.446533203125,-0.5401488169581696,-2.1259774855254125,97.99210358861036
Laser1.png,2490.0,1439.4095458984375,-0.5357468887643648,-2.12615394815392,97.99269067890452
Laser1.png,2491.0,1439.1751708984375,-0.5313424765276538,-2.1271951644802316,97.99281255316677
Laser1.png,2492.0,1438.9801025390625,-0.5269385056542162,-2.1280642645260075,97.99302702993725
Laser1.png,2493.0,1438.905517578125,-0.5225359842955257,-2.1284054640272534,97.99352551446859
Laser1.png,2494.0,1438.9161376953125,-0.5181344804838454,-2.1283731976779734,97.99422492292182
Laser1.png,2495.0,1439.0067138671875,-0.5137339010162899,-2.12799091219092,97.99511264555306
Laser1.png,2496.0,1439.13916015625,-0.5093337553998336,-2.1274249475956033,97.99609919751776
Laser1.png,2497.0,1439.2584228515625,-0.5049333155423713,-2.12691670840967,97.99705471454429
Laser1.png,2498.0,1439.5958251953125,-0.5005354156020294,-2.125452901004445,97.9985243353268
Laser1.png,2499.0,1439.9700927734375,-0.496137778491801,-2.123827379676539,98.00008098544154
Laser1.png,2500.0,1440.0938720703125,-0.49173713034076333,-2.1232992364395806,98.00104725148938
Laser1.png,2501.0,1440.6593017578125,-0.48734148117500325,-2.1208360216005615,98.00305462475514
Laser1.png,2502.0,1441.0238037109375,-0.4829433634004883,-2.11925311792772,98.00458840314056
Laser1.png,2503.0,1442.55224609375,-0.47855818771846553,-2.1125697039079916,98.0088663944036
Laser1.png,2504.0,1443.3853759765625,-0.47416492601305793,-2.1089328358339046,98.01150531644937
Laser1.png,2505.0,1443.7315673828125,-0.4697660161204152,-2.107429740582141,98.01299624710337
Laser1.png,2506.0,1444.1990966796875,-0.46536828454552487,-2.105395084966089,98.01477319806288
Laser1.png,2507.0,1444.1226806640625,-0.46096449843600185,-2.105744185878797,98.0152676242935
Laser1.png,2508.0,1443.7547607421875,-0.45655755717321994,-2.107370913539944,98.0150746392516
Laser1.png,2509.0,1443.493408203125,-0.4521517464933299,-2.1085307383029797,98.01513286901947
Laser1.png,2510.0,1442.39404296875,-0.44773713232675977,-2.11336302513469,98.01321513479672
Laser1.png,2511.0,1441.7159423828125,-0.4433270921460932,-2.11634916022789,98.01229069738795
Laser1.png,2512.0,1440.284423828125,-0.4389093166598865,-2.1226368903204853,98.00958981282787
Laser1.png,2513.0,1439.8310546875,-0.43450182655514435,-2.124637928168483,98.009195376628
Laser1.png,2514.0,1439.8140869140625,-0.4300987501915553,-2.1247267134394203,98.00982985210631
Laser1.png,2515.0,1439.646484375,-0.4256941202127174,-2.125475416701614,98.01010925508112
Laser1.png,2516.0,1439.6634521484375,-0.42129128967552737,-2.125415514393411,98.01082374887862
Laser1.png,2517.0,1439.6370849609375,-0.4168880060822376,-2.1255454497304833,98.01143610043721
Laser1.png,2518.0,1439.4681396484375,-0.4124832527710097,-2.1263001225984235,98.01171230836609
Laser1.png,2519.0,1439.4700927734375,-0.4080801519629214,-2.126306091571719,98.01239137760817
Laser1.png,2520.0,1439.4971923828125,-0.40367718927738105,-2.1262016209847316,98.01312988834887
Laser1.png,2521.0,1439.67578125,-0.399275615103526,-2.125433419110317,98.01422555033277
Laser1.png,2522.0,1439.6766357421875,-0.3948722540935858,-2.1254440743771195,98.0149021366989
Laser1.png,2523.0,1439.6640625,-0.3904687517952536,-2.1255135604081397,98.01554706928056
Laser1.png,2524.0,1439.6295166015625,-0.3860649873027267,-2.1256794148333595,98.01614015579065
Laser1.png,2525.0,1439.3709716796875,-0.38165915855317295,-2.126826811030109,98.01620508015093
Laser1.png,2526.0,1439.3511962890625,-0.377255422559776,-2.1269278882575713,98.01683303960331
Laser1.png,2527.0,1439.5673828125,-0.3728537239702241,-2.1259948997179,98.01801744535213
Laser1.png,2528.0,1439.5164794921875,-0.36844959697498403,-2.1262324067740352,98.0185720088027
Laser1.png,2529.0,1439.8070068359375,-0.3640483421024662,-2.1249736437266007,98.01993174940412
Laser1.png,2530.0,1439.962158203125,-0.3596458394977571,-2.124308064275711,98.02097230125688
Laser1.png,2531.0,1440.4134521484375,-0.35524568353215075,-2.1223444770565627,98.02271136322044
Laser1.png,2532.0,1440.474365234375,-0.35084218976140924,-2.1220919715673228,98.02352966125228
Laser1.png,2533.0,1440.4700927734375,-0.346438079448294,-2.1221249843599272,98.024194325981
Laser1.png,2534.0,1440.437255859375,-0.3420336966934559,-2.1222834330478637,98.02479149569331
Laser1.png,2535.0,1440.2159423828125,-0.33762775230525677,-2.1232677727336093,98.02494423090828
Laser1.png,2536.0,1440.53857421875,-0.3332260640455623,-2.121868107692983,98.026379903159
Laser1.png,2537.0,1440.467529296875,-0.32882120057862424,-2.1221938695715177,98.0268870625415
Laser1.png,2538.0,1440.4324951171875,-0.3244165727930804,-2.1223617083829653,98.02747921438944
Laser1.png,2539.0,1440.3978271484375,-0.3200118943296986,-2.12252810531464,98.02807215042752
Laser1.png,2540.0,1440.3555908203125,-0.3156071053540556,-2.122727533807599,98.02864731872684
Laser1.png,2541.0,1440.2708740234375,-0.3112019692817682,-2.1231132302236158,98.02912225037919
Laser1.png,2542.0,1440.2392578125,-0.30679715955436476,-2.1232662781757012,98.0297223941189
Laser1.png,2543.0,1440.2330322265625,-0.30239250357716285,-2.1233079644783106,98.0303824734072
Laser1.png,2544.0,1440.2640380859375,-0.2979880323884107,-2.1231864855130858,98.03113037555434
Laser1.png,2545.0,1440.3392333984375,-0.2935837833187782,-2.1228713335183476,98.03198252077404
Laser1.png,2546.0,1440.4691162109375,-0.28917983849542167,-2.122316294974042,98.03296377863767
Laser1.png,2547.0,1440.7315673828125,-0.2847766907584506,-2.121180394496867,98.03425766084598
Laser1.png,2548.0,1441.0460205078125,-0.2803737779613265,-2.1198163058425887,98.03567436779637
Laser1.png,2549.0,1441.2080078125,-0.275969747809019,-2.119120780885538,98.03673127961893
Laser1.png,2550.0,1441.495849609375,-0.2715664225307743,-2.1178734190557877,98.03808520239329
Laser1.png,2551.0,1441.610595703125,-0.26716188572723615,-2.117384725000074,98.0390308307677
Laser1.png,2552.0,1441.7154541015625,-0.2627572242808481,-2.1169393452567276,98.03995315715102
Laser1.png,2553.0,1441.785888671875,-0.25835228848881076,-2.1166450504934153,98.04079417882502
Laser1.png,2554.0,1441.8907470703125,-0.2539474649386743,-2.1161996557805156,98.04171653838705
Laser1.png,2555.0,1441.970947265625,-0.24954241037958122,-2.1158623852852254,98.04258071747121
Laser1.png,2556.0,1442.2105712890625,-0.2451381957243167,-2.114826299054259,98.0438210229874
Laser1.png,2557.0,1442.08935546875,-0.24073187035344315,-2.1153721427682837,98.0442099123711
Laser1.png,2558.0,1442.296630859375,-0.23632728720128154,-2.114477747924244,98.04537398546844
Laser1.png,2559.0,1442.3009033203125,-0.2319215348111174,-2.1144733465993206,98.04605904916586
Laser1.png,2560.0,1442.2884521484375,-0.22751560649044927,-2.1145422407661822,98.04670467634382
Laser1.png,2561.0,1442.1064453125,-0.22310877808605512,-2.115354562456943,98.04695016652244
Laser1.png,2562.0,1442.0863037109375,-0.21870271115811063,-2.1154572224236703,98.04757763498614
Laser1.png,2563.0,1442.134033203125,-0.21429696065205356,-2.115262365722627,98.04836524343274
Laser1.png,2564.0,1442.348388671875,-0.20989193554802807,-2.114336879389576,98.04954612530169
Laser1.png,2565.0,1442.22119140625,-0.20548518353549233,-2.114908930791584,98.04992097004441
Laser1.png,2566.0,1442.23583984375,-0.2010790615299871,-2.1148590368177027,98.05063058518144
Laser1.png,2567.0,1442.2386474609375,-0.1966728196114142,-2.1148611373191644,98.05131222401849
Laser1.png,2568.0,1442.398681640625,-0.19226719849891763,-2.114173752818398,98.05236499938155
Laser1.png,2569.0,1442.4134521484375,-0.18786088278316349,-2.114123491156709,98.05307484250555
Laser1.png,2570.0,1442.2000732421875,-0.18345354181646695,-2.115073257241062,98.05324640925643
Laser1.png,2571.0,1442.1856689453125,-0.1790469970484099,-2.115150826373869,98.05388746117828
Laser1.png,2572.0,1442.2020263671875,-0.17464051271849576,-2.115093349257133,98.05460121537739
Laser1.png,2573.0,1442.035888671875,-0.17023326195066474,-2.115836228168639,98.05488416040556
Laser1.png,2574.0,1441.9989013671875,-0.1658264784952083,-2.1160127424512902,98.0554719752358
Laser1.png,2575.0,1441.89013671875,-0.16141937476206672,-2.1165039503897307,98.05589040224152
Laser1.png,2576.0,1441.7623291015625,-0.15701217293341388,-2.1170785746566634,98.05626393140285
Laser1.png,2577.0,1441.4342041015625,-0.15260424734907896,-2.1185315545568852,98.05616464820852
Laser1.png,2578.0,1441.3037109375,-0.14819698992001637,-2.119118104074142,98.05653176518855
Laser1.png,2579.0,1441.0150146484375,-0.14378918633541066,-2.120398125943335,98.05652558720504
Laser1.png,2580.0,1441.1473388671875,-0.13938271567457852,-2.1198324518228575,98.05751296287028
Laser1.png,2581.0,1441.1121826171875,-0.13497563501467347,-2.120001050760514,98.0581050855363
Laser1.png,2582.0,1441.1048583984375,-0.13056860015516908,-2.1200474211837883,98.05876301141895
Laser1.png,2583.0,1441.0819091796875,-0.12616145863971973,-2.1201624006611444,98.05938401332087
Laser1.png,2584.0,1440.87158203125,-0.12175374634296075,-2.121099058395945,98.05956269541275
Laser1.png,2585.0,1440.847412109375,-0.11734650957256887,-2.121219461936854,98.06018079164896
Laser1.png,2586.0,1440.7919921875,-0.11293914380408232,-2.1214767236601393,98.06072522065023
Laser1.png,2587.0,1440.5858154296875,-0.10853135799174966,-2.1223951611498246,98.06091372428361
Laser1.png,2588.0,1440.5240478515625,-0.10412390575634227,-2.1226804164984454,98.06144309434714
Laser1.png,2589.0,1440.498779296875,-0.09971647077426103,-2.122805526635566,98.06205868717032
Laser1.png,2590.0,1440.468994140625,-0.09530898147814149,-2.122950498996089,98.06266359418541
Laser1.png,2591.0,1440.67578125,-0.09090190398061719,-2.1220583728067157,98.06382683230463
Laser1.png,2592.0,1440.699951171875,-0.08649438744179362,-2.121966814906799,98.06455909623537
Laser1.png,2593.0,1440.9158935546875,-0.082087138338841,-2.121034395092857,98.06574405585124
Laser1.png,2594.0,1440.9229736328125,-0.07767944355950396,-2.1210177604062794,98.06643600722212
Laser1.png,2595.0,1441.15625,-0.07327203416278895,-2.1200092939372324,98.06766193673933
Laser1.png,2596.0,1441.20263671875,-0.06886425046219043,-2.119820211857571,98.06844675106647
Laser1.png,2597.0,1441.3045654296875,-0.06445647092335904,-2.119387722020115,98.0693626204272
Laser1.png,2598.0,1441.38232421875,-0.06004857982197559,-2.1190612184334237,98.07022144192595
Laser1.png,2599.0,1441.4921875,-0.05564064883034751,-2.1185938633559434,98.0711561069081
Laser1.png,2600.0,1441.7818603515625,-0.051232821351642276,-2.1173379300629382,98.07251534237136
Laser1.png,2601.0,1442.39697265625,-0.04682517283648052,-2.1146550144564307,98.07464286635144
Laser1.png,2602.0,1442.4779052734375,-0.04241689893901215,-2.1143145468621563,98.0755092656716
Laser1.png,2603.0,1442.5208740234375,-0.03800852101538495,-2.1141403926463362,98.07628613461169
Laser1.png,2604.0,1442.5811767578125,-0.033600084387926506,-2.1138903890547014,98.07710385149208
Laser1.png,2605.0,1442.429931640625,-0.029191468405776085,-2.1145680622961693,98.07742211612377
Laser1.png,2606.0,1442.616455078125,-0.024782959694884536,-2.113764372051865,98.07853796030858
Laser1.png,2607.0,1442.630615234375,-0.02037430180059894,-2.1137166221334787,98.07924681399157
Laser1.png,2608.0,1442.6319580078125,-0.015965578111553913,-2.113725035843719,98.07992543823191
Laser1.png,2609.0,1442.652099609375,-0.011556797923690477,-2.113651098825811,98.08064841053096
Laser1.png,2610.0,1442.3067626953125,-0.007147961210808687,-2.1151799309878023,98.08050842812298
Laser1.png,2611.0,1442.53076171875,-0.0027390654384235203,-2.114212061300027,98.08171272983049
Laser1.png,2612.0,1442.7615966796875,0.0016699387044250445,-2.11321400786765,98.08293329987144
Laser1.png,2613.0,1442.9674072265625,0.006079042853230611,-2.112325735476729,98.08409477706735
Laser1.png,2614.0,1443.0147705078125,0.010488179120885633,-2.112132406265389,98.08488208772363
Laser1.png,2615.0,1443.2646484375,0.014897496634647765,-2.1110508544200877,98.08614766356371
Laser1.png,2616.0,1443.3302001953125,0.01930680585979016,-2.110777681990484,98.08697799023031
Laser1.png,2617.0,1443.603759765625,0.023716347043474337,-2.109592237630246,98.08829953856848
Laser1.png,2618.0,1443.5008544921875,0.028125679322083402,-2.1100579354440376,98.08873204606776
Laser1.png,2619.0,1443.3260498046875,0.032534979890586346,-2.1108389867652035,98.08899475592273
Laser1.png,2620.0,1443.113037109375,0.03694426152187678,-2.111787649939803,98.08916721721855
Laser1.png,2621.0,1442.8353271484375,0.04135348001326139,-2.1130198751600013,98.08918699316828
Laser1.png,2622.0,1442.596435546875,0.045762748687126036,-2.11408214747385,98.0892982829892
Laser1.png,2623.0,1442.6658935546875,0.05017245985165205,-2.1137918338330883,98.09013790111447
Laser1.png,2624.0,1442.5479736328125,0.05458196316347007,-2.114323301504121,98.09053502328983
Laser1.png,2625.0,1442.32958984375,0.05899133662796968,-2.115295465094952,98.09069484571445
Laser1.png,2626.0,1442.2947998046875,0.06340104466303458,-2.1154624679654823,98.0912882348607
Laser1.png,2627.0,1442.29345703125,0.06781086064374268,-2.1154828151723137,98.09196060312038
Laser1.png,2628.0,1442.315185546875,0.07222078296047,-2.11540183801238,98.09268754295354
Laser1.png,2629.0,1442.3809814453125,0.07663085764782472,-2.1151276004588264,98.0935185617168
Laser1.png,2630.0,1442.282958984375,0.0810406530737297,-2.115572034650121,98.09396258974918
Laser1.png,2631.0,1442.4088134765625,0.08545099484185961,-2.1150342723017634,98.0949355369976
Laser1.png,2632.0,1442.522705078125,0.08986139237128107,-2.1145492406723574,98.09588010159686
Laser1.png,2633.0,1442.8453369140625,0.094272383014631,-2.1131484344736964,98.0973178297223
Laser1.png,2634.0,1442.7677001953125,0.09868247762862231,-2.113503286571338,98.09781013693333
Laser1.png,2635.0,1442.8807373046875,0.10309312966690957,-2.1130220191740183,98.0987527142311
Laser1.png,2636.0,1442.9830322265625,0.10750383885748832,-2.112587525741953,98.09967011633239
Laser1.png,2637.0,1443.0531005859375,0.11191453212173295,-2.1122946397141016,98.10051127166447
Laser1.png,2638.0,1443.1060791015625,0.11632524185012415,-2.1120765309890053,98.10131216792983
Laser1.png,2639.0,1443.12109375,0.12073591309635343,-2.112025144972775,98.10202329134094
Laser1.png,2640.0,1443.0869140625,0.1251464886969109,-2.1121894377491013,98.10261827409063
Laser1.png,2641.0,1442.8670654296875,0.1295565042692312,-2.1131682204506084,98.10277463214959
Laser1.png,2642.0,1442.794189453125,0.13396703098551058,-2.113502138610619,98.1032782775741
Laser1.png,2643.0,1442.69482421875,0.1383775146215821,-2.113952390002677,98.10371928014919
Laser1.png,2644.0,1442.5758056640625,0.14278795894933785,-2.1144888090181913,98.10411388223541
Laser1.png,2645.0,1442.582275390625,0.1471989063547578,-2.1144748309963455,98.10480490721515
Laser1.png,2646.0,1442.291748046875,0.1516087859697907,-2.115763611724137,98.1047943349759
Laser1.png,2647.0,1442.162109375,0.15601929177949928,-2.1163468287715843,98.1051637495786
Laser1.png,2648.0,1442.2122802734375,0.16043054853848504,-2.116141026145402,98.10595810475566
Laser1.png,2649.0,1442.1455078125,0.16484140091555996,-2.116448416500089,98.10647608375194
Laser1.png,2650.0,1441.897216796875,0.16925152594776696,-2.1175518846758945,98.10656532558156
Laser1.png,2651.0,1441.828857421875,0.17366244565494357,-2.117866148646714,98.1070796141165
Laser1.png,2652.0,1441.783203125,0.17807350890567222,-2.1180808836769742,98.10764751329648
Laser1.png,2653.0,1442.152099609375,0.18248651351184772,-2.116477098401271,98.10919484155177
Laser1.png,2654.0,1442.0909423828125,0.18689765325979674,-2.116759752378571,98.10972618364542
Laser1.png,2655.0,1442.11279296875,0.19130923467737448,-2.1166782280041976,98.11045367519613
Laser1.png,2656.0,1441.997802734375,0.19572020208745658,-2.117197172094791,98.11085776719098
Laser1.png,2657.0,1442.2236328125,0.2001329170932262,-2.1162208983181308,98.11206718564038
Laser1.png,2658.0,1442.2650146484375,0.2045448094935096,-2.116053739536677,98.11284083268278
Laser1.png,2659.0,1442.2559814453125,0.20895649498210964,-2.1161076964682963,98.11349539447414
Laser1.png,2660.0,1441.857666015625,0.21336617035294847,-2.117869533614395,98.11323008740662
Laser1.png,2661.0,1441.8123779296875,0.2177777190752008,-2.1180826561946255,98.11379892998875
Laser1.png,2662.0,1441.7635498046875,0.2221893228546201,-2.1183113173515506,98.1143594148171
Laser1.png,2663.0,1441.5311279296875,0.2265999295237718,-2.119345325359656,98.1144861300433
Laser1.png,2664.0,1441.54833984375,0.23101198207326284,-2.119284229852874,98.11520269528127
Laser1.png,2665.0,1441.568603515625,0.23542411634598717,-2.11920976509652,98.11592647145805
Laser1.png,2666.0,1441.62841796875,0.23983656714376891,-2.1189616897976737,98.11674377212273
Laser1.png,2667.0,1441.6466064453125,0.2442488234620134,-2.118896434980826,98.11746260839269
Laser1.png,2668.0,1441.65185546875,0.2486610672437067,-2.1188877251492033,98.11815099775201
Laser1.png,2669.0,1441.65478515625,0.2530733586320023,-2.118889312768029,98.11883385013186
Laser1.png,2670.0,1441.6907958984375,0.2574859164923719,-2.1187458299801163,98.11959485265511
Laser1.png,2671.0,1441.6788330078125,0.2618982176059485,-2.118812635502872,98.12024259189842
Laser1.png,2672.0,1441.5560302734375,0.2663098657043542,-2.1193659659476736,98.1206282750582
Laser1.png,2673.0,1441.563232421875,0.27072241924785695,-2.1193487679554237,98.12132128261472
Laser1.png,2674.0,1441.1844482421875,0.27513240892869656,-2.121024922828819,98.12110215732629
Laser1.png,2675.0,1441.20263671875,0.2795451198432732,-2.120959680229915,98.12182105745988
Laser1.png,2676.0,1441.1947021484375,0.2839577171499567,-2.1210087969117035,98.12247836663092
Laser1.png,2677.0,1441.172607421875,0.28837025204846456,-2.1211202435551177,98.12310210641472
Laser1.png,2678.0,1441.1458740234375,0.29278283337992284,-2.121251926263323,98.12371495788543
Laser1.png,2679.0,1441.1129150390625,0.29719540217087903,-2.1214110718903916,98.12431302081986
Laser1.png,2680.0,1440.869140625,0.3016064709106437,-2.1224948719253898,98.12441299860811
Laser1.png,2681.0,1440.819580078125,0.30601900255660364,-2.1227268349513464,98.12497184942082
Laser1.png,2682.0,1440.830078125,0.31043205653707934,-2.1226952064990416,98.12567270417529
Laser1.png,2683.0,1441.0062255859375,0.3148464523793974,-2.1219369228542795,98.12676501276628
Laser1.png,2684.0,1441.0350341796875,0.31925976810937307,-2.121824889003374,98.12750919997917
Laser1.png,2685.0,1441.0858154296875,0.3236733447505038,-2.121616554394573,98.12830527790472
Laser1.png,2686.0,1441.32080078125,0.32808847144961556,-2.120600051089791,98.12953673045304
Laser1.png,2687.0,1441.383544921875,0.33250230655316176,-2.1203393053602806,98.13036106764011
Laser1.png,2688.0,1441.5101318359375,0.3369167569866888,-2.1197983190949263,98.13133638736966
Laser1.png,2689.0,1441.6455078125,0.34133134442507934,-2.1192188363830016,98.13233245559718
Laser1.png,2690.0,1441.927001953125,0.3457472614592504,-2.117998084772918,98.13367400204622
Laser1.png,2691.0,1442.0040283203125,0.3501615515294242,-2.1176746070366206,98.13453218591873
Laser1.png,2692.0,1442.0897216796875,0.3545759930175475,-2.11731299779788,98.1354109240293
Laser1.png,2693.0,1442.16845703125,0.35899045338430274,-2.1169819192324417,98.13627322673088
Laser1.png,2694.0,1442.106689453125,0.36340373853327834,-2.1172673642904507,98.1368033984909
Laser1.png,2695.0,1442.0635986328125,0.36781723664511173,-2.117470957765954,98.1373776738044
Laser1.png,2696.0,1442.1754150390625,0.37223219869969004,-2.1169945937501913,98.13831827888109
Laser1.png,2697.0,1442.150146484375,0.3766460012421969,-2.117119946679978,98.13893472766593
Laser1.png,2698.0,1442.1451416015625,0.38106002234577846,-2.1171563971893703,98.13959907718596
Laser1.png,2699.0,1442.301025390625,0.3854756200308484,-2.1164868494636617,98.14064379478832
Laser1.png,2700.0,1442.265625,0.3898895155977955,-2.1166564743277094,98.14123642107955
Laser1.png,2701.0,1442.2847900390625,0.3943039366163375,-2.1165868492808935,98.14195794580147
Laser1.png,2702.0,1442.2857666015625,0.39871829345162907,-2.11659709512098,98.1426364564708
Laser1.png,2703.0,1442.497802734375,0.4031347612590228,-2.1156810348817094,98.14381403624508
Laser1.png,2704.0,1442.571533203125,0.40754997702129725,-2.115371960273605,98.1446646086217
Laser1.png,2705.0,1442.6365966796875,0.4119651834916049,-2.1151008298374574,98.14549474964598
Laser1.png,2706.0,1442.6318359375,0.4163797645152267,-2.115136004197208,98.14615987303337
Laser1.png,2707.0,1442.63330078125,0.42079442225684804,-2.115144071720811,98.1468396031795
Laser1.png,2708.0,1442.429443359375,0.42520703793960385,-2.1160531832962968,98.14703387648764
Laser1.png,2709.0,1442.399658203125,0.42962151880248733,-2.1161982393674084,98.14763982181039
Laser1.png,2710.0,1442.4219970703125,0.43403655312989325,-2.116114691255151,98.14836893802874
Laser1.png,2711.0,1442.47900390625,0.43845206503409284,-2.1158789776068154,98.14918005726396
Laser1.png,2712.0,1442.7584228515625,0.4428700686200215,-2.1146671876276897,98.15051710191085
Laser1.png,2713.0,1442.8397216796875,0.44728601242283567,-2.1143246492587022,98.15138580466933
Laser1.png,2714.0,1442.94775390625,0.45170232478237954,-2.113864994586248,98.15231762233306
Laser1.png,2715.0,1443.0032958984375,0.4561180983024311,-2.1136357589016397,98.15312529423981
Laser1.png,2716.0,1443.08349609375,0.4605342643743435,-2.113298081996033,98.15399141392945
Laser1.png,2717.0,1443.334716796875,0.46495246938603574,-2.1122099995450463,98.15526188314362
Laser1.png,2718.0,1443.383544921875,0.4693684089629655,-2.112010022361192,98.15605382741093
Laser1.png,2719.0,1443.643310546875,0.4737869184626254,-2.110884487614574,98.1573445088834
Laser1.png,2720.0,1443.6812744140625,0.47820294350483533,-2.1107322109025044,98.15811078349158
Laser1.png,2721.0,1443.7042236328125,0.4826188169785238,-2.1106459021516035,98.15884151612386
Laser1.png,2722.0,1443.714111328125,0.48703464876404146,-2.110616887599397,98.15954139393658
Laser1.png,2723.0,1443.8790283203125,0.4914523793495768,-2.1099073703007045,98.16060796247237
Laser1.png,2724.0,1443.8433837890625,0.495867763700459,-2.1100782550029327,98.16120014113585
Laser1.png,2725.0,1443.800048828125,0.5002831542495134,-2.110282941568261,98.16177412115044
Laser1.png,2726.0,1443.9600830078125,0.5047010696877673,-2.1095949136816983,98.16282914799433
Laser1.png,2727.0,1444.3651123046875,0.509122131508128,-2.1078313903354604,98.16446373097646
Laser1.png,2728.0,1444.4453125,0.5135392749914868,-2.107493803953239,98.16532995338139
Laser1.png,2729.0,1444.4656982421875,0.5179557044539637,-2.107418671709461,98.16605475450864
Laser1.png,2730.0,1444.23291015625,0.5223690125449472,-2.108454837260219,98.16618072666924
Laser1.png,2731.0,1443.781005859375,0.5267795049960863,-2.1104528023482367,98.16578841013471
Laser1.png,2732.0,1443.1383056640625,0.5311875198183947,-2.113288349044939,98.1649447387362
Laser1.png,2733.0,1442.7298583984375,0.5355984826837352,-2.1150954007207066,98.16465528675181
Laser1.png,2734.0,1442.1370849609375,0.5400070207553994,-2.1177116333559347,98.16392977957669
Laser1.png,2735.0,1441.5994873046875,0.544416217490139,-2.1200856361640645,98.16333479592143
Laser1.png,2736.0,1441.5804443359375,0.5488323092307182,-2.120183748585981,98.16396626627171
Laser1.png,2737.0,1441.3572998046875,0.5532456915007486,-2.1211776152612902,98.16411502450003
Laser1.png,2738.0,1441.530029296875,0.5576644525198532,-2.120433838494637,98.16520019869986
Laser1.png,2739.0,1442.0179443359375,0.5620876252238673,-2.118306787828786,98.16703083926345
Laser1.png,2740.0,1441.7855224609375,0.5665010383272583,-2.1193415316732622,98.1671575931718
Laser1.png,2741.0,1441.7744140625,0.5709175076987365,-2.1194047584621694,98.16780790517099
Laser1.png,2742.0,1441.9830322265625,0.5753371733079574,-2.118503499525014,98.1689780111395
Laser1.png,2743.0,1442.0362548828125,0.5797547274425492,-2.118284385456587,98.16978050927798
Laser1.png,2744.0,1442.0989990234375,0.5841724425267268,-2.118023332424799,98.17060561314574
Laser1.png,2745.0,1442.19189453125,0.5885907045681206,-2.1176301416049665,98.17150194743506
Laser1.png,2746.0,1442.2830810546875,0.5930090231650434,-2.117244354741167,98.17239430404771
Laser1.png,2747.0,1442.3468017578125,0.5974270266696663,-2.1169791286609123,98.17322169946172
Laser1.png,2748.0,1442.5538330078125,0.6018471835619988,-2.1160846599963925,98.17438822553643
Laser1.png,2749.0,1442.4140625,0.6062623781473455,-2.1167127600323035,98.17473420077674
Laser1.png,2750.0,1442.62109375,0.6106827075195683,-2.115818455189182,98.17590066537333
Laser1.png,2751.0,1442.6678466796875,0.6151007669104669,-2.115627503674052,98.17668807851341
Laser1.png,2752.0,1442.65869140625,0.6195180616923922,-2.115682215953347,98.17734310279903
Laser1.png,2753.0,1442.6610107421875,0.6239355424020454,-2.1156864936266,98.17802531091091
Laser1.png,2754.0,1442.6142578125,0.6283523869959484,-2.1159062521643377,98.17859140118128
Laser1.png,2755.0,1442.765869140625,0.6327723079319495,-2.1152550448971383,98.17962691381834
Laser1.png,2756.0,1442.698974609375,0.6371889663242317,-2.115563203720475,98.18014537872733
Laser1.png,2757.0,1442.6793212890625,0.641606356547302,-2.115663834565943,98.1807756943138
Laser1.png,2758.0,1442.63427734375,0.6460234530537051,-2.1158761872625518,98.1813458110745
Laser1.png,2759.0,1442.588134765625,0.6504405847216097,-2.116093061877428,98.18191349859107
Laser1.png,2760.0,1442.3919677734375,0.6548553535597316,-2.1169686948089996,98.18212613112323
Laser1.png,2761.0,1442.5718994140625,0.6592761626522222,-2.1161932792519145,98.18322865764965
Laser1.png,2762.0,1442.6195068359375,0.6636949547589002,-2.1159987008493752,98.1840181371176
Laser1.png,2763.0,1442.6876220703125,0.6681141474631466,-2.1157142697774507,98.1848560571616
Laser1.png,2764.0,1442.9432373046875,0.6725365009022207,-2.11460653221483,98.18613775190703
Laser1.png,2765.0,1443.0185546875,0.6769559827100965,-2.114290264224083,98.18699285839256
Laser1.png,2766.0,1443.0814208984375,0.6813753365998024,-2.1140287704138543,98.18781845352571
Laser1.png,2767.0,1443.27294921875,0.6857968917584172,-2.113202293018622,98.1889485883892
Laser1.png,2768.0,1443.29150390625,0.6902156709364881,-2.1131353207959696,98.1896693600959
Laser1.png,2769.0,1443.2890625,0.6946341640806265,-2.1131603730577537,98.19034053962949
Laser1.png,2770.0,1443.314697265625,0.6990531901063057,-2.113062302334026,98.19107809365082
Laser1.png,2771.0,1443.3563232421875,0.7034725534164187,-2.1128940799365226,98.1918534710215
Laser1.png,2772.0,1443.411376953125,0.7078922162670526,-2.112666732886982,98.19266072872053
Laser1.png,2773.0,1443.4027099609375,0.7123108573952078,-2.112719264681417,98.19331713564671
Laser1.png,2774.0,1443.16748046875,0.7167255986451679,-2.11376639209261,98.19343742779444
Laser1.png,2775.0,1442.90966796875,0.7211399577727103,-2.1149127816480657,98.19350421597665
Laser1.png,2776.0,1442.8233642578125,0.7255573679832413,-2.1153061395653485,98.19397692446185
Laser1.png,2777.0,1442.5579833984375,0.7299716240624877,-2.1164858036709244,98.19402578098288
Laser1.png,2778.0,1442.7001953125,0.7343931906793204,-2.1158759040660793,98.19503930774259
Laser1.png,2779.0,1442.6807861328125,0.7388119253481144,-2.115975467515144,98.19567040636569
Laser1.png,2780.0,1442.7125244140625,0.7432316322798016,-2.1158506534736037,98.19642246504218
Laser1.png,2781.0,1443.2598876953125,0.7476607443413043,-2.1134619308199483,98.19839491545036
Laser1.png,2782.0,1443.2974853515625,0.752080794203813,-2.113311238017473,98.199160960916
Laser1.png,2783.0,1443.4039306640625,0.7565021227209073,-2.112858220941457,98.20008998204239
Laser1.png,2784.0,1443.484130859375,0.7609230530279183,-2.112520556413749,98.20095683331019
Laser1.png,2785.0,1443.4375,0.7653417216013958,-2.112739805569504,98.20152348047714
Laser1.png,2786.0,1443.375244140625,0.769760151591046,-2.113027587380417,98.20205319130142
Laser1.png,2787.0,1443.317626953125,0.7741787160826462,-2.113294939758789,98.2025939225887
Laser1.png,2788.0,1443.27392578125,0.7785975896810442,-2.113501358834283,98.20316750950101
Laser1.png,2789.0,1443.068603515625,0.7830134650634425,-2.114417317733943,98.20335860117797
Laser1.png,2790.0,1443.038330078125,0.7874326794798657,-2.11456479760769,98.20396397496458
Laser1.png,2791.0,1442.722900390625,0.791846506111792,-2.115964276435599,98.20389441223136
Laser1.png,2792.0,1442.6380615234375,0.7962647526208754,-2.116351171548189,98.20437073001058
Laser1.png,2793.0,1442.7816162109375,0.8006874490375464,-2.1157354198548037,98.20538758272184
Laser1.png,2794.0,1442.8907470703125,0.8051095697283821,-2.1152706434404154,98.20632305806613
Laser1.png,2795.0,1443.07275390625,0.8095332877771102,-2.114485976677266,98.2074310163874
Laser1.png,2796.0,1443.373046875,0.8139593353983158,-2.1131817673381055,98.20881906795856
Laser1.png,2797.0,1443.4921875,0.818381934445608,-2.1126730080023606,98.20977829872443
Laser1.png,2798.0,1443.8023681640625,0.8228085005383066,-2.1113253413656152,98.21118982892669
Laser1.png,2799.0,1444.303466796875,0.8272390009545622,-2.109139254861804,98.21305339105056
Laser1.png,2800.0,1444.43115234375,0.8316620912973882,-2.1085929992667585,98.21403288669246
Laser1.png,2801.0,1444.71142578125,0.8360884374509154,-2.1073765115931975,98.21537375339705
Laser1.png,2802.0,1444.7945556640625,0.8405108177256767,-2.107025905744225,98.21624779721488
Laser1.png,2803.0,1444.8839111328125,0.8449334042109808,-2.1066478041079675,98.2171366772762
Laser1.png,2804.0,1445.12158203125,0.849359198720907,-2.1056184371865303,98.21837670888891
Laser1.png,2805.0,1445.1846923828125,0.8537814203794922,-2.105355701709574,98.21920341693612
Laser1.png,2806.0,1445.2418212890625,0.858203592942439,-2.105119186387206,98.22001599991216
Laser1.png,2807.0,1445.25,0.8626249120174486,-2.1050977107613593,98.22071266889753
Laser1.png,2808.0,1445.261474609375,0.8670462710769862,-2.1050617655899657,98.22141713477579
Laser1.png,2809.0,1445.1923828125,0.8714660012534534,-2.105379587438166,98.22193087290474
Laser1.png,2810.0,1444.9429931640625,0.8758819706687868,-2.1064892275029776,98.22201769728116
Laser1.png,2811.0,1444.720458984375,0.8802985168364459,-2.10748112925929,98.22216800372392
Laser1.png,2812.0,1444.6392822265625,0.8847180927594268,-2.1078519585596984,98.2226531776621
Laser1.png,2813.0,1444.4669189453125,0.8891357570779799,-2.108623399524125,98.22292235793421
Laser1.png,2814.0,1444.291015625,0.8935533693171683,-2.1094103987384574,98.22318315325876
Laser1.png,2815.0,1444.3092041015625,0.8979752983425471,-2.1093450033805756,98.22390356403444
Laser1.png,2816.0,1444.330322265625,0.9023972651314214,-2.1092665845903062,98.22463099274219
Laser1.png,2817.0,1444.160888671875,0.9068151307772149,-2.1100252036745135,98.22490710777163
Laser1.png,2818.0,1444.1737060546875,0.9112371170718325,-2.1099833240804595,98.22561486605682
Laser1.png,2819.0,1444.158203125,0.9156584500200288,-2.1100658792731135,98.2262555248872
Laser1.png,2820.0,1444.1904296875,0.9200808993852813,-2.1099388106743597,98.22700922241721
Laser1.png,2821.0,1444.189208984375,0.9245027629021787,-2.109958605721704,98.2276837547983
Laser1.png,2822.0,1444.1607666015625,0.9289239859015913,-2.1100979555102852,98.22829381722806
Laser1.png,2823.0,1444.1512451171875,0.9333457807836592,-2.110154287773574,98.22894866659502
Laser1.png,2824.0,1444.1331787109375,0.9377673502715237,-2.110248060926547,98.22958332210085
Laser1.png,2825.0,1444.2467041015625,0.9421920573744521,-2.1097639453885924,98.2305296107997
Laser1.png,2826.0,1444.218505859375,0.9466135239718093,-2.1099022127562552,98.23114029377362
Laser1.png,2827.0,1444.34912109375,0.9510387792503696,-2.1093428413136115,98.23212718672204
Laser1.png,2828.0,1444.307373046875,0.9554600596924656,-2.1095407981064214,98.23270570285192
Laser1.png,2829.0,1444.2774658203125,0.9598817592735873,-2.109686483493756,98.23331242791546
Laser1.png,2830.0,1444.1943359375,0.9643021838423386,-2.110066047984439,98.23379303015186
Laser1.png,2831.0,1444.1324462890625,0.9687232386501999,-2.110352463194509,98.23432388351083
Laser1.png,2832.0,1444.11865234375,0.9731453791704021,-2.1104274310965363,98.23496875262994
Laser1.png,2833.0,1444.1163330078125,0.9775679392217658,-2.1104521149340574,98.23564076071875
Laser1.png,2834.0,1444.29296875,0.9819947057634132,-2.1096906743426254,98.23673668597726
Laser1.png,2835.0,1444.339599609375,0.9864185705283378,-2.1095002791724524,98.2375246991424
Laser1.png,2836.0,1444.3504638671875,0.9908416512880474,-2.1094670730569174,98.23822795704365
Laser1.png,2837.0,1444.5732421875,0.9952698819913339,-2.108502822550672,98.2394333061571
Laser1.png,2838.0,1444.619384765625,0.9996938711357529,-2.1083145830420573,98.24022017794353
Laser1.png,2839.0,1444.666748046875,1.0041180517034183,-2.1081210948699254,98.24100990537899
Laser1.png,2840.0,1444.7108154296875,1.0085422242846915,-2.10794189440558,98.24179193878496
Laser1.png,2841.0,1444.912841796875,1.0129703248571633,-2.1070689444555577,98.2429481096609
Laser1.png,2842.0,1444.91796875,1.0173936088308353,-2.107060683099207,98.24363796828644
Laser1.png,2843.0,1444.925048828125,1.0218170932438875,-2.107044100436609,98.24433233833128
Laser1.png,2844.0,1444.9481201171875,1.026241036610207,-2.106957146133277,98.24506466901336
Laser1.png,2845.0,1444.9697265625,1.0306649174394478,-2.1068767028073574,98.24579348436257
Laser1.png,2846.0,1444.7862548828125,1.0350838367029702,-2.1076971673675504,98.24603646379562
Laser1.png,2847.0,1444.73828125,1.0395061750258094,-2.1079222785971203,98.24660052334951
Laser1.png,2848.0,1444.5533447265625,1.0439250234861823,-2.1087492647588686,98.24683998044857
Laser1.png,2849.0,1444.3292236328125,1.0483429950938357,-2.1097482953055935,98.24698666948508
Laser1.png,2850.0,1444.2662353515625,1.0527650707244904,-2.1100394507935105,98.24751512876396
Laser1.png,2851.0,1444.05908203125,1.0571834267736429,-2.110963957286929,98.24770200263494
Laser1.png,2852.0,1443.8363037109375,1.0616014917302303,-2.111957030087473,98.24785191390785
Laser1.png,2853.0,1443.7352294921875,1.0660226983940608,-2.112415536324645,98.2482901334949
Laser1.png,2854.0,1443.4320068359375,1.0704386345084276,-2.113762101221161,98.24824938757173
Laser1.png,2855.0,1443.2691650390625,1.0748582973719325,-2.114491971289438,98.24854126014311
Laser1.png,2856.0,1442.7176513671875,1.0792677793512302,-2.116929183973091,98.24791228720768
Laser1.png,2857.0,1442.37744140625,1.0836828182560319,-2.1184381878030196,98.24778394183771
Laser1.png,2858.0,1442.217529296875,1.0881025762456729,-2.119155224628056,98.24808273882807
Laser1.png,2859.0,1442.0037841796875,1.0925208514460545,-2.1201086972047123,98.24825400424385
Laser1.png,2860.0,1442.051025390625,1.096946137908613,-2.1199156498228255,98.24904366571296
Laser1.png,2861.0,1442.1373291015625,1.1013725323782757,-2.1195511064201376,98.24992583581277
Laser1.png,2862.0,1442.465087890625,1.105805537601688,-2.1181257420965536,98.25138019780339
Laser1.png,2863.0,1442.8275146484375,1.1102395107804643,-2.11654801055825,98.25291674738538
Laser1.png,2864.0,1443.04296875,1.1146696706471266,-2.115616085926877,98.25410499052528
Laser1.png,2865.0,1443.4373779296875,1.1191048595545225,-2.1138978808610522,98.25571736228979
Laser1.png,2866.0,1443.8232421875,1.1235398713795175,-2.112217069703405,98.25730957297513
Laser1.png,2867.0,1444.20361328125,1.1279749684996079,-2.1105604483662175,98.25888877258696
Laser1.png,2868.0,1444.4407958984375,1.132406205976826,-2.109532864418534,98.2601286876261
Laser1.png,2869.0,1444.768310546875,1.1368401242110227,-2.10810828935852,98.26158276613688
Laser1.png,2870.0,1444.9276123046875,1.141269451574615,-2.107422795633943,98.2626381968729
Laser1.png,2871.0,1445.130615234375,1.1457000814305625,-2.106545311817341,98.2637972008001
Laser1.png,2872.0,1445.1239013671875,1.1501249990295672,-2.1065891559236762,98.2644592579253
Laser1.png,2873.0,1445.071044921875,1.1545487813033597,-2.1068360161401043,98.26501183113072
Laser1.png,2874.0,1445.18994140625,1.158977324186114,-2.106327989641763,98.26597158834986
Laser1.png,2875.0,1445.717529296875,1.1634175130590254,-2.104024239408633,98.26790000429047
Laser1.png,2876.0,1445.6922607421875,1.1678422116404716,-2.1041496765761476,98.26851809611713
Laser1.png,2877.0,1445.9527587890625,1.172275046721674,-2.1030193107772623,98.26981359854858
Laser1.png,2878.0,1446.4033203125,1.1767134832991877,-2.101053978729612,98.27155953174041
Laser1.png,2879.0,1446.2513427734375,1.1811348202867196,-2.1017362113081868,98.27187731271749
Laser1.png,2880.0,1446.59521484375,1.1855704573857109,-2.1002395085497914,98.27337049259233
Laser1.png,2881.0,1447.0987548828125,1.1900108121701245,-2.0980411506478607,98.27524218887099
Laser1.png,2882.0,1447.0740966796875,1.1944360264273797,-2.0981638450189393,98.27586183738154
Laser1.png,2883.0,1447.417236328125,1.198872024051598,-2.0966702848082206,98.27735338111016
Laser1.png,2884.0,1447.585205078125,1.2033029809187974,-2.095946372301286,98.2784297497985
Laser1.png,2885.0,1447.7518310546875,1.20773408575755,-2.0952285975055034,98.27950283674753
Laser1.png,2886.0,1448.0570068359375,1.2121693405375416,-2.0939016223437856,98.28090457259621
Laser1.png,2887.0,1448.1175537109375,1.2165974487962952,-2.0936500232205506,98.28172619676339
Laser1.png,2888.0,1448.1746826171875,1.2210256233367014,-2.0934132610337963,98.28253984269342
Laser1.png,2889.0,1447.9755859375,1.2254462049791175,-2.094302592645073,98.28274600030217
Laser1.png,2890.0,1448.025390625,1.2298742812488845,-2.0940980491052286,98.28354228383107
Laser1.png,2891.0,1447.8350830078125,1.234295187715048,-2.094948841080599,98.28376924229532
Laser1.png,2892.0,1447.6552734375,1.2387164283933347,-2.0957534854929607,98.28402109933228
Laser1.png,2893.0,1447.4857177734375,1.2431380909486371,-2.0965130688150224,98.28429728354708
Laser1.png,2894.0,1447.48876953125,1.2475648808144806,-2.0965141414674213,98.28498265980876
Laser1.png,2895.0,1447.13232421875,1.2519809673139537,-2.0980950499311604,98.2848157618543
Laser1.png,2896.0,1447.09423828125,1.256406595286967,-2.0982769391434895,98.28540360276794
Laser1.png,2897.0,1446.903076171875,1.2608277134125445,-2.099131376899626,98.28562863106754
Laser1.png,2898.0,1446.8458251953125,1.2652529381332052,-2.09939743293628,98.28617109236818
Laser1.png,2899.0,1446.4515380859375,1.2696677971054688,-2.101144680154137,98.28591444403986
Laser1.png,2900.0,1446.187744140625,1.2740866428382882,-2.1023185647927773,98.28596712353358
Laser1.png,2901.0,1446.087158203125,1.2785106198009204,-2.1027750343965743,98.2864068689574
Laser1.png,2902.0,1445.9879150390625,1.2829346771357106,-2.103225716594764,98.28684974289196
Laser1.png,2903.0,1445.8553466796875,1.2873577396852354,-2.103822819151754,98.28721362698565
Laser1.png,2904.0,1445.82421875,1.2917839053916524,-2.1039739795958035,98.28781809621654
Laser1.png,2905.0,1445.8438720703125,1.2962118050489735,-2.1039019860916923,98.28854298474816
Laser1.png,2906.0,1445.71484375,1.300635104077844,-2.1044835365902785,98.28891527902951
Laser1.png,2907.0,1445.5804443359375,1.3050582667688007,-2.1050888007539723,98.28927478426588
Laser1.png,2908.0,1445.484619140625,1.3094826820995864,-2.10552430361462,98.28972588653727
Laser1.png,2909.0,1445.453125,1.3139091756880994,-2.1056772885683834,98.2903294242221
Laser1.png,2910.0,1445.4678955078125,1.3183371958029515,-2.105626843529765,98.29104272928795
Laser1.png,2911.0,1445.50341796875,1.3227659425275202,-2.1054851783627324,98.29180526171479
Laser1.png,2912.0,1445.602294921875,1.3271967872618091,-2.105064963112624,98.29271809625882
Laser1.png,2913.0,1445.71826171875,1.331628262015732,-2.1045698080332493,98.29367137755317
Laser1.png,2914.0,1445.8917236328125,1.3360616771248313,-2.10382178942225,98.29476110637454
Laser1.png,2915.0,1446.0621337890625,1.3404950919809278,-2.103087148283633,98.29584363245398
Laser1.png,2916.0,1446.197021484375,1.3449274513017115,-2.1025086968485,98.2968418992655
Laser1.png,2917.0,1446.4688720703125,1.3493644514760754,-2.101328207347041,98.29816503471858
Laser1.png,2918.0,1446.5455322265625,1.3537951035870597,-2.101005671050531,98.29902524708295
Laser1.png,2919.0,1446.5418701171875,1.3582232003606676,-2.1010362801166598,98.29969492285191
Laser1.png,2920.0,1446.4908447265625,1.3626498004727565,-2.1012750521350396,98.30025228754587
Laser1.png,2921.0,1446.1922607421875,1.3670682860068526,-2.102601880383721,98.30022256328026
Laser1.png,2922.0,1446.0020751953125,1.3714904472170761,-2.1034522939677123,98.30044991990715
Laser1.png,2923.0,1445.8099365234375,1.3759124715164506,-2.1043113995906904,98.30067257534873
Laser1.png,2924.0,1445.6044921875,1.380334074229014,-2.1052287936650447,98.3008637817777
Laser1.png,2925.0,1445.2357177734375,1.3847502360351023,-2.106864244562117,98.30066752873896
Laser1.png,2926.0,1444.890380859375,1.3891671655748938,-2.1083966976412727,98.30052685078071
Laser1.png,2927.0,1444.7744140625,1.3935917949918963,-2.108920957713676,98.30093019754109
Laser1.png,2928.0,1444.9039306640625,1.3980248341129813,-2.1083660667714446,98.30191588424347
Laser1.png,2929.0,1444.7119140625,1.4024469886416324,-2.109224653317683,98.30213883934621
Laser1.png,2930.0,1444.9541015625,1.4068839957155186,-2.1081745176267823,98.30339179073034
Laser1.png,2931.0,1445.1136474609375,1.4113182096732306,-2.107487647169927,98.3044487199298
Laser1.png,2932.0,1445.1483154296875,1.4157483440935807,-2.1073497787097124,98.30520942316318
Laser1.png,2933.0,1445.2188720703125,1.4201796858432782,-2.1070540623159704,98.30605530201046
Laser1.png,2934.0,1445.5369873046875,1.4246197046406575,-2.105670238513583,98.30748838453037
Laser1.png,2935.0,1445.813720703125,1.4290584271951392,-2.10446812194246,98.30882343132845
Laser1.png,2936.0,1446.0699462890625,1.4334965595123206,-2.1033563051270887,98.31010976744447
Laser1.png,2937.0,1446.5028076171875,1.4379409378608026,-2.101467836130968,98.3118152367168
Laser1.png,2938.0,1446.9918212890625,1.4423874240382166,-2.0993325481042118,98.31365392498502
Laser1.png,2939.0,1447.278076171875,1.4468269984084807,-2.0980884495956147,98.31501170770379
Laser1.png,2940.0,1447.333984375,1.4512585360548869,-2.0978570752627985,98.3158229738344
Laser1.png,2941.0,1447.3487548828125,1.455688793465444,-2.0978065606731713,98.31653666302837
Laser1.png,2942.0,1447.3480224609375,1.4601185696193835,-2.097824118429233,98.31721362611623
Laser1.png,2943.0,1447.5203857421875,1.4645545239071904,-2.0970807344537388,98.31830125301452
Laser1.png,2944.0,1447.479248046875,1.4689830070539882,-2.097276077791941,98.31888229237747
Laser1.png,2945.0,1447.6375732421875,1.4734186353820717,-2.096594413750346,98.31993663750119
Laser1.png,2946.0,1447.6240234375,1.4778481368060585,-2.096668451929817,98.3205831478116
Laser1.png,2947.0,1447.560791015625,1.4822760117284743,-2.096960842034905,98.32111184097752
Laser1.png,2948.0,1447.5615234375,1.4867062288125488,-2.0969720578725664,98.3217922870074
Laser1.png,2949.0,1447.55712890625,1.4911363234607748,-2.0970057247912575,98.32246062594737
Laser1.png,2950.0,1447.57958984375,1.495567447416069,-2.096921342908852,98.32319268425489
Laser1.png,2951.0,1447.638916015625,1.4999999715642442,-2.0966749120940635,98.3240122099646
Laser1.png,2952.0,1447.73095703125,1.5044337567573534,-2.0962847148057717,98.32490933786775
Laser1.png,2953.0,1447.8016357421875,1.5088668460799262,-2.095988301032593,98.32575586299369
Laser1.png,2954.0,1447.857666015625,1.5132995681044503,-2.09575634148814,98.32656762773959
Laser1.png,2955.0,1447.6263427734375,1.5177217443975979,-2.0967880311804667,98.32669738396667
Laser1.png,2956.0,1447.5899658203125,1.5221510954460755,-2.0969623859601167,98.32728985848146
Laser1.png,2957.0,1447.4814453125,1.5265778417204174,-2.0974539693676615,98.32771112703952
Laser1.png,2958.0,1447.365966796875,1.5310043687736257,-2.0979761570249487,98.32811588367875
Laser1.png,2959.0,1447.253173828125,1.5354310329870235,-2.098486398657109,98.32852709355411
Laser1.png,2960.0,1447.1246337890625,1.539857238338303,-2.099066174090306,98.32890079391628
Laser1.png,2961.0,1446.8599853515625,1.5442782226800285,-2.100244192616884,98.32895157902922
Laser1.png,2962.0,1446.6427001953125,1.5487011652817058,-2.101213989712545,98.32911477823032
Laser1.png,2963.0,1446.7974853515625,1.553138069261237,-2.100547868979753,98.33016095218974
Laser1.png,2964.0,1446.9915771484375,1.5575763609132005,-2.0997089934070106,98.33130035588923
Laser1.png,2965.0,1446.9888916015625,1.5620075227608183,-2.099735077521432,98.331972942933
Laser1.png,2966.0,1447.3880615234375,1.5664539360718597,-2.0979944268469817,98.33359913914781
Laser1.png,2967.0,1447.3848876953125,1.5708852419382215,-2.0980228538386765,98.33427048705532
Laser1.png,2968.0,1447.41357421875,1.575317636599755,-2.0979111263126544,98.33501746571498
Laser1.png,2969.0,1447.4400634765625,1.5797501989984284,-2.0978089949043968,98.33575930362177
Laser1.png,2970.0,1447.6768798828125,1.5841908698003129,-2.096782076650904,98.33700032197969
Laser1.png,2971.0,1447.694580078125,1.5886232506068212,-2.0967186866963736,98.33772127256262
Laser1.png,2972.0,1447.6954345703125,1.593055048774085,-2.096729359796103,98.33840225581055
Laser1.png,2973.0,1447.6553955078125,1.5974851479451293,-2.096919851364005,98.33898615787638
Laser1.png,2974.0,1447.61767578125,1.601915572522915,-2.097100204908369,98.33957556888335
Laser1.png,2975.0,1447.5264892578125,1.6063439777104624,-2.0975156127422228,98.3400381089739
Laser1.png,2976.0,1447.43359375,1.6107723589113476,-2.0979384490968975,98.34049664568117
Laser1.png,2977.0,1447.363037109375,1.6152016499872006,-2.098263320441847,98.34100806972836
Laser1.png,2978.0,1447.106201171875,1.6196237071246375,-2.099407077542841,98.34107746812363
Laser1.png,2979.0,1446.9693603515625,1.6240504729679563,-2.1000233291248476,98.34143161583785
Laser1.png,2980.0,1446.5623779296875,1.628466468361406,-2.101827512798834,98.3411444878599
Laser1.png,2981.0,1446.4410400390625,1.6328938809747051,-2.1023755042647023,98.34153548842683
Laser1.png,2982.0,1445.7822265625,1.6373000852198372,-2.1052871822878765,98.34065054581829
Laser1.png,2983.0,1445.4727783203125,1.6417200563588743,-2.106662360243027,98.34059501929121
Laser1.png,2984.0,1445.4322509765625,1.6461507072875918,-2.106855088607683,98.34117780251795
Laser1.png,2985.0,1445.26806640625,1.650576483768023,-2.1075916050441057,98.34146704388608
Laser1.png,2986.0,1445.568115234375,1.6550208314688788,-2.1062867868784005,98.34285825895303
Laser1.png,2987.0,1445.9466552734375,1.6594684506297084,-2.1046365962752462,98.34443593648153
Laser1.png,2988.0,1446.466064453125,1.6639220545481543,-2.102366831185214,98.34634813286127
Laser1.png,2989.0,1446.979736328125,1.6683754158078783,-2.100122331260444,98.34824668836188
Laser1.png,2990.0,1447.25146484375,1.6728191792927816,-2.098941735881212,98.34957092883135
Laser1.png,2991.0,1447.4686279296875,1.6772608531971032,-2.0980010757514416,98.35076565950014
Laser1.png,2992.0,1447.4976806640625,1.6816949983003084,-2.097887699942112,98.35151379686891
Laser1.png,2993.0,1447.4793701171875,1.6861272815612225,-2.0979827797153425,98.35214940901797
Laser1.png,2994.0,1447.52001953125,1.6905622141116368,-2.0978183294498285,98.35292516792985
Laser1.png,2995.0,1447.361328125,1.694988874022492,-2.098530819529249,98.35322748246845
Laser1.png,2996.0,1447.5350341796875,1.6994292000119573,-2.0977811946152523,98.35431914703234
Laser1.png,2997.0,1447.5233154296875,1.7038619953319256,-2.0978472980393157,98.35497043998224
Laser1.png,2998.0,1447.5355224609375,1.7082958377657163,-2.0978079927699547,98.35567864936834
Laser1.png,2999.0,1447.5848388671875,1.7127314618919394,-2.097605500479797,98.35647499804186
Laser1.png,3000.0,1447.4830322265625,1.717160708967125,-2.0980677105897336,98.3569124692916
Laser1.png,3001.0,1447.757568359375,1.7216056373409747,-2.096874667230309,98.35824359251184
Laser1.png,3002.0,1447.818603515625,1.726041972251073,-2.0966207230078666,98.35906775408986
Laser1.png,3003.0,1448.05322265625,1.7304854511232066,-2.0956031460687,98.36030417801942
Laser1.png,3004.0,1448.054931640625,1.734919285879483,-2.095610010201295,98.3609875276725
Laser1.png,3005.0,1448.06103515625,1.7393535492572534,-2.095597675308829,98.36168128088757
Laser1.png,3006.0,1447.8792724609375,1.7437797823891765,-2.096411654345853,98.36192888557939
Laser1.png,3007.0,1447.8980712890625,1.7482145040583836,-2.0963433550819484,98.36265284216282
Laser1.png,3008.0,1447.875,1.7526477025807963,-2.096459266370935,98.36327738002534
Laser1.png,3009.0,1447.879638671875,1.7570819493702547,-2.0964532762301853,98.36396771452682
Laser1.png,3010.0,1447.8209228515625,1.7615137467808177,-2.0967260515439796,98.36450757650427
Laser1.png,3011.0,1447.75634765625,1.7659451597945062,-2.0970245503131237,98.36503352888684
Laser1.png,3012.0,1447.6854248046875,1.7703765328555463,-2.097350947641749,98.36554445392773
Laser1.png,3013.0,1447.5997314453125,1.7748071347305636,-2.0977423753608297,98.36602024578691
Laser1.png,3014.0,1447.543212890625,1.7792392174307003,-2.09800538209546,98.36656541157276
Laser1.png,3015.0,1447.498779296875,1.7836716851410683,-2.098215318048299,98.36713921140431
Laser1.png,3016.0,1447.4957275390625,1.7881061750426734,-2.098243213430733,98.36781133892364
Laser1.png,3017.0,1447.5390625,1.7925425486528206,-2.09806714548976,98.36859357632746
Laser1.png,3018.0,1447.7720947265625,1.7969874097439806,-2.0970563722181095,98.36982655120619
Laser1.png,3019.0,1447.85546875,1.801425685865016,-2.0967042184930875,98.37070389157486
Laser1.png,3020.0,1448.1497802734375,1.8058734255071673,-2.0954238574677926,98.37208246401957
Laser1.png,3021.0,1448.2562255859375,1.810313076235031,-2.094970056080886,98.37301474655543
Laser1.png,3022.0,1448.3726806640625,1.8147530658431177,-2.0944722252753114,98.37397078793539
Laser1.png,3023.0,1448.5418701171875,1.81919564270901,-2.093742324954022,98.37505218116296
Laser1.png,3024.0,1448.82470703125,1.823643320260413,-2.092512590533017,98.37640348559484
Laser1.png,3025.0,1448.92529296875,1.8280830762928744,-2.0920844665929197,98.3773219591895
Laser1.png,3026.0,1449.07568359375,1.8325249363379748,-2.0914371255186346,98.37835878976732
Laser1.png,3027.0,1449.0582275390625,1.836959626554574,-2.0915283856703013,98.3789968314483
Laser1.png,3028.0,1449.0635986328125,1.8413953887018257,-2.091519280725973,98.37968907783572
Laser1.png,3029.0,1449.1363525390625,1.8458342179674612,-2.0912136032306963,98.38054148017132
Laser1.png,3030.0,1449.2979736328125,1.8502770947106018,-2.090516953839194,98.38160501689076
Laser1.png,3031.0,1448.8232421875,1.8546913831755465,-2.092619925207804,98.38115675105473
Laser1.png,3032.0,1448.1556396484375,1.859097155966374,-2.0955714526123996,98.38025028587417
Laser1.png,3033.0,1448.0919189453125,1.8635300209106278,-2.0958663702931375,98.38077839137152
Laser1.png,3034.0,1447.84521484375,1.8679546805669944,-2.0969662038220553,98.3808718423834
Laser1.png,3035.0,1448.002685546875,1.8723976251690253,-2.09628773088597,98.3819256030453
Laser1.png,3036.0,1447.9683837890625,1.8768319714400294,-2.096453123132913,98.38252367720501
Laser1.png,3037.0,1447.9832763671875,1.8812686072018,-2.0964020214687644,98.38323867085008
Laser1.png,3038.0,1447.893798828125,1.885700553822025,-2.096810183139992,98.38370566118486
Laser1.png,3039.0,1447.716064453125,1.8901285145204183,-2.0976065935805766,98.38396299286096
Laser1.png,3040.0,1448.3551025390625,1.8945938684638972,-2.0948094666808235,98.3861609522722
Laser1.png,3041.0,1447.953369140625,1.8990116895829592,-2.0965914784192825,98.38588604502003
Laser1.png,3042.0,1447.5047607421875,1.903427331940847,-2.0985796522898528,98.38549979828022
Laser1.png,3043.0,1447.66162109375,1.9078708351564833,-2.097904063487129,98.38655209262622
Laser1.png,3044.0,1447.4896240234375,1.9122992462917041,-2.09867531683019,98.38682303919188
Laser1.png,3045.0,1447.5064697265625,1.9167364232952848,-2.0986157139021966,98.38754269395815
Laser1.png,3046.0,1447.5560302734375,1.9211751841058455,-2.0984120754980453,98.38834014576804
Laser1.png,3047.0,1447.6380615234375,1.92561552588499,-2.0980656658763075,98.38921471347919
Laser1.png,3048.0,1447.7593994140625,1.9300577796588494,-2.097546223360294,98.39018274188693
Laser1.png,3049.0,1448.0950927734375,1.934510318448645,-2.096083712473092,98.39166013116785
Laser1.png,3050.0,1448.4390869140625,1.9389631966548149,-2.0945845570105956,98.39315730322637
Laser1.png,3051.0,1448.5909423828125,1.943407191960121,-2.093930797004131,98.39419792075712
Laser1.png,3052.0,1448.7159423828125,1.9478500181967393,-2.0933951612909723,98.39517475661698
Laser1.png,3053.0,1449.0277099609375,1.9523019219571658,-2.092037789550142,98.39659543844591
Laser1.png,3054.0,1449.356689453125,1.956754583921114,-2.0906046358579764,98.39805704030348
Laser1.png,3055.0,1449.4168701171875,1.961194646727732,-2.0903541603475815,98.39887991191321
Laser1.png,3056.0,1449.4349365234375,1.9656327818781243,-2.0902892343103288,98.39960258121936
Laser1.png,3057.0,1449.4088134765625,1.9700690655659536,-2.090418560499083,98.4002203742897
Laser1.png,3058.0,1449.29052734375,1.9745008260319585,-2.090953427141224,98.40061911525024
Laser1.png,3059.0,1448.9219970703125,1.9789208432989052,-2.09258966199122,98.40042303753876
Laser1.png,3060.0,1448.7171630859375,1.9833485022710162,-2.093505428521658,98.4006160587189
Laser1.png,3061.0,1448.087646484375,1.9877557875872036,-2.096290103874199,98.39979966444415
Laser1.png,3062.0,1447.919189453125,1.9921853712640554,-2.0970456929329706,98.40007922666982
Laser1.png,3063.0,1447.7490234375,1.996614710863643,-2.0978090772191864,98.40035455396574
Laser1.png,3064.0,1447.630615234375,2.0010467628299935,-2.0983445187354914,98.40075303057183
Laser1.png,3065.0,1447.3905029296875,2.0054727706392126,-2.099415586278211,98.40086217867787
Laser1.png,3066.0,1447.348876953125,2.009908607600802,-2.0996132833499668,98.40144309025422
Laser1.png,3067.0,1447.352783203125,2.0143465289387477,-2.0996105752293177,98.40213222703959
Laser1.png,3068.0,1447.370849609375,2.0187853870318695,-2.09954553442972,98.40285507015979
Laser1.png,3069.0,1447.4686279296875,2.0232280203887427,-2.0991298640916867,98.40376728433846
Laser1.png,3070.0,1447.9984130859375,2.0276920805064176,-2.096812958349661,98.40570648244399
Laser1.png,3071.0,1448.385498046875,2.0321493106805035,-2.095124050977113,98.40730649514299
Laser1.png,3072.0,1448.5308837890625,2.0365946126961663,-2.0944986536513057,98.4083320441121
Laser1.png,3073.0,1449.27490234375,2.0410697046550306,-2.091238825729952,98.41078064010256
Laser1.png,3074.0,1449.337890625,2.0455113690416944,-2.090976000367029,98.41161040929666
Laser1.png,3075.0,1449.099609375,2.0499381881496435,-2.0920392046083878,98.4117239168787
Laser1.png,3076.0,1448.7840576171875,2.054360999971341,-2.093442386848536,98.41165375245438
Laser1.png,3077.0,1448.4451904296875,2.058782830274827,-2.0949481393355627,98.4115282100355
Laser1.png,3078.0,1448.263916015625,2.0632125034270374,-2.095760355780823,98.4117772967913
Laser1.png,3079.0,1447.6761474609375,2.067621895325362,-2.098361574382121,98.41106000578168
Laser1.png,3080.0,1447.1226806640625,2.0720327559013234,-2.1008118033052834,98.41042423825928
Laser1.png,3081.0,1446.835205078125,2.076457086093228,-2.102091374352324,98.41042086389015
Laser1.png,3082.0,1446.7451171875,2.0808913368154367,-2.1025023946072676,98.41088667213785
Laser1.png,3083.0,1447.1162109375,2.0853488618153335,-2.1008838033263983,98.4124488709103
Laser1.png,3084.0,1447.0753173828125,2.0897857301228173,-2.101078270411721,98.41303168138924
Laser1.png,3085.0,1447.17333984375,2.0942296796791915,-2.1006613033525787,98.41394479770075
Laser1.png,3086.0,1447.465087890625,2.098683532012006,-2.0993918527311277,98.41531844295532
Laser1.png,3087.0,1447.7828369140625,2.1031388288076682,-2.098008011578797,98.41675390222099
Laser1.png,3088.0,1447.9644775390625,2.107587326379416,-2.097223101467743,98.41786583127993
Laser1.png,3089.0,1448.246337890625,2.1120410383698127,-2.0959970486875217,98.41921608850893
Laser1.png,3090.0,1448.5347900390625,2.116495209447075,-2.094741964066512,98.42058204820829
Laser1.png,3091.0,1448.6141357421875,2.120938789883364,-2.09440718953708,98.42145085319608
Laser1.png,3092.0,1448.6903076171875,2.12538228596505,-2.0940863647789416,98.4223121342726
Laser1.png,3093.0,1448.9459228515625,2.129835091506062,-2.0929758486450902,98.4236000437666
Laser1.png,3094.0,1448.9984130859375,2.1342777255356737,-2.09275922248812,98.42440508862143
Laser1.png,3095.0,1448.929931640625,2.1387139971311027,-2.093075101600906,98.4249224359363
Laser1.png,3096.0,1449.065673828125,2.143160890697163,-2.0924919842714313,98.42592546711593
Laser1.png,3097.0,1449.1884765625,2.147607201876646,-2.0919659498203083,98.42689767347117
Laser1.png,3098.0,1449.293212890625,2.152052660985351,-2.0915194760955322,98.42782691068336
Laser1.png,3099.0,1449.5848388671875,2.1565081262971493,-2.0902502631626487,98.42920067790095
Laser1.png,3100.0,1449.4375,2.16094061383117,-2.09091325623135,98.42953054565513
Laser1.png,3101.0,1449.484130859375,2.1653832801159054,-2.0907223385745595,98.43032175352963
Laser1.png,3102.0,1449.5186767578125,2.1698255671078654,-2.090584709562322,98.43108421094266
Laser1.png,3103.0,1449.530029296875,2.174266518905137,-2.090549310536646,98.43179141876021
Laser1.png,3104.0,1449.7161865234375,2.1787167383676276,-2.089744256904549,98.43291446031564
Laser1.png,3105.0,1449.69921875,2.1831565283675127,-2.0898333826658124,98.43355444143333
Laser1.png,3106.0,1449.6376953125,2.187593837129567,-2.0901186414343966,98.43408843607746
Laser1.png,3107.0,1449.5535888671875,2.192030180673759,-2.0905034204900548,98.4345686974131
Laser1.png,3108.0,1449.398681640625,2.196462626888389,-2.0911998039976387,98.43488058067443
Laser1.png,3109.0,1449.013427734375,2.2008830378121234,-2.0929100216213934,98.4346447301347
Laser1.png,3110.0,1448.80859375,2.2053128539746853,-2.093826289131792,98.43483781584479
Laser1.png,3111.0,1448.6456298828125,2.2097451074533923,-2.0945582137636825,98.43513053317783
Laser1.png,3112.0,1448.4281005859375,2.2141742865432597,-2.0955301374242215,98.43529355376904
Laser1.png,3113.0,1448.236083984375,2.218605030672336,-2.0963898621664967,98.43551722704659
Laser1.png,3114.0,1448.026123046875,2.2230348305847496,-2.097328621967575,98.43569819993269
Laser1.png,3115.0,1447.84716796875,2.2274661316176325,-2.09813089315461,98.43595289366588
Laser1.png,3116.0,1447.711669921875,2.231899982357016,-2.09874193603567,98.43631094369144
Laser1.png,3117.0,1447.6063232421875,2.2363354963298234,-2.0992201168964972,98.4367407870526
Laser1.png,3118.0,1447.50927734375,2.2407713131738256,-2.0996618671837077,98.43719029230566
Laser1.png,3119.0,1447.4425048828125,2.245208996460606,-2.099970392348132,98.43771181788443
Laser1.png,3120.0,1447.4375,2.2496500843029428,-2.100007021730464,98.43838026522567
Laser1.png,3121.0,1447.419677734375,2.2540905371950806,-2.1000998445176804,98.43901835850808
Laser1.png,3122.0,1447.341064453125,2.258527542257812,-2.1004605823114924,98.43951166665288
Laser1.png,3123.0,1447.1710205078125,2.262959779411431,-2.101223558205498,98.43978766282633
Laser1.png,3124.0,1447.14404296875,2.267399878964226,-2.1013568131321434,98.44040393187228
Laser1.png,3125.0,1446.8994140625,2.271828085181296,-2.102448256270574,98.44050244999849
Laser1.png,3126.0,1446.80224609375,2.276264410835024,-2.102890582587269,98.44095172394826
Laser1.png,3127.0,1446.9683837890625,2.280715287128083,-2.1021738744085754,98.44202730029724
Laser1.png,3128.0,1447.28955078125,2.285174823868286,-2.100774471789876,98.44347179517351
Laser1.png,3129.0,1447.8143310546875,2.28964575542465,-2.0984787804692147,98.44540063576855
Laser1.png,3130.0,1448.8277587890625,2.2941439526104497,-2.0940316458268047,98.44849208207576
Laser1.png,3131.0,1448.7685546875,2.2985828490655984,-2.094306818934629,98.44903175306558
Laser1.png,3132.0,1448.684814453125,2.303020430612504,-2.0946898639203666,98.44951313989455
Laser1.png,3133.0,1448.5382080078125,2.3074545470485663,-2.0953499273257714,98.44984483744565
Laser1.png,3134.0,1448.36083984375,2.311886977146747,-2.0961452389135973,98.45010345332282
Laser1.png,3135.0,1448.164306640625,2.3163183564145173,-2.0970250364422096,98.45031641742267
Laser1.png,3136.0,1447.8231201171875,2.3207418260497272,-2.0985417106205184,98.45018524856633
Laser1.png,3137.0,1447.69384765625,2.325177006571287,-2.099125468617521,98.45055819538396
Laser1.png,3138.0,1447.5704345703125,2.329612552200285,-2.0996833066047254,98.45094515463637
Laser1.png,3139.0,1447.53173828125,2.3340529103748975,-2.0998682348451987,98.45153364179586
Laser1.png,3140.0,1447.5386962890625,2.3384960864208626,-2.0998521133322443,98.45223081486793
Laser1.png,3141.0,1447.6199951171875,2.342943349749632,-2.0995087560614816,98.45310481166098
Laser1.png,3142.0,1447.773193359375,2.347394773001327,-2.0988486682663736,98.45414998719998
Laser1.png,3143.0,1448.1572265625,2.3518594090155864,-2.097172379457727,98.45574435338092
Laser1.png,3144.0,1448.3785400390625,2.356315106496059,-2.0962125542830368,98.45695157592404
Laser1.png,3145.0,1448.7947998046875,2.3607818536081124,-2.0943942101171977,98.45862275471873
Laser1.png,3146.0,1448.942626953125,2.365233591448191,-2.0937577834626984,98.45965523936634
Laser1.png,3147.0,1449.147705078125,2.3696885166566815,-2.0928693157258516,98.46082392194872
Laser1.png,3148.0,1449.290771484375,2.3741399916236716,-2.092253709736483,98.46184515559399
Laser1.png,3149.0,1449.39794921875,2.378589676415078,-2.091796383556636,98.46278089077956
Laser1.png,3150.0,1449.4193115234375,2.383034505564985,-2.0917167407655453,98.4635125211543
Laser1.png,3151.0,1449.6087646484375,2.387488916044723,-2.090896935715235,98.46464415459239
Laser1.png,3152.0,1449.3966064453125,2.391920392854663,-2.091845755240638,98.46481997096255
Laser1.png,3153.0,1449.3189697265625,2.3963594955015615,-2.092202013719982,98.46531601589264
Laser1.png,3154.0,1449.21142578125,2.4007970898666215,-2.092690099009244,98.4657408488759
Laser1.png,3155.0,1448.9117431640625,2.4052235529280144,-2.0940242436054715,98.465708421499
Laser1.png,3156.0,1448.7911376953125,2.4096602588821354,-2.0945698174363105,98.46610216382052
Laser1.png,3157.0,1448.67724609375,2.4140975760535115,-2.0950858405855537,98.46651191154021
Laser1.png,3158.0,1448.5672607421875,2.418535158829042,-2.0955846423195057,98.46693097277621
Laser1.png,3159.0,1448.50927734375,2.422975822719675,-2.0958546176850237,98.46747371620923
Laser1.png,3160.0,1448.2828369140625,2.4274064702217113,-2.0968662105998903,98.46761560560657
Laser1.png,3161.0,1448.4630126953125,2.431861213406717,-2.0960874108764225,98.46872521249857
Laser1.png,3162.0,1448.4520263671875,2.436304803257142,-2.096150137148048,98.46937999644379
Laser1.png,3163.0,1448.4332275390625,2.4407479882125367,-2.0962474979660377,98.47001606970552
Laser1.png,3164.0,1448.6173095703125,2.4452032215485873,-2.0954514458263054,98.47113504160014
Laser1.png,3165.0,1448.651123046875,2.4496496591734838,-2.095317060983245,98.4718963954485
Laser1.png,3166.0,1448.907958984375,2.4541093949061197,-2.0942005626011544,98.47318859977514
Laser1.png,3167.0,1448.9781494140625,2.4585581573596667,-2.0939058626012743,98.47403663080279
Laser1.png,3168.0,1449.2020263671875,2.463016145669531,-2.0929343945393155,98.47525047708855
Laser1.png,3169.0,1449.2769775390625,2.467465360421332,-2.0926188230065192,98.47610981585916
Laser1.png,3170.0,1449.3662109375,2.4719155066095055,-2.092240319218488,98.47700318296451
Laser1.png,3171.0,1449.4576416015625,2.4763658641821897,-2.091852197161924,98.47790176149601
Laser1.png,3172.0,1449.3839111328125,2.4808063983357727,-2.092191456914211,98.47840718070515
Laser1.png,3173.0,1449.7210693359375,2.485271664278928,-2.0907210266534597,98.47989080607528
Laser1.png,3174.0,1449.7469482421875,2.489718328788488,-2.090621594506648,98.4806333758393
Laser1.png,3175.0,1450.0015869140625,2.4941790386349387,-2.08951454795533,98.4819206420523
Laser1.png,3176.0,1450.2681884765625,2.4986404047264164,-2.088354695973307,98.48323644146978
Laser1.png,3177.0,1450.5322265625,2.5031017330570156,-2.08720623893408,98.48454609976748
Laser1.png,3178.0,1450.76904296875,2.5075615300709138,-2.086177635262741,98.48579098929326
Laser1.png,3179.0,1450.9407958984375,2.5120174888153377,-2.0854355708279284,98.48688100551723
Laser1.png,3180.0,1451.2247314453125,2.5164805542881545,-2.084199429536071,98.48823814397582
Laser1.png,3181.0,1451.101806640625,2.5209187640299278,-2.084755246445265,98.4886266042356
Laser1.png,3182.0,1451.064453125,2.5253624144919784,-2.0849343533973745,98.48921873585176
Laser1.png,3183.0,1450.984375,2.52980332260752,-2.0853015484540576,98.48970917207319
Laser1.png,3184.0,1450.845947265625,2.534240884253111,-2.085925757194331,98.49006070835681
Laser1.png,3185.0,1450.656005859375,2.5386751317838563,-2.086776870278109,98.49028956119618
Laser1.png,3186.0,1450.2891845703125,2.5430987105601477,-2.0884069886477814,98.49009732859602
Laser1.png,3187.0,1450.060546875,2.5475305964049486,-2.089428597953856,98.49023401685255
Laser1.png,3188.0,1449.6982421875,2.5519544323146577,-2.091038940859029,98.49005247160811
Laser1.png,3189.0,1449.531005859375,2.556390307059028,-2.091790131450986,98.4903353768908
Laser1.png,3190.0,1449.2327880859375,2.5608179137230374,-2.0931182616757957,98.49030636498068
Laser1.png,3191.0,1449.20654296875,2.565262571924696,-2.0932482707636164,98.49092508803817
Laser1.png,3192.0,1449.2135009765625,2.5697093478731405,-2.0932320965027,98.49162284733417
Laser1.png,3193.0,1449.296875,2.574160756339525,-2.0928794750040893,98.4925024744859
Laser1.png,3194.0,1449.5921630859375,2.5786256414642392,-2.091593305728018,98.49388683099124
Laser1.png,3195.0,1449.677490234375,2.5830775395241825,-2.09123195590077,98.49477123351735
Laser1.png,3196.0,1449.8990478515625,2.5875380416798115,-2.0902704083128785,98.49598012795177
Laser1.png,3197.0,1449.84765625,2.5919813603242554,-2.0905114127732776,98.49653888127598
Laser1.png,3198.0,1449.81982421875,2.5964263947587094,-2.090648487681118,98.49715385825174
Laser1.png,3199.0,1449.7547607421875,2.600869143903773,-2.0909495360526806,98.49768019446832
Laser1.png,3200.0,1449.6494140625,2.605309401191819,-2.091428163567375,98.49811053234299
Laser1.png,3201.0,1449.36669921875,2.6097385067163743,-2.0926880177559597,98.49811851389305
Laser1.png,3202.0,1448.9329833984375,2.614158069166214,-2.0946129988161086,98.49776689888365
Laser1.png,3203.0,1448.5369873046875,2.61858016968328,-2.0963720052853505,98.49750504125018
Laser1.png,3204.0,1447.41064453125,2.622955747544024,-2.101347839732885,98.49550396920091
Laser1.png,3205.0,1446.92138671875,2.6273716143153965,-2.1035175847074634,98.49501999566648
Laser1.png,3206.0,1446.502197265625,2.631791899680886,-2.1053784448483333,98.49470301668131
Laser1.png,3207.0,1446.220703125,2.6362211144538215,-2.1066329976469027,98.49471386953597
Laser1.png,3208.0,1446.5159912109375,2.6406869721333064,-2.105346992809111,98.49609828820675
Laser1.png,3209.0,1447.3089599609375,2.645184786331172,-2.1018686929390364,98.4986680348573
Laser1.png,3210.0,1447.5592041015625,2.64964806332282,-2.100780998237938,98.49994527943359
Laser1.png,3211.0,1447.539306640625,2.654094118896295,-2.100883317061316,98.50057912802156
Laser1.png,3212.0,1448.60595703125,2.6586100821757053,-2.096199047394945,98.50380100558732
Laser1.png,3213.0,1448.6168212890625,2.663058350109831,-2.096165841090189,98.50450816647233
Laser1.png,3214.0,1448.7474365234375,2.667514592251944,-2.095604960464116,98.50550067356922
Laser1.png,3215.0,1448.0439453125,2.6719168493254037,-2.0987185461794193,98.50450640812562
Laser1.png,3216.0,1448.117919921875,2.67636951394512,-2.0984072859754943,98.50536396016399
Laser1.png,3217.0,1448.5565185546875,2.6808457105296184,-2.0964895880126786,98.50709009730429
Laser1.png,3218.0,1448.628662109375,2.6852984493572016,-2.096186463158933,98.50794328060384
Laser1.png,3219.0,1448.719970703125,2.6897523317630565,-2.0957986185786965,98.50884225592743
Laser1.png,3220.0,1448.9493408203125,2.694215471918221,-2.0948027050253604,98.5100700624669
Laser1.png,3221.0,1449.1988525390625,2.6986798530698306,-2.0937180581016444,98.5113458371532
Laser1.png,3222.0,1449.2725830078125,2.703133046401863,-2.0934076397941466,98.51220301782413
Laser1.png,3223.0,1449.3544921875,2.707586664081295,-2.093061477569355,98.5130795095006
Laser1.png,3224.0,1449.381103515625,2.7120369212190965,-2.0929587653455326,98.51382440202087
Laser1.png,3225.0,1449.4046630859375,2.7164870454914722,-2.0928694761827944,98.51456204670436
Laser1.png,3226.0,1449.203125,2.7209222399423525,-2.093771976264058,98.51476337847116
Laser1.png,3227.0,1449.2484130859375,2.7253739060591187,-2.0935869053729257,98.51555283289846
Laser1.png,3228.0,1449.07568359375,2.729811250331588,-2.094362426515062,98.51582286582989
Laser1.png,3229.0,1449.101806640625,2.7342617667797784,-2.0942618982601577,98.51656662263844
Laser1.png,3230.0,1448.9317626953125,2.7386993583407397,-2.095025637210275,98.51684303765987
Laser1.png,3231.0,1448.94970703125,2.743149444394831,-2.0949612149405437,98.5175672875812
Laser1.png,3232.0,1448.9935302734375,2.7476011325500305,-2.0947826787878814,98.51835322698761
Laser1.png,3233.0,1449.037109375,2.752053059585861,-2.0946052289092494,98.51913861853782
Laser1.png,3234.0,1449.100341796875,2.7565063696868384,-2.0943410564360216,98.51997091760664
Laser1.png,3235.0,1449.3780517578125,2.7609740739936512,-2.093132018483815,98.52131418188802
Laser1.png,3236.0,1449.2559814453125,2.7654151626051666,-2.0936844299813098,98.52170492178624
Laser1.png,3237.0,1449.4937744140625,2.7698803941759373,-2.0926511670196497,98.52295316208098
Laser1.png,3238.0,1449.562744140625,2.774334408585108,-2.092361930305635,98.52379906538206
Laser1.png,3239.0,1449.57373046875,2.7787847902551555,-2.0923279651761555,98.52450696236795
Laser1.png,3240.0,1449.6156005859375,2.783237127573915,-2.0921581048779743,98.5252883311094
Laser1.png,3241.0,1449.6226806640625,2.787687192429299,-2.0921413735411267,98.5259868999794
Laser1.png,3242.0,1449.6280517578125,2.792137203603431,-2.092132262310681,98.52668135771121
Laser1.png,3243.0,1449.6663818359375,2.7965895083495593,-2.091977818970447,98.5274544206022
Laser1.png,3244.0,1449.6971435546875,2.8010415512273834,-2.091856940181675,98.52820937107944
Laser1.png,3245.0,1449.5582275390625,2.805481966848809,-2.092483594214775,98.52856003300595
Laser1.png,3246.0,1449.8118896484375,2.8099490941829472,-2.091380388490143,98.52984622566252
Laser1.png,3247.0,1449.83935546875,2.814401126076379,-2.0912738363298784,98.53059346069001
Laser1.png,3248.0,1449.83740234375,2.818851033904213,-2.0912970159572364,98.53127051635438
Laser1.png,3249.0,1450.0113525390625,2.823313202102823,-2.0905448690916892,98.53236692335054
Laser1.png,3250.0,1449.9971923828125,2.8277624148325313,-2.0906219347673387,98.5330148579635
Laser1.png,3251.0,1450.008544921875,2.832213622093264,-2.090586320896405,98.53372377059476
Laser1.png,3252.0,1450.0234375,2.836664949197056,-2.090535282441871,98.53444100670528
Laser1.png,3253.0,1450.2222900390625,2.841129168323631,-2.0896735037731657,98.53559675949182
Laser1.png,3254.0,1450.2301025390625,2.8455801603063007,-2.089653486842917,98.53629724105514
Laser1.png,3255.0,1450.2706298828125,2.8500336509151465,-2.089489573734875,98.53707558641689
Laser1.png,3256.0,1450.2567138671875,2.854483456243545,-2.0895653665350538,98.53772429819804
Laser1.png,3257.0,1450.318359375,2.858938360923699,-2.0893081786355667,98.53855308371878
Laser1.png,3258.0,1450.526123046875,2.863403643644607,-2.088407153288029,98.53973013252337
Laser1.png,3259.0,1450.60107421875,2.8678598210316677,-2.088091337386461,98.54059068176318
Laser1.png,3260.0,1450.6705322265625,2.8723156957525906,-2.0877996512474257,98.54143819214926
Laser1.png,3261.0,1451.6282958984375,2.8768332783531974,-2.0835930211711315,98.54440314978481
Laser1.png,3262.0,1451.664306640625,2.881287069391166,-2.083448827964521,98.54517092410433
Laser1.png,3263.0,1451.7996826171875,2.885747868634389,-2.0828665363197625,98.54617566547455
Laser1.png,3264.0,1452.3358154296875,2.8902367763802617,-2.080518010425943,98.54813573877922
Laser1.png,3265.0,1451.9957275390625,2.8946645038526047,-2.082031496723041,98.54800694611654
Laser1.png,3266.0,1452.068115234375,2.89912114951866,-2.081726850864944,98.54886155374038
Laser1.png,3267.0,1451.2415771484375,2.9035147297740367,-2.0853843995963532,98.54757306304792
Laser1.png,3268.0,1451.200927734375,2.9079634784964776,-2.0855781373541458,98.54815810714285
Laser1.png,3269.0,1450.9798583984375,2.9123997550209886,-2.0865669546682684,98.54831313163194
Laser1.png,3270.0,1450.9501953125,2.9168493656603447,-2.0867122449251516,98.5489243944034
Laser1.png,3271.0,1450.703857421875,2.921283719586811,-2.0878125012428934,98.54901911995405
Laser1.png,3272.0,1450.875244140625,2.9257476479924263,-2.0870716136607705,98.55010973747655
Laser1.png,3273.0,1450.6136474609375,2.930181165342799,-2.088239214698921,98.55016807363076
Laser1.png,3274.0,1450.570556640625,2.934630017056018,-2.088443682107063,98.55074735662306
Laser1.png,3275.0,1450.7606201171875,2.9390955006306543,-2.0876203931619743,98.5518825816937
Laser1.png,3276.0,1450.7628173828125,2.9435477075268177,-2.0876252229080094,98.55256987355914
Laser1.png,3277.0,1450.9591064453125,2.9480140042603784,-2.0867745046386026,98.553719993138
Laser1.png,3278.0,1451.0157470703125,2.952470244515104,-2.0865393943337396,98.55453709858772
Laser1.png,3279.0,1451.18408203125,2.9569347344692742,-2.0858118825049576,98.55562060134787
Laser1.png,3280.0,1451.177978515625,2.9613866387396452,-2.0858533623281295,98.55628811317429
Laser1.png,3281.0,1451.1513671875,2.9658373163983955,-2.085985229623929,98.55690676848064
Laser1.png,3282.0,1451.279052734375,2.9702989557143895,-2.085436835169679,98.5578933890889
Laser1.png,3283.0,1451.056640625,2.974735670762564,-2.0864317394501883,98.55804520418319
Laser1.png,3284.0,1451.17626953125,2.9791970534259224,-2.085918918221139,98.55901263167516
Laser1.png,3285.0,1451.1376953125,2.9836469195112643,-2.086103424970338,98.55960281907366
Laser1.png,3286.0,1451.102294921875,2.9880972495645137,-2.0862741402010734,98.5602005039999
Laser1.png,3287.0,1451.2327880859375,2.992559648000416,-2.0857133884553076,98.56119389565431
Laser1.png,3288.0,1451.20166015625,2.9970102330007475,-2.0858650451758702,98.56180188157471
Laser1.png,3289.0,1451.144287109375,3.001459149636376,-2.0861325067997334,98.56234725726245
Laser1.png,3290.0,1451.10791015625,3.005909642755826,-2.086307401675065,98.5629427170511
Laser1.png,3291.0,1451.09814453125,3.010362127043864,-2.0863650429687266,98.56360161709043
Laser1.png,3292.0,1451.1070556640625,3.0148160344607726,-2.0863402787128393,98.56430510647174
Laser1.png,3293.0,1451.1412353515625,3.0192718523579196,-2.0862040649790594,98.56506889855329
Laser1.png,3294.0,1450.97412109375,3.023713011534173,-2.086955271085627,98.56535261433244
Laser1.png,3295.0,1451.065673828125,3.028173148251008,-2.0865662103986207,98.56625321357018
Laser1.png,3296.0,1451.3717041015625,3.0326491048166497,-2.085231614551745,98.56766535950096
Laser1.png,3297.0,1451.4698486328125,3.037109911977155,-2.0848134855991955,98.5685817135717
Laser1.png,3298.0,1451.6068115234375,3.0415736596892473,-2.0842241722379318,98.56959069245703
Laser1.png,3299.0,1451.524169921875,3.046021314178904,-2.084602920295148,98.57007595369372
Laser1.png,3300.0,1451.8385009765625,3.05049831095599,-2.083231757405098,98.57150794924901
Laser1.png,3301.0,1451.739990234375,3.054945105491573,-2.0836805785839556,98.57195534844008
Laser1.png,3302.0,1452.017822265625,3.0594196195841104,-2.082470032308735,98.57330048004442
Laser1.png,3303.0,1452.2620849609375,3.063891761715091,-2.0814077677085834,98.5745654062369
Laser1.png,3304.0,1452.477783203125,3.0683619030244906,-2.0804711007454824,98.57576239807412
Laser1.png,3305.0,1452.468017578125,3.0728155684789025,-2.080528711111813,98.57642149779312
Laser1.png,3306.0,1452.234375,3.0772524384917177,-2.081573355051113,98.57654655605788
Laser1.png,3307.0,1451.6646728515625,3.0816644428000486,-2.0840997056552792,98.57586998030419
Laser1.png,3308.0,1451.373779296875,3.086097209600983,-2.0853966815114813,98.5758585421283
Laser1.png,3309.0,1450.67041015625,3.090499127130061,-2.088512233541093,98.57486316536702
Laser1.png,3310.0,1450.0635986328125,3.094908186834578,-2.0912020475429527,98.57409812131993
Laser1.png,3311.0,1449.6929931640625,3.0993348909073344,-2.092850609947658,98.5738964423576
Laser1.png,3312.0,1449.589111328125,3.1037812438413064,-2.093323082493789,98.5743310387439
Laser1.png,3313.0,1449.2626953125,3.1082112631671626,-2.0947768718989614,98.57423474323429
Laser1.png,3314.0,1449.161865234375,3.1126582689977744,-2.0952359231310616,98.57467666709825
Laser1.png,3315.0,1449.268310546875,3.1171209492177177,-2.094781190166323,98.57561301975244
Laser1.png,3316.0,1448.9521484375,3.1215517906781938,-2.096189616395429,98.57554127609174
Laser1.png,3317.0,1448.7120361328125,3.125988375296298,-2.0972629519267705,98.57565084199746
Laser1.png,3318.0,1449.025634765625,3.130466918574102,-2.095894981957124,98.57708135805782
Laser1.png,3319.0,1448.7138671875,3.134898150541505,-2.097284005255561,98.57702012183996
Laser1.png,3320.0,1448.6800537109375,3.1393504909423533,-2.0974477395849616,98.57762187693889
Laser1.png,3321.0,1448.703125,3.1438072147773255,-2.0973606063569368,98.57835938345943
Laser1.png,3322.0,1448.7421875,3.1482652224318595,-2.0972030388769727,98.5791350121456
Laser1.png,3323.0,1448.7550048828125,3.1527212991629043,-2.097161103372779,98.57984808302196
Laser1.png,3324.0,1448.742431640625,3.1571754993607914,-2.097231171818092,98.58050055791956
Laser1.png,3325.0,1448.160400390625,3.1615861869960193,-2.0998119743717543,98.57979446010555
Laser1.png,3326.0,1448.3377685546875,3.1660549992793716,-2.0990444861271067,98.58090015674668
Laser1.png,3327.0,1447.5587158203125,3.1704508940408203,-2.1024938843190313,98.57972409717513
Laser1.png,3328.0,1446.656494140625,3.1748368531348086,-2.106486119210159,98.57825422372143
Laser1.png,3329.0,1446.566162109375,3.179285143633931,-2.1068991361315166,98.57872113245885
Laser1.png,3330.0,1446.2935791015625,3.1837198080321705,-2.108115373163433,98.57875345974756
Laser1.png,3331.0,1446.3021240234375,3.188175790419408,-2.108092576150423,98.57945621145265
Laser1.png,3332.0,1446.33203125,3.1926334905549174,-2.107975388704133,98.58021005105726
Laser1.png,3333.0,1446.2171630859375,3.197080058153365,-2.108496425198672,98.58061853289118
Laser1.png,3334.0,1446.5745849609375,3.2015632531663454,-2.106935407827481,98.582153710402
Laser1.png,3335.0,1446.9134521484375,3.2060451502153535,-2.1054560296388134,98.58364473059335
Laser1.png,3336.0,1447.057861328125,3.210512439104973,-2.104834163813581,98.58467178510979
Laser1.png,3337.0,1447.669677734375,3.2150158231982626,-2.1021513119378414,98.5868141094949
Laser1.png,3338.0,1449.06884765625,3.2195807557488205,-2.0959966091799243,98.59083528612963
Laser1.png,3339.0,1450.79296875,3.224171418397333,-2.0884084854336655,98.59563223273645
Laser1.png,3340.0,1450.82373046875,3.228630189664082,-2.0882874968295684,98.59638828493885
Laser1.png,3341.0,1451.0938720703125,3.233107765641863,-2.0871106680495077,98.59771573681411
Laser1.png,3342.0,1451.3577880859375,3.23758534091402,-2.0859614083520235,98.59902834482624
Laser1.png,3343.0,1451.633056640625,3.242063558014077,-2.0847620008515126,98.60036805288816
Laser1.png,3344.0,1451.8995361328125,3.246541204391104,-2.0836014196064414,98.60168676766943
Laser1.png,3345.0,1452.4283447265625,3.251039985852992,-2.0812837290786814,98.60363176856995
Laser1.png,3346.0,1452.56591796875,3.255507744750584,-2.0806914467376045,98.60464296756805
Laser1.png,3347.0,1452.908447265625,3.2599917695095226,-2.0791951719965875,98.60614341490579
Laser1.png,3348.0,1453.0673828125,3.264461788617889,-2.0785087863106186,98.60720563128653
Laser1.png,3349.0,1453.4090576171875,3.268945997749136,-2.077016253128012,98.60870409266268
Laser1.png,3350.0,1453.546142578125,3.2734145001924815,-2.0764260770076093,98.60971427284505
Laser1.png,3351.0,1453.60009765625,3.2778761286126694,-2.076202552922584,98.61052597496264
Laser1.png,3352.0,1453.20556640625,3.2823025625520694,-2.0779572688893038,98.61026709890885
Laser1.png,3353.0,1452.0518798828125,3.2866685726882103,-2.0830603023335437,98.60819605776936
Laser1.png,3354.0,1451.4613037109375,3.291079261922919,-2.0856795222075015,98.607469275538
Laser1.png,3355.0,1451.0894775390625,3.295507337087032,-2.087333921321449,98.60726466643055
Laser1.png,3356.0,1450.93994140625,3.29995277875071,-2.0880080956296942,98.60759052128721
Laser1.png,3357.0,1450.913330078125,3.304408453381932,-2.0881400468976214,98.60820990568777
Laser1.png,3358.0,1451.1046142578125,3.3088816401677232,-2.0873108289891085,98.60934951668477
Laser1.png,3359.0,1451.3463134765625,3.313358600042129,-2.08625949766949,98.61060930271108
Laser1.png,3360.0,1451.9691162109375,3.317866656764601,-2.0835270491487825,98.61277905498461
Laser1.png,3361.0,1452.3958740234375,3.3223587726996526,-2.08165930471967,98.61448076291325
Laser1.png,3362.0,1452.75390625,3.3268458816565274,-2.080094428442329,98.61601862462317
Laser1.png,3363.0,1453.8939208984375,3.3313961941457606,-2.075080337236081,98.61942340738831
Laser1.png,3364.0,1454.01025390625,3.335863776940886,-2.0745816158855783,98.62038420396163
Laser1.png,3365.0,1453.8963623046875,3.340313196274557,-2.0750985500581227,98.62079533645999
Laser1.png,3366.0,1453.57666015625,3.344745988678869,-2.076523257156292,98.62071512915762
Laser1.png,3367.0,1453.2193603515625,3.349175722451484,-2.0781139660312284,98.6205450691778
Laser1.png,3368.0,1452.880859375,3.353606968672327,-2.0796216682786843,98.620419936013
Laser1.png,3369.0,1452.7479248046875,3.358054917091036,-2.0802225330112836,98.62078565066807
Laser1.png,3370.0,1452.61376953125,3.362502797943438,-2.0808288508596857,98.62114841878511
Laser1.png,3371.0,1452.5440673828125,3.3669559674668954,-2.081150752612407,98.621665141809
Laser1.png,3372.0,1452.2877197265625,3.371393946078959,-2.082296133769698,98.62173613289356
Laser1.png,3373.0,1452.4456787109375,3.3758657948939956,-2.081613850310636,98.62279642407447
Laser1.png,3374.0,1452.445556640625,3.380324800233235,-2.081628996653892,98.62347921472816
Laser1.png,3375.0,1452.4730224609375,3.384786131371488,-2.0815222716016293,98.6242279838099
Laser1.png,3376.0,1452.5257568359375,3.3892496013535434,-2.0813042066268665,98.62503703199117
Laser1.png,3377.0,1452.442626953125,3.393701980340181,-2.081685516322353,98.62552164607484
Laser1.png,3378.0,1452.7332763671875,3.3981851588638863,-2.0804177989123294,98.62689890237691
Laser1.png,3379.0,1452.8775634765625,3.402656773022533,-2.079795763735921,98.62792671829808
Laser1.png,3380.0,1453.03466796875,3.407129167345158,-2.0791172249658483,98.62898507779163
Laser1.png,3381.0,1453.2113037109375,3.4116032697700582,-2.0783525738821527,98.63009006658228
Laser1.png,3382.0,1453.368408203125,3.4160758581986377,-2.077674004741588,98.63114847250563
Laser1.png,3383.0,1453.7364501953125,3.4205660159669926,-2.07606466134885,98.63271074864224
Laser1.png,3384.0,1453.2042236328125,3.424981649521091,-2.0784273755864184,98.63212284040074
Laser1.png,3385.0,1453.6141357421875,3.4294758392768743,-2.0766332921371573,98.6337852091115
Laser1.png,3386.0,1453.6407470703125,3.4339379345067984,-2.076530514319919,98.6345319713217
Laser1.png,3387.0,1453.95703125,3.438424220204642,-2.0751494381437,98.63597074375747
Laser1.png,3388.0,1453.9083251953125,3.4428802040109723,-2.075378895785966,98.6365376766548
Laser1.png,3389.0,1453.9249267578125,3.4473420629328784,-2.075320067832547,98.6372607387489
Laser1.png,3390.0,1455.647705078125,3.4519462336674187,-2.067733178986953,98.64205911360737
Laser1.png,3391.0,1457.4703369140625,3.4565588406539733,-2.0597049515877863,98.64709642134365
Laser1.png,3392.0,1458.107177734375,3.4610732637845016,-2.0569089497990305,98.64930137849454
Laser1.png,3393.0,1458.28271484375,3.4655488024686893,-2.0561486165560012,98.65040426502787
Laser1.png,3394.0,1458.493896484375,3.4700274376604043,-2.0552309111601694,98.65159236374296
Laser1.png,3395.0,1458.6597900390625,3.4745027391824115,-2.0545130619549776,98.6526723392583
Laser1.png,3396.0,1457.490966796875,3.4788656778962714,-2.0596858298812406,98.65056327572532
Laser1.png,3397.0,1451.9013671875,3.4828559247391477,-2.084364331734512,98.63789417852361
Laser1.png,3398.0,1452.254638671875,3.487346195754623,-2.0828203795851525,98.63942126423544
Laser1.png,3399.0,1453.16455078125,3.4918840487378002,-2.0788201499932346,98.64227823265963
Laser1.png,3400.0,1453.5225830078125,3.4963750634939004,-2.0772549699804537,98.64381686313051
Laser1.png,3401.0,1453.688720703125,3.500849952146638,-2.076536327230023,98.64489720193052
Laser1.png,3402.0,1453.416015625,3.5052880510842677,-2.077754280297212,98.6449291374705
Laser1.png,3403.0,1453.3125,3.509740539147371,-2.0782253952605974,98.64536541547666
Laser1.png,3404.0,1453.1636962890625,3.514189208780369,-2.078896532294121,98.64569340585408
Laser1.png,3405.0,1452.9876708984375,3.518635219466573,-2.079687755752534,98.64595632724492
Laser1.png,3406.0,1452.5968017578125,3.5230632901531513,-2.0814271075618067,98.64570597718777
Laser1.png,3407.0,1452.3935546875,3.527507369695749,-2.08233842040546,98.64590394077493
Laser1.png,3408.0,1452.1429443359375,3.5319474171942575,-2.0834586520102434,98.64598879347369
Laser1.png,3409.0,1451.9136962890625,3.53638929883213,-2.0844847834699527,98.6461245958103
Laser1.png,3410.0,1451.7203369140625,3.5408339017795187,-2.0853525058022258,98.64634611051802
Laser1.png,3411.0,1451.580078125,3.5452834507597224,-2.0859860687903473,98.64669446778368
Laser1.png,3412.0,1451.697998046875,3.549755230441196,-2.085480233219882,98.64765974512653
Laser1.png,3413.0,1451.7197265625,3.5542188154673524,-2.085398945910894,98.64839516726236
Laser1.png,3414.0,1451.836181640625,3.5586906283887894,-2.0848998176596076,98.64935683839911
Laser1.png,3415.0,1452.2327880859375,3.5631867097775163,-2.083164210746256,98.65098801527398
Laser1.png,3416.0,1452.5390625,3.5676747615989908,-2.0818273305053245,98.65240326539084
Laser1.png,3417.0,1453.0863037109375,3.572184160340515,-2.079427019349204,98.65439439611697
Laser1.png,3418.0,1453.562744140625,3.5766876065335387,-2.077339118697266,98.65621639630717
Laser1.png,3419.0,1453.9605712890625,3.5811844017272847,-2.075597996922801,98.65785065310298
Laser1.png,3420.0,1454.5050048828125,3.585694079008725,-2.073209783144738,98.65983531351635
Laser1.png,3421.0,1454.6070556640625,3.590165467902042,-2.0727738925258206,98.66076287052265
Laser1.png,3422.0,1454.799560546875,3.5946448164941835,-2.07193878672054,98.6619066064863
Laser1.png,3423.0,1454.71533203125,3.599100142280109,-2.0723251001904432,98.66238898305791
Laser1.png,3424.0,1454.7501220703125,3.603565900891158,-2.072186101253975,98.66315581511377
Laser1.png,3425.0,1454.558837890625,3.6080119751981075,-2.073044679883574,98.66338248097134
Laser1.png,3426.0,1454.5201416015625,3.612471417432603,-2.0732300352480397,98.66397369533158
Laser1.png,3427.0,1454.3741455078125,3.6169215131739834,-2.0738889261026126,98.66430850028318
Laser1.png,3428.0,1454.239990234375,3.6213726792230645,-2.074495489412157,98.66467164529705
Laser1.png,3429.0,1453.8038330078125,3.625797725006278,-2.0764348805330277,98.66431312128907
Laser1.png,3430.0,1453.7232666015625,3.6302536339914044,-2.0768050535417224,98.66480427858237
Laser1.png,3431.0,1453.5166015625,3.6346984882276274,-2.077731615126566,98.66499415198045
Laser1.png,3432.0,1452.5166015625,3.6390737954739785,-2.082159574084686,98.66328802528456
Laser1.png,3433.0,1451.4471435546875,3.643442825534985,-2.086893709904806,98.66141607406811
Laser1.png,3434.0,1450.67138671875,3.647837267772892,-2.0903317185591788,98.66024592177884
Laser1.png,3435.0,1450.156982421875,3.6522550952703217,-2.0926163417941424,98.6597003992813
Laser1.png,3436.0,1449.6483154296875,3.6566733807737077,-2.0948756865280065,98.65916855821234
Laser1.png,3437.0,1449.5093994140625,3.6611240377327605,-2.0955033701297334,98.659520252746
Laser1.png,3438.0,1449.4534912109375,3.665582095689798,-2.095764794563932,98.66007029547386
Laser1.png,3439.0,1449.72802734375,3.670069950967128,-2.0945678700021486,98.66141016015617
Laser1.png,3440.0,1449.942138671875,3.6745521754193082,-2.0936378081907616,98.66260546799057
Laser1.png,3441.0,1450.512939453125,3.679066300218626,-2.0911333778468335,98.66465339092814
Laser1.png,3442.0,1451.024658203125,3.683575706823579,-2.088889762810921,98.66656015450039
Laser1.png,3443.0,1451.6220703125,3.6880925722891593,-2.0862679344719965,98.66867171158218
Laser1.png,3444.0,1452.3486328125,3.6926211875948995,-2.0830757843471965,98.67109216219015
Laser1.png,3445.0,1453.3360595703125,3.697173388478938,-2.0787320965114935,98.67413627878653
Laser1.png,3446.0,1454.984375,3.701785136490203,-2.0714709384917396,98.67876044769328
Laser1.png,3447.0,1455.2374267578125,3.7062724003232987,-2.0703685077238534,98.68004934335121
Laser1.png,3448.0,1455.4649658203125,3.7107571205613477,-2.0693785466545664,98.68127728889698
Laser1.png,3449.0,1455.1536865234375,3.7151938254876535,-2.0707670590361795,98.68121717583017
Laser1.png,3450.0,1454.8487548828125,3.7196310963623604,-2.072127581586497,98.68117222075338
Laser1.png,3451.0,1454.3048095703125,3.7240467968502022,-2.0745432778014687,98.68055579631134
Laser1.png,3452.0,1454.373291015625,3.728517391160816,-2.074255607726509,98.68140342524293
Laser1.png,3453.0,1454.3292236328125,3.732978255865561,-2.074464631644148,98.68198211639267
Laser1.png,3454.0,1454.186279296875,3.737430222211846,-2.0751100176187034,98.68232448250569
Laser1.png,3455.0,1454.5223388671875,3.7419256382701316,-2.0736411982986733,98.68381191242764
Laser1.png,3456.0,1454.6806640625,3.7464046913851186,-2.0729567577401813,98.68487448137793
Laser1.png,3457.0,1454.877197265625,3.7508876828068343,-2.0721036396377746,98.68602848000317
Laser1.png,3458.0,1455.0665283203125,3.7553701235320083,-2.0712823083764613,98.68716527861459
Laser1.png,3459.0,1455.1822509765625,3.759845961682979,-2.0707859373193656,98.68812608895196
Laser1.png,3460.0,1455.26611328125,3.7643189806452266,-2.070430236874053,98.68901072252831
Laser1.png,3461.0,1455.3612060546875,3.7687931061319273,-2.0700249097472003,98.68992224757916
Laser1.png,3462.0,1455.4365234375,3.773265503805999,-2.069707002367498,98.69078643632993
Laser1.png,3463.0,1455.3304443359375,3.77772137986695,-2.070189752904691,98.69121697449457
Laser1.png,3464.0,1455.35595703125,3.7821893529561166,-2.0700915946473013,98.6919621602444
Laser1.png,3465.0,1455.0985107421875,3.786631431723804,-2.071242694215276,98.69203070776071
Laser1.png,3466.0,1455.0020751953125,3.791088307213596,-2.071682925130064,98.69248429421992
Laser1.png,3467.0,1454.8173828125,3.7955371059454257,-2.072512858846143,98.69272680524409
Laser1.png,3468.0,1454.5712890625,3.799980274627859,-2.0736138029457325,98.6928225263707
Laser1.png,3469.0,1454.13037109375,3.804405489727742,-2.075575016364479,98.69245227903099
Laser1.png,3470.0,1453.926025390625,3.808852877211703,-2.0764916591630342,98.69264788544469
Laser1.png,3471.0,1453.5777587890625,3.8132866138491104,-2.0780437261317233,98.69249925131612
Laser1.png,3472.0,1453.6636962890625,3.817760504315758,-2.077678805319834,98.69338898436911
Laser1.png,3473.0,1453.654541015625,3.822225663773366,-2.0777339246872097,98.69405120634728
Laser1.png,3474.0,1453.68798828125,3.826695207846242,-2.0776007419296185,98.69481549343107
Laser1.png,3475.0,1453.41650390625,3.8311361427066855,-2.078813860077434,98.69485047163059
Laser1.png,3476.0,1452.0797119140625,3.8354784445646435,-2.084730043633188,98.69233794024318
Laser1.png,3477.0,1451.925048828125,3.8399301420581287,-2.0854273314538183,98.69265231968843
Laser1.png,3478.0,1451.336669921875,3.844341832862448,-2.08803951176352,98.69192948289972
Laser1.png,3479.0,1450.623291015625,3.8487418068902506,-2.0912032366706876,98.69090786772766
Laser1.png,3480.0,1450.43212890625,3.853190072766794,-2.0920617382261297,98.69113491467849
Laser1.png,3481.0,1450.4727783203125,3.857660024263245,-2.091897046180307,98.69191623013515
Laser1.png,3482.0,1450.31201171875,3.862111569224567,-2.092621434479437,98.69221599449693
Laser1.png,3483.0,1450.4742431640625,3.866593034299063,-2.0919198755627413,98.6932881540643
Laser1.png,3484.0,1450.875732421875,3.871097406876904,-2.0901621679258415,98.69493251517972
Laser1.png,3485.0,1453.7550048828125,3.8758338909234205,-2.0774651002758384,98.7025028166797
Laser1.png,3486.0,1455.67529296875,3.8804809190468412,-2.0690006948145245,98.70778030527167
Laser1.png,3487.0,1456.4849853515625,3.8850246166956324,-2.0654398011390733,98.71040163197996
Laser1.png,3488.0,1456.552978515625,3.889498273575929,-2.0651539668637455,98.71124874704064
Laser1.png,3489.0,1456.7020263671875,3.8939800232994464,-2.064510335158791,98.71228976152901
Laser1.png,3490.0,1456.2940673828125,3.8984088741485126,-2.0663263448941813,98.71199825817833
Laser1.png,3491.0,1455.7369384765625,3.9028239607863875,-2.06880100920544,98.71134998899686
Laser1.png,3492.0,1453.853759765625,3.907113796518165,-2.0771311170034896,98.70752962189454
Laser1.png,3493.0,1453.199951171875,3.911519463047919,-2.0800324193152995,98.7066501824579
Laser1.png,3494.0,1452.8323974609375,3.9159522117106627,-2.0816699563831835,98.70645537640098
Laser1.png,3495.0,1452.5665283203125,3.9203946038681234,-2.082858498554518,98.70650381262081
Laser1.png,3496.0,1452.22900390625,3.924830186946518,-2.0843633316612644,98.70638089627796
Laser1.png,3497.0,1451.99462890625,3.9292752090944063,-2.085412815601126,98.7065046118033
Laser1.png,3498.0,1451.709228515625,3.933715749728701,-2.0866875207992273,98.70650636919723
Laser1.png,3499.0,1451.3118896484375,3.93814560742759,-2.0884564629261813,98.70624036401904
Laser1.png,3500.0,1451.294921875,3.9426117827368983,-2.088546017942825,98.70688420255595
Laser1.png,3501.0,1451.0067138671875,3.947052068966627,-2.089833270289951,98.70687916488883
Laser1.png,3502.0,1450.7996826171875,3.951500129137627,-2.0907620721878346,98.70706832883292
Laser1.png,3503.0,1450.786865234375,3.955966827654429,-2.090833284082342,98.70772212475289
Laser1.png,3504.0,1450.955322265625,3.9604509832736654,-2.090104148815865,98.70880954890056
Laser1.png,3505.0,1450.9935302734375,3.9649227212156193,-2.0899501377440357,98.70958539032286
Laser1.png,3506.0,1451.2535400390625,3.9694158681154703,-2.088816702767643,98.7108918908875
Laser1.png,3507.0,1451.6085205078125,3.9739182771809487,-2.08726404565178,98.71242554438312
Laser1.png,3508.0,1451.7879638671875,3.978403904102236,-2.0864862993420807,98.71353936968916
Laser1.png,3509.0,1452.2449951171875,3.982916425282175,-2.0844829037373054,98.71531727686212
Laser1.png,3510.0,1452.8897705078125,3.987447255712901,-2.0816502559622543,98.71754450735136
Laser1.png,3511.0,1453.2008056640625,3.991945998279515,-2.0802913665040044,98.71897326426347
Laser1.png,3512.0,1453.5709228515625,3.996450593540316,-2.078671544788363,98.72054341930537
Laser1.png,3513.0,1453.8648681640625,4.0009479462667406,-2.0773880225364554,98.7219313816206
Laser1.png,3514.0,1454.5859375,4.0054868934889996,-2.074218115610938,98.72434145702198
Laser1.png,3515.0,1455.2923583984375,4.01002426767961,-2.0711127828292932,98.72671652064398
Laser1.png,3516.0,1455.5968017578125,4.014523484145357,-2.069782708583662,98.7281298362937
Laser1.png,3517.0,1455.909423828125,4.019023253439142,-2.068416591939681,98.72956264356598
Laser1.png,3518.0,1455.943603515625,4.023495998533664,-2.068280197876792,98.73032915569647
Laser1.png,3519.0,1455.788818359375,4.027950366901545,-2.0689782483908497,98.73064353835777
Laser1.png,3520.0,1455.761962890625,4.032417636643907,-2.069111340413961,98.73126410527456
Laser1.png,3521.0,1455.975341796875,4.036908099431747,-2.0681834051134875,98.73245954472469
Laser1.png,3522.0,1456.279296875,4.04140754396874,-2.066855392492288,98.73387178569477
Laser1.png,3523.0,1456.363037109375,4.045885889598751,-2.0665000398259585,98.73475705741436
Laser1.png,3524.0,1456.427978515625,4.050362098105185,-2.0662277838620864,98.73559725702404
Laser1.png,3525.0,1456.5535888671875,4.054844721840846,-2.065687296580584,98.73658287189345
Laser1.png,3526.0,1456.832275390625,4.059342123385949,-2.0644708508330947,98.73793472642163
Laser1.png,3527.0,1457.1142578125,4.063839972549558,-2.0632398232076405,98.73929450148972
Laser1.png,3528.0,1457.3543701171875,4.0683341904643004,-2.0621935332876764,98.740554247346
Laser1.png,3529.0,1457.277587890625,4.072796861690187,-2.0625471925487404,98.7410553438202
Laser1.png,3530.0,1456.8321533203125,4.0772235082288155,-2.0645294127721843,98.74067400779913
Laser1.png,3531.0,1456.2265625,4.08163427425842,-2.0672190335395797,98.73990933219721
Laser1.png,3532.0,1454.488525390625,4.085933172824707,-2.074910629337286,98.73643415725165
Laser1.png,3533.0,1454.2105712890625,4.090376167660877,-2.076152991041851,98.7364537093303
Laser1.png,3534.0,1454.1748046875,4.094842839801994,-2.0763254122350925,98.73705300802204
Laser1.png,3535.0,1454.14990234375,4.099311012316028,-2.0764500125575367,98.73767828693197
Laser1.png,3536.0,1454.1978759765625,4.1037864906867965,-2.076252753593751,98.73847799349596
Laser1.png,3537.0,1454.0830078125,4.108245825577615,-2.076774682751554,98.73888797305929
Laser1.png,3538.0,1454.1441650390625,4.112722744620714,-2.076519233735259,98.7397192335685
Laser1.png,3539.0,1454.4327392578125,4.117222071797166,-2.0752590721966016,98.7410949239526
Laser1.png,3540.0,1454.198974609375,4.121669700557721,-2.07630618848607,98.74122031817699
Laser1.png,3541.0,1454.1026611328125,4.1261310866880985,-2.076746300792989,98.74167466744397
Laser1.png,3542.0,1453.629150390625,4.13055474349016,-2.078852497043899,98.74122611693774
Laser1.png,3543.0,1454.0809326171875,4.135071117554912,-2.0768714981819385,98.74299256227394
Laser1.png,3544.0,1453.91357421875,4.139525518567108,-2.077625312927146,98.74327692539948
Laser1.png,3545.0,1454.0784912109375,4.144013326865451,-2.0769114099958923,98.74435671414997
Laser1.png,3546.0,1455.4254150390625,4.1486197459383405,-2.0709760877241936,98.74826620042654
Laser1.png,3547.0,1456.451904296875,4.153194635449322,-2.0664558501809918,98.7514088906889
Laser1.png,3548.0,1457.4656982421875,4.157768537906076,-2.0619913459413066,98.75452142006
Laser1.png,3549.0,1457.600830078125,4.162254048770613,-2.061408878345202,98.7555300853585
Laser1.png,3550.0,1457.7724609375,4.166743340501372,-2.0606650611442223,98.7566262104246
Laser1.png,3551.0,1457.6451416015625,4.171202499043302,-2.061241952816096,98.75700656972836
Laser1.png,3552.0,1457.7789306640625,4.175688122451355,-2.060665465414911,98.75801203260771
Laser1.png,3553.0,1457.2269287109375,4.1801043330167476,-2.063118767219014,98.75737543959212
Laser1.png,3554.0,1456.482177734375,4.184501296229072,-2.0664238109969584,98.7562772689297
Laser1.png,3555.0,1455.69970703125,4.188894335781186,-2.069895201217261,98.75508892597423
Laser1.png,3556.0,1455.576904296875,4.193353966469044,-2.070452294570885,98.75548001825591
Laser1.png,3557.0,1455.6400146484375,4.197832555577107,-2.0701880190802626,98.75631628990322
Laser1.png,3558.0,1455.62255859375,4.20230338172117,-2.070279685279523,98.75695971240728
Laser1.png,3559.0,1455.6192626953125,4.206775336142388,-2.070308965349725,98.7576368997021
Laser1.png,3560.0,1455.6053466796875,4.211246641858308,-2.0703849914576193,98.758288817461
Laser1.png,3561.0,1455.55224609375,4.215713630059062,-2.0706341727672473,98.75884683592275
Laser1.png,3562.0,1455.697265625,4.220200944527197,-2.070007932878141,98.7598793485901
Laser1.png,3563.0,1455.8048095703125,4.2246848812478675,-2.0695473834443385,98.76082212675318
Laser1.png,3564.0,1455.720947265625,4.229148906335504,-2.069932439068227,98.76130652857604
Laser1.png,3565.0,1456.0133056640625,4.233651969189419,-2.0686551782858498,98.76269200440251
Laser1.png,3566.0,1455.6937255859375,4.238092267952935,-2.070081764568223,98.76261194845806
Laser1.png,3567.0,1455.5487060546875,4.2425501462247235,-2.070737123476304,98.76294986102437
Laser1.png,3568.0,1455.6260986328125,4.247031332259372,-2.0704097140118822,98.76382052769202
Laser1.png,3569.0,1455.4234619140625,4.251483728478416,-2.071319554128702,98.76402057293687
Laser1.png,3570.0,1455.315185546875,4.255945505908504,-2.0718126765351745,98.76444644112397
Laser1.png,3571.0,1455.2425537109375,4.260411379619561,-2.072148101138727,98.76495785174946
Laser1.png,3572.0,1454.345458984375,4.264792034902894,-2.0761262893612105,98.76349471945466
Laser1.png,3573.0,1454.0885009765625,4.2692388267676,-2.077276230263555,98.76356462113861
Laser1.png,3574.0,1453.9674072265625,4.2736997037149695,-2.0778259444503746,98.7639598796278
Laser1.png,3575.0,1453.7899169921875,4.278154769672967,-2.078624667581247,98.76422016620354
Laser1.png,3576.0,1454.0614013671875,4.282656481012096,-2.0774398918869466,98.7655556367568
Laser1.png,3577.0,1454.4461669921875,4.287169721946239,-2.075754506701874,98.76716243219317
Laser1.png,3578.0,1454.5345458984375,4.291652636428746,-2.0753785607611137,98.76805949971693
Laser1.png,3579.0,1455.7786865234375,4.296255676940551,-2.069895621256353,98.77172489040213
Laser1.png,3580.0,1455.82177734375,4.300734153698214,-2.069719889867766,98.772513470698
Laser1.png,3581.0,1455.959716796875,4.305222609291889,-2.069124844207834,98.7735293645823
Laser1.png,3582.0,1455.5697021484375,4.309655975489642,-2.0708628387734263,98.77328056585935
Laser1.png,3583.0,1455.4239501953125,4.3141148731068,-2.0715215467556303,98.77361683316894
Laser1.png,3584.0,1455.3121337890625,4.318577728556332,-2.0720301828764685,98.7740345155019
Laser1.png,3585.0,1455.4364013671875,4.323064999543932,-2.0714957294172405,98.77501760175443
Laser1.png,3586.0,1455.370849609375,4.327532441981881,-2.0717998988501076,98.77554608388066
Laser1.png,3587.0,1455.5836181640625,4.332029169715624,-2.07087431108086,98.77674123015782
Laser1.png,3588.0,1455.616943359375,4.336507137762437,-2.0707415117109162,98.7775066161559
Laser1.png,3589.0,1455.9638671875,4.341018188377859,-2.0692230033775694,98.77902322230624
Laser1.png,3590.0,1456.4036865234375,4.345539165754414,-2.0672940165315,98.78076237662391
Laser1.png,3591.0,1457.3131103515625,4.350109851916125,-2.0632894286005934,98.78362677933576
Laser1.png,3592.0,1457.6973876953125,4.354625338914854,-2.0616055073441926,98.78523313460242
Laser1.png,3593.0,1457.7528076171875,4.359106200006671,-2.061375102216038,98.78605152181449
Laser1.png,3594.0,1458.1390380859375,4.3636221489256055,-2.0596825568575636,98.78766259204971
Laser1.png,3595.0,1457.836669921875,4.368065658623318,-2.061033457921356,98.78762378411423
Laser1.png,3596.0,1457.642822265625,4.372520303099897,-2.0619047434386184,98.78784493631727
Laser1.png,3597.0,1457.3291015625,4.376962611258957,-2.063305863326799,98.78777890336262
Laser1.png,3598.0,1456.7391357421875,4.381375187672737,-2.0659278217165626,98.78705093908682
Laser1.png,3599.0,1456.8388671875,4.385861435539039,-2.065501677262052,98.78797555103442
Laser1.png,3600.0,1456.8121337890625,4.390333934032722,-2.065634280057131,98.78859719158335
Laser1.png,3601.0,1456.77294921875,4.394805529694516,-2.0658220154918894,98.78918900770134
Laser1.png,3602.0,1456.885009765625,4.399292947669946,-2.065341275054294,98.79014319654905
Laser1.png,3603.0,1456.6295166015625,4.403741559053805,-2.0664851516198386,98.79021664533889
Laser1.png,3604.0,1456.5428466796875,4.408208233083244,-2.0668826816757973,98.7906947411414
Laser1.png,3605.0,1456.41650390625,4.412670332151494,-2.0674556126948507,98.79107768859068
Laser1.png,3606.0,1456.089111328125,4.4171112944955455,-2.068917181024582,98.79097890042694
Laser1.png,3607.0,1455.9564208984375,4.421573127128673,-2.069518324511639,98.79134661642519
Laser1.png,3608.0,1455.691650390625,4.4260208148588625,-2.0707031558905804,98.79139787118714
Laser1.png,3609.0,1455.4263916015625,4.430468458539672,-2.0718899898887626,98.79144804087258
Laser1.png,3610.0,1455.19677734375,4.434919937381248,-2.0729194438860588,98.79158354142344
Laser1.png,3611.0,1455.1737060546875,4.4393936686277495,-2.0730360882546033,98.79221396533457
Laser1.png,3612.0,1455.6710205078125,4.443923181330598,-2.070852726558075,98.79409140282864
Laser1.png,3613.0,1455.8851318359375,4.448422679081245,-2.0699209502652405,98.79529031036088
Laser1.png,3614.0,1456.495849609375,4.452964759705341,-2.067235980420475,98.79743977132946
Laser1.png,3615.0,1456.8712158203125,4.457481955584516,-2.065591375432722,98.7990252227187
Laser1.png,3616.0,1457.33740234375,4.462009126271962,-2.0635452924251485,98.80082838367231
Laser1.png,3617.0,1457.7720947265625,4.466533049883414,-2.061638345882415,98.80255612757743
Laser1.png,3618.0,1457.6749267578125,4.470999447162576,-2.062082305926649,98.80300918164774
Laser1.png,3619.0,1457.4609375,4.475453196477506,-2.0630428984545603,98.80318211043324
Laser1.png,3620.0,1457.1905517578125,4.4799008365559905,-2.0642526168647097,98.80321995812847
Laser1.png,3621.0,1456.7750244140625,4.484332689331734,-2.0661039696678727,98.8029098905165
Laser1.png,3622.0,1456.3817138671875,4.4887673011487745,-2.067857230699003,98.80265306503365
Laser1.png,3623.0,1455.949462890625,4.4931972788785295,-2.0697824400466813,98.80230294101068
Laser1.png,3624.0,1456.65185546875,4.497751025578912,-2.0666922044033003,98.80467241303133
Laser1.png,3625.0,1457.478271484375,4.502318538647734,-2.0630535085561346,98.80733932032992
Laser1.png,3626.0,1457.98681640625,4.506851174153388,-2.0608197580411116,98.80924437208118
Laser1.png,3627.0,1458.1256103515625,4.511344251137408,-2.0602207620756126,98.81026310899836
Laser1.png,3628.0,1458.161865234375,4.515825819723196,-2.060074914783217,98.81103607818477
Laser1.png,3629.0,1457.7857666015625,4.5202622308020475,-2.0617522625751006,98.81082040473595
Laser1.png,3630.0,1456.7060546875,4.52462176009419,-2.0665399124480524,98.80891816827416
Laser1.png,3631.0,1456.03271484375,4.529025769740224,-2.0695310972931558,98.80799007751416
Laser1.png,3632.0,1454.410888671875,4.533325750006772,-2.0767149625258536,98.80478844262774
Laser1.png,3633.0,1453.5400390625,4.537707750763365,-2.0805789646738333,98.80338699892162
Laser1.png,3634.0,1453.3330078125,4.542162400471086,-2.0815088424773025,98.80357660465882
Laser1.png,3635.0,1453.9735107421875,4.546710555374298,-2.0786923407671685,98.80579782629479
Laser1.png,3636.0,1454.3785400390625,4.551233285827884,-2.0769165821579354,98.80745475106721
Laser1.png,3637.0,1455.6656494140625,4.555852920646558,-2.071241525311331,98.81122615300261
Laser1.png,3638.0,1456.2874755859375,4.560400042893218,-2.068507016642877,98.81340306790489
Laser1.png,3639.0,1457.309814453125,4.564991349414387,-2.064001920947153,98.8165401493891
Laser1.png,3640.0,1458.44580078125,4.569595553987691,-2.0589938292338226,98.81995005276033
Laser1.png,3641.0,1459.34765625,4.574174087773806,-2.0550207224870736,98.82279872139316
Laser1.png,3642.0,1460.85986328125,4.578820325341482,-2.048348593479067,98.82711108945522
Laser1.png,3643.0,1460.9810791015625,4.583313006536191,-2.0478269079868725,98.82808813951443
Laser1.png,3644.0,1462.1204833984375,4.58791875731176,-2.042802744887664,98.83150693563807
Laser1.png,3645.0,1462.1759033203125,4.592404392649558,-2.0425720783346284,98.8323262034005
Laser1.png,3646.0,1461.864501953125,4.596849186574985,-2.043963466496694,98.83226579538702
Laser1.png,3647.0,1462.095458984375,4.6013545303595755,-2.042956546110915,98.83350606789742
Laser1.png,3648.0,1461.404541015625,4.605756950365053,-2.0460264305424887,98.83253535735936
Laser1.png,3649.0,1461.0010986328125,4.610191443219118,-2.04782505224776,98.83225409033471
Laser1.png,3650.0,1461.444091796875,4.614720699956108,-2.0458804514694284,98.8340029344399
Laser1.png,3651.0,1460.8648681640625,4.61913552962012,-2.0484564358286694,98.8333000726682
Laser1.png,3652.0,1460.9068603515625,4.623619999356591,-2.0482851591805726,98.83408718308415
Laser1.png,3653.0,1461.255126953125,4.62813893904606,-2.0467594307051162,98.83560889915809
Laser1.png,3654.0,1460.8546142578125,4.632573839316412,-2.048544998754911,98.8353347236178
Laser1.png,3655.0,1460.83544921875,4.63705162462365,-2.048644245623445,98.83597514289364
Laser1.png,3656.0,1461.0872802734375,4.641559992980072,-2.047545045247466,98.83726556949716
Laser1.png,3657.0,1461.3157958984375,4.646065851951587,-2.0465488602050192,98.83850014171163
Laser1.png,3658.0,1461.86181640625,4.650607659105161,-2.044148412461118,98.84049636782909
Laser1.png,3659.0,1461.6412353515625,4.655063044148996,-2.0451382870696495,98.8406537840125
Laser1.png,3660.0,1461.7740478515625,4.659558773868755,-2.0445653394671583,98.8416589070172
Laser1.png,3661.0,1461.9488525390625,4.664058977027593,-2.0438066707898317,98.84276471920144
Laser1.png,3662.0,1461.3829345703125,4.668475353669844,-2.046324091820736,98.84209362882687
Laser1.png,3663.0,1461.1007080078125,4.672924216591348,-2.0475867165003567,98.84210318019831
Laser1.png,3664.0,1460.75341796875,4.677365692396585,-2.049137179181162,98.84195660907467
Laser1.png,3665.0,1460.0023193359375,4.681760903963198,-2.0524734300262697,98.84084136446721
Laser1.png,3666.0,1459.7197265625,4.686209664986803,-2.0537378598399534,98.84084992812822
Laser1.png,3667.0,1458.774658203125,4.690583017704389,-2.057931829959311,98.83926948290932
Laser1.png,3668.0,1458.107666015625,4.6949879093413625,-2.0608961632607516,98.83835598623459
Laser1.png,3669.0,1457.6861572265625,4.6994207192793604,-2.0627747651023274,98.83803139550432
Laser1.png,3670.0,1457.11181640625,4.70383605662474,-2.0653290732618372,98.83734028330645
Laser1.png,3671.0,1456.1080322265625,4.708202260354441,-2.069782463429932,98.83561905329421
Laser1.png,3672.0,1456.0283203125,4.712673994066604,-2.0701496137432644,98.83611429019071
Laser1.png,3673.0,1456.1978759765625,4.717173940494676,-2.069414391813001,98.83720743838856
Laser1.png,3674.0,1456.1475830078125,4.721649158971346,-2.06965157537003,98.83777319200738
Laser1.png,3675.0,1456.055419921875,4.7261196316328276,-2.0700737068659354,98.83823863051268
Laser1.png,3676.0,1455.9837646484375,4.730592129018444,-2.070405188692313,98.83875319038181
Laser1.png,3677.0,1455.8514404296875,4.735058071174813,-2.071004992511375,98.8391222644762
Laser1.png,3678.0,1455.4246826171875,4.739490182555615,-2.0729066936199816,98.83878512838659
Laser1.png,3679.0,1455.228515625,4.743948808641083,-2.0737888362641423,98.83900105186281
Laser1.png,3680.0,1455.1219482421875,4.748417776766257,-2.0742748852208104,98.83943184277396
Laser1.png,3681.0,1455.0478515625,4.752890535022493,-2.0746171339500905,98.83994064594722
Laser1.png,3682.0,1454.6861572265625,4.757330131612196,-2.076231232856884,98.83975952059349
Laser1.png,3683.0,1454.841796875,4.7618295009131915,-2.0755575790359604,98.84081942984251
Laser1.png,3684.0,1454.522216796875,4.766273991844566,-2.0769854738496525,98.84073931895615
Laser1.png,3685.0,1454.3109130859375,4.7707310106360055,-2.077934629762677,98.84091891206945
Laser1.png,3686.0,1454.1724853515625,4.775196865433351,-2.078561416424579,98.84127344451674
Laser1.png,3687.0,1452.69482421875,4.779507397672626,-2.0851103498124126,98.83841530490827
Laser1.png,3688.0,1453.1983642578125,4.784047334565061,-2.082898532609983,98.84030967870608
Laser1.png,3689.0,1453.4703369140625,4.788560164118983,-2.0817105380093435,98.84164860520829
Laser1.png,3690.0,1453.51123046875,4.793046974735442,-2.081544428923179,98.84243329603537
Laser1.png,3691.0,1454.225830078125,4.797611559545886,-2.0783991567011286,98.84483408028807
Laser1.png,3692.0,1456.5472412109375,4.8023636649645365,-2.0681471884910696,98.85109031122096
Laser1.png,3693.0,1456.786376953125,4.806873773224256,-2.067104150824081,98.85235076828869
Laser1.png,3694.0,1456.8643798828125,4.811365175494331,-2.0667738676056273,98.85322456530193
Laser1.png,3695.0,1456.7138671875,4.815830317369916,-2.067454218900435,98.8535501469925
Laser1.png,3696.0,1456.556640625,4.820294332562514,-2.068164249792698,98.85385957399996
Laser1.png,3697.0,1456.4549560546875,4.824764883815714,-2.0686284996764663,98.85430234728834
Laser1.png,3698.0,1456.3720703125,4.829238046504286,-2.069009733734563,98.85479022263794
Laser1.png,3699.0,1456.3466796875,4.833717629566894,-2.069136625792767,98.85541603575383
Laser2.png,1750.0,1524.7354736328125,-3.7494352483063063,-1.7262184452249392,96.76536762690742
Laser2.png,1751.0,1524.735595703125,-3.7451060003661194,-1.7262293898610068,96.7660316605135
Laser2.png,1752.0,1524.7208251953125,-3.740775340926278,-1.7263051385360402,96.76666072747351
Laser2.png,1753.0,1524.7650146484375,-3.7364499565985083,-1.726125062752442,96.76742787690674
Laser2.png,1754.0,1524.8001708984375,-3.7321240482145748,-1.7259840803706596,96.76817388184057
Laser2.png,1755.0,1525.166259765625,-3.7278275550147453,-1.72440790134264,96.76969456866303
Laser2.png,1756.0,1525.5439453125,-3.7235319686532775,-1.7227815044526196,96.77124238072663
Laser2.png,1757.0,1525.9844970703125,-3.719241903878322,-1.7208822467910716,96.77293748691544
Laser2.png,1758.0,1526.4249267578125,-3.7149516740084314,-1.718983636771337,96.77463226701921
Laser2.png,1759.0,1527.491455078125,-3.7107174975927126,-1.71436917270474,96.77779293420224
Laser2.png,1760.0,1528.3212890625,-3.7064614659046695,-1.7107809776422573,96.78039977512147
Laser2.png,1761.0,1529.693115234375,-3.702254102843158,-1.7048416540002318,96.78427561978698
Laser2.png,1762.0,1530.46044921875,-3.697992322183788,-1.7015242316191697,96.78673633548993
Laser2.png,1763.0,1531.284423828125,-3.6937353867841916,-1.6979608967810405,96.78932981850816
Laser2.png,1764.0,1532.350341796875,-3.6894998191352366,-1.6933477242186166,96.79248999977568
Laser2.png,1765.0,1533.404296875,-3.6852629104293375,-1.6887860484353863,96.79562242861711
Laser2.png,1766.0,1534.1380615234375,-3.68099720627545,-1.6856135840407822,96.79800504716677
Laser2.png,1767.0,1534.857421875,-3.676730010329619,-1.6825034835760737,96.80035403634311
Laser2.png,1768.0,1535.5592041015625,-3.672461045273962,-1.6794695098162595,96.80266196662116
Laser2.png,1769.0,1536.213623046875,-3.6681880331952974,-1.6766408300988276,96.80485905965175
Laser2.png,1770.0,1536.6171875,-3.663892227248886,-1.67490070856414,96.80646865202077
Laser2.png,1771.0,1537.0233154296875,-3.6595968630250675,-1.6731494517625558,96.80808422187759
Laser2.png,1772.0,1537.6376953125,-3.655319418055652,-1.6704943064147326,96.81018778115833
Laser2.png,1773.0,1538.0374755859375,-3.6510231819888177,-1.6687706016567736,96.81178852667023
Laser2.png,1774.0,1538.430908203125,-3.646725889431061,-1.6670741770857347,96.813374624016
Laser2.png,1775.0,1538.8348388671875,-3.642429739958863,-1.6653321343937668,96.81498531263198
Laser2.png,1776.0,1539.234619140625,-3.6381330778440435,-1.6636082588542183,96.81658621680239
Laser2.png,1777.0,1539.654541015625,-3.6338376889110497,-1.661796772884568,96.8182344916597
Laser2.png,1778.0,1539.838134765625,-3.629521753152522,-1.66101106224372,96.81932900580252
Laser2.png,1779.0,1540.23583984375,-3.625224507834718,-1.6592957937107753,96.82092532708847
Laser2.png,1780.0,1540.6295166015625,-3.6209267636703992,-1.657598159376305,96.82251215115897
Laser2.png,1781.0,1540.98291015625,-3.6166253546396807,-1.656075236999609,96.82400468325686
Laser2.png,1782.0,1541.126220703125,-3.6123054436456647,-1.655464363553294,96.82500488546171
Laser2.png,1783.0,1541.4683837890625,-3.6080028095999057,-1.6539901556719143,96.82647115780485
Laser2.png,1784.0,1541.80615234375,-3.603699661051704,-1.652535025066972,96.82792715184219
Laser2.png,1785.0,1541.877197265625,-3.5993731476482993,-1.6522377293643977,96.82875812007441
Laser2.png,1786.0,1541.974853515625,-3.595048877518368,-1.6518248010217695,96.82965152340878
Laser2.png,1787.0,1542.302734375,-3.5907445341734685,-1.6504124822733082,96.83108445782813
Laser2.png,1788.0,1542.362548828125,-3.5864167929563937,-1.6501639490289826,96.83188914069743
Laser2.png,1789.0,1542.6781005859375,-3.5821111516322603,-1.6488051900388507,96.83329319593823
Laser2.png,1790.0,1542.7642822265625,-3.5777858837768752,-1.6484420740799461,96.83415970824952
Laser2.png,1791.0,1543.0562744140625,-3.573477979621795,-1.6471854912486052,96.8355086375554
Laser2.png,1792.0,1543.1282958984375,-3.5691509534297308,-1.6468838368176397,96.8363420516981
Laser2.png,1793.0,1543.18408203125,-3.564822808386052,-1.6466527755984366,96.83713731069842
Laser2.png,1794.0,1543.4539794921875,-3.560512685964432,-1.645492110476575,96.83843450517189
Laser2.png,1795.0,1543.48046875,-3.5561814982239435,-1.6453881161725243,96.83916124459327
Laser2.png,1796.0,1543.5250244140625,-3.5518521544295885,-1.64520583171141,96.83993020596894
Laser2.png,1797.0,1543.5286865234375,-3.547518872863133,-1.6452010345622032,96.84060341073877
Laser2.png,1798.0,1543.564697265625,-3.5431886649461224,-1.6450557454623138,96.8413524193647
Laser2.png,1799.0,1543.8341064453125,-3.538878026304941,-1.6438969746233123,96.84264866523307
Laser2.png,1800.0,1543.8817138671875,-3.5345486498360374,-1.6437014444810494,96.84342482335289
Laser2.png,1801.0,1543.934814453125,-3.5302196753692563,-1.6434819588878837,96.84421392577313
Laser2.png,1802.0,1543.9873046875,-3.5258902188778607,-1.643265151906275,96.84500164844843
Laser2.png,1803.0,1544.273193359375,-3.521580948775209,-1.6420348109221778,96.84633654124059
Laser2.png,1804.0,1544.329833984375,-3.5172516811364987,-1.6417999330912751,96.8471340461824
Laser2.png,1805.0,1544.387939453125,-3.5129228270163106,-1.6415586151918313,96.84793498373831
Laser2.png,1806.0,1544.6588134765625,-3.5086119713999255,-1.6403934612071691,96.84923472888727
Laser2.png,1807.0,1544.714111328125,-3.504282710963446,-1.6401644610681874,96.85002904144609
Laser2.png,1808.0,1544.763671875,-3.499952535874519,-1.6399603063512314,96.85081000583395
Laser2.png,1809.0,1544.8013916015625,-3.4956216464614296,-1.6398076319990746,96.85156312971733
Laser2.png,1810.0,1544.843505859375,-3.491291061989046,-1.639635827156009,96.85232659322998
Laser2.png,1811.0,1545.099365234375,-3.4869784521397227,-1.6385358459300718,96.85359122457794
Laser2.png,1812.0,1545.11962890625,-3.4826458692921665,-1.6384587768248244,96.8543035609753
Laser2.png,1813.0,1545.138916015625,-3.478313136049608,-1.638386175927715,96.8550134946521
Laser2.png,1814.0,1545.1527099609375,-3.473979878807,-1.6383373510448098,96.85571060033276
Laser2.png,1815.0,1545.1661376953125,-3.469646531523608,-1.6382899556697685,96.8564069438024
Laser2.png,1816.0,1545.18017578125,-3.465313170282228,-1.6382400567258388,96.85710464873445
Laser2.png,1817.0,1545.1815185546875,-3.460978680747922,-1.638245399760238,96.85777253487365
Laser2.png,1818.0,1545.205078125,-3.4566459952321127,-1.638154022767012,96.85849265556784
Laser2.png,1819.0,1545.20068359375,-3.4523109055448336,-1.6381842159164628,96.85914714231741
Laser2.png,1820.0,1545.193603515625,-3.447975892770718,-1.6382260294164,96.85979530794322
Laser2.png,1821.0,1545.16162109375,-3.443638386618801,-1.6383760085454495,96.86038513135452
Laser2.png,1822.0,1545.1417236328125,-3.439301835442713,-1.638473426833367,96.8610033446682
Laser2.png,1823.0,1544.86962890625,-3.4349446115281745,-1.6396662586082476,96.86103000700446
Laser2.png,1824.0,1544.8348388671875,-3.4306067382207304,-1.6398284057602852,96.86161328065766
Laser2.png,1825.0,1544.7945556640625,-3.4262683584811624,-1.6400143333104678,96.86218372121576
Laser2.png,1826.0,1544.767333984375,-3.4219313643043976,-1.6401437656784636,96.86278462117454
Laser2.png,1827.0,1544.7421875,-3.4175941345445127,-1.6402639036474063,96.86339060394653
Laser2.png,1828.0,1544.7158203125,-3.4132567450526135,-1.6403895855553443,96.8639936013793
Laser2.png,1829.0,1544.687255859375,-3.408919480389217,-1.6405247439248476,96.86459143428873
Laser2.png,1830.0,1544.4326171875,-3.4045631699853525,-1.64164163642002,96.86465918617041
Laser2.png,1831.0,1544.4080810546875,-3.400226153994958,-1.6417592821029556,96.86526648903667
Laser2.png,1832.0,1544.3831787109375,-3.395888694234325,-1.6418785393060873,96.86587298561072
Laser2.png,1833.0,1544.359130859375,-3.3915516100767586,-1.6419940424537023,96.86648146230691
Laser2.png,1834.0,1544.3289794921875,-3.387213968377513,-1.6421361870932354,96.86707556039848
Laser2.png,1835.0,1544.0726318359375,-3.382857389454218,-1.6432606185889895,96.86713926056605
Laser2.png,1836.0,1544.0135498046875,-3.3785173009547678,-1.6435282839601668,96.86766558635418
Laser2.png,1837.0,1543.9888916015625,-3.374179976962997,-1.6436464815021001,96.86827263725587
Laser2.png,1838.0,1543.92138671875,-3.369838746360911,-1.6439506269232653,96.86877933309933
Laser2.png,1839.0,1543.8311767578125,-3.365495974188602,-1.6443536477089484,96.8692325835412
Laser2.png,1840.0,1543.5352783203125,-3.3611364266586117,-1.645649745845293,96.8692035374283
Laser2.png,1841.0,1543.4376220703125,-3.3567929924766253,-1.6460849590900613,96.86963941155803
Laser2.png,1842.0,1543.34326171875,-3.3524497865387914,-1.6465058727814486,96.87008301424878
Laser2.png,1843.0,1543.031982421875,-3.3480889531596296,-1.6478690286423494,96.87001775841543
Laser2.png,1844.0,1542.961181640625,-3.343747600201079,-1.6481875040960932,96.87051669276259
Laser2.png,1845.0,1542.8714599609375,-3.3394046680010443,-1.6485884064194263,96.87097111818001
Laser2.png,1846.0,1542.567138671875,-3.3350443685653923,-1.6499211788192352,96.8709222762898
Laser2.png,1847.0,1542.530029296875,-3.3307056236589485,-1.650093415729104,96.87150020663587
Laser2.png,1848.0,1542.2337646484375,-3.3263459513511537,-1.6513913303956622,96.87147019355551
Laser2.png,1849.0,1542.1629638671875,-3.32200441799797,-1.6517100075583036,96.87196904630277
Laser2.png,1850.0,1542.0816650390625,-3.317661999938055,-1.6520741012321705,96.87244337725737
Laser2.png,1851.0,1541.8018798828125,-3.313303610307754,-1.6533005115550437,96.87245198866168
Laser2.png,1852.0,1541.722900390625,-3.308961312705956,-1.6536546025073402,96.87293173191082
Laser2.png,1853.0,1541.430419921875,-3.3046018890565683,-1.6549359077630368,96.87291069835976
Laser2.png,1854.0,1541.302734375,-3.300255991758363,-1.6555016955336457,96.87327605877448
Laser2.png,1855.0,1540.95703125,-3.295892306505988,-1.6570141788206962,96.87313016757915
Laser2.png,1856.0,1540.8614501953125,-3.291548566728214,-1.65744052139883,96.8735709052932
Laser2.png,1857.0,1540.540283203125,-3.287186834226561,-1.6588464491647734,96.87348256577604
Laser2.png,1858.0,1540.4246826171875,-3.282841807674564,-1.6593596914918933,96.87387632076805
Laser2.png,1859.0,1540.1165771484375,-3.278481105331157,-1.6607089467562082,96.87381859192733
Laser2.png,1860.0,1540.065185546875,-3.274141119743149,-1.6609432913082927,96.87436299318964
Laser2.png,1861.0,1539.7584228515625,-3.269780504977909,-1.6622868312728163,96.87430835389397
Laser2.png,1862.0,1539.707275390625,-3.265440109052403,-1.6625201141043033,96.87485339511514
Laser2.png,1863.0,1539.4716796875,-3.2610854566784835,-1.6635545396004485,96.87496566552173
Laser2.png,1864.0,1539.470947265625,-3.256748959268241,-1.663568817809734,96.87562901107516
Laser2.png,1865.0,1539.4859619140625,-3.2524139967704433,-1.6635149770815336,96.87632910398621
Laser2.png,1866.0,1539.5340576171875,-3.248081219036046,-1.6633172110120693,96.87710700245876
Laser2.png,1867.0,1539.8721923828125,-3.2437711490616947,-1.6618600275154782,96.87856518223549
Laser2.png,1868.0,1540.2596435546875,-3.2394651804038594,-1.6601884202908233,96.88013914778239
Laser2.png,1869.0,1540.61572265625,-3.235156251986539,-1.658653186185986,96.88163952815013
Laser2.png,1870.0,1540.733642578125,-3.2308285606853726,-1.6581521177264433,96.8825813162407
Laser2.png,1871.0,1541.094970703125,-3.2265201606989646,-1.656593924868483,96.88409408019037
Laser2.png,1872.0,1541.1912841796875,-3.2221905861259517,-1.6561868784582596,96.88498511084696
Laser2.png,1873.0,1541.539306640625,-3.21788090815771,-1.6546863736682984,96.88646675107478
Laser2.png,1874.0,1541.3082275390625,-3.2135260310325124,-1.65570124447818,96.88658967339859
Laser2.png,1875.0,1541.343994140625,-3.2091915222692418,-1.6555570395932695,96.88733875893513
Laser2.png,1876.0,1541.6376953125,-3.2048773231827097,-1.6542925313953134,96.88869296546267
Laser2.png,1877.0,1541.6671142578125,-3.2005421620584444,-1.6541758509949553,96.88942720765125
Laser2.png,1878.0,1541.40380859375,-3.1961846348159573,-1.6553307686356789,96.88947450225089
Laser2.png,1879.0,1541.4764404296875,-3.1918530701370766,-1.6550265099013404,96.89031003274616
Laser2.png,1880.0,1541.536376953125,-3.1875204519446187,-1.6547773237168273,96.89111582486653
Laser2.png,1881.0,1541.5438232421875,-3.18318371529132,-1.6547561358632055,96.89179846359572
Laser2.png,1882.0,1541.8609619140625,-3.1788703983199316,-1.6533898054431522,96.89320781756336
Laser2.png,1883.0,1541.6053466796875,-3.174513285496315,-1.6545111480677157,96.89327327744485
Laser2.png,1884.0,1541.58251953125,-3.170174034330166,-1.6546215762757828,96.89388484491538
Laser2.png,1885.0,1541.631103515625,-3.1658402048031995,-1.6544217348621664,96.89466403295835
Laser2.png,1886.0,1541.5628662109375,-3.1614973629614482,-1.654729236611201,96.89516915584612
Laser2.png,1887.0,1541.5328369140625,-3.157157393866447,-1.6548709640403818,96.89576384063817
Laser2.png,1888.0,1541.2166748046875,-3.152795527384561,-1.656255397924496,96.89568719186907
Laser2.png,1889.0,1541.1070556640625,-3.1484497728702596,-1.6567428158987512,96.89609508074254
Laser2.png,1890.0,1540.98681640625,-3.1441028169369702,-1.657276198591988,96.89647819918925
Laser2.png,1891.0,1540.864013671875,-3.1397556294067743,-1.6578208518896647,96.89685523414904
Laser2.png,1892.0,1540.7247314453125,-3.135407157573082,-1.6584370420669492,96.89719362721057
Laser2.png,1893.0,1540.3614501953125,-3.1310416694437646,-1.660026253685552,96.89700635569191
Laser2.png,1894.0,1540.2781982421875,-3.126697762509159,-1.6603990641510595,96.8974761843126
Laser2.png,1895.0,1540.1873779296875,-3.1223528814244133,-1.66080478399873,96.89792829567627
Laser2.png,1896.0,1540.1873779296875,-3.118014817977114,-1.660816005675636,96.89859354311449
Laser2.png,1897.0,1540.194091796875,-3.113677201010531,-1.6607980777295128,96.89927454812397
Laser2.png,1898.0,1540.27587890625,-3.109345534104048,-1.6604541330802831,96.90013164174215
Laser2.png,1899.0,1540.33935546875,-3.105012056726398,-1.6601895868239542,96.90094590651356
Laser2.png,1900.0,1540.68359375,-3.1006995920522997,-1.6587053494252413,96.90241914568759
Laser2.png,1901.0,1540.731201171875,-3.096364747965624,-1.6585098154738904,96.90319615202074
Laser2.png,1902.0,1540.784423828125,-3.092030615990004,-1.6582897757901,96.90398635343625
Laser2.png,1903.0,1540.837158203125,-3.0876960171385637,-1.6580718796108076,96.90477546329662
Laser2.png,1904.0,1541.13818359375,-3.083379890433027,-1.656775343750879,96.90614735742027
Laser2.png,1905.0,1541.22802734375,-3.079048253134028,-1.6563961053423228,96.90702360905655
Laser2.png,1906.0,1541.253662109375,-3.074711392207583,-1.6562960512137428,96.90774908713408
Laser2.png,1907.0,1541.2685546875,-3.070374029572481,-1.656242496825821,96.9084493960129
Laser2.png,1908.0,1541.247802734375,-3.066033597278731,-1.6563438316280645,96.90906608349661
Laser2.png,1909.0,1541.2540283203125,-3.0616954687859526,-1.6563280156504947,96.90974602098315
Laser2.png,1910.0,1541.241455078125,-3.0573555298953363,-1.656393759636026,96.91038195599599
Laser2.png,1911.0,1541.2442626953125,-3.0530170289180796,-1.6563927891046792,96.91105389085328
Laser2.png,1912.0,1541.3018798828125,-3.048682517279822,-1.6561535762026256,96.91185456104297
Laser2.png,1913.0,1541.3741455078125,-3.0443486524564376,-1.6558508640498928,96.91268960778874
Laser2.png,1914.0,1541.717041015625,-3.0400350019848967,-1.6543722824648037,96.91415995967121
Laser2.png,1915.0,1541.8072509765625,-3.035702279464007,-1.653991560957147,96.91503718449428
Laser2.png,1916.0,1542.1748046875,-3.031390204133363,-1.652405770303407,96.91656550133315
Laser2.png,1917.0,1542.2215576171875,-3.027054290669223,-1.6522137343153542,96.91734077395395
Laser2.png,1918.0,1542.5496826171875,-3.022738908889273,-1.6507992446286643,96.91877659533634
Laser2.png,1919.0,1542.54833984375,-3.0183994880281717,-1.6508163021205937,96.9194388843106
Laser2.png,1920.0,1542.29296875,-3.0140414615675173,-1.6519370512426343,96.91950480782238
Laser2.png,1921.0,1542.2315673828125,-3.009697572404515,-1.6522149238759178,96.92002617979442
Laser2.png,1922.0,1542.162353515625,-3.0053528873577857,-1.65252678726868,96.9205292197924
Laser2.png,1923.0,1541.82958984375,-3.0009893560554755,-1.653983842516298,96.92041339919618
Laser2.png,1924.0,1541.7425537109375,-2.9966433144076468,-1.6543731711018637,96.92087458973131
Laser2.png,1925.0,1541.458984375,-2.992283344087009,-1.655616470321805,96.920874276
Laser2.png,1926.0,1541.693359375,-2.9879605045007334,-1.6546092931149285,96.9220901029018
Laser2.png,1927.0,1541.6876220703125,-2.983620382199717,-1.6546453387699234,96.92274219088365
Laser2.png,1928.0,1541.683837890625,-2.9792803411498205,-1.6546729773788431,96.92339883086215
Laser2.png,1929.0,1541.71142578125,-2.974942502154681,-1.6545643060157063,96.92412913899314
Laser2.png,1930.0,1541.761962890625,-2.9706064306730946,-1.6543558137877703,96.92491337091514
Laser2.png,1931.0,1541.8037109375,-2.966269476228203,-1.6541856007689746,96.92567695594319
Laser2.png,1932.0,1542.125,-2.9619525119738705,-1.6528007142948329,96.92709694928129
Laser2.png,1933.0,1542.2003173828125,-2.957617795770434,-1.652484686525932,96.92793935744147
Laser2.png,1934.0,1542.2283935546875,-2.9532796256747633,-1.652373846834512,96.92867089409701
Laser2.png,1935.0,1542.26220703125,-2.9489417989288254,-1.652238138765083,96.92941587979972
Laser2.png,1936.0,1542.24609375,-2.9446005256474126,-1.6523192530935635,96.93004367605333
Laser2.png,1937.0,1542.2392578125,-2.9402596762580897,-1.6523601165824062,96.93069326073338
Laser2.png,1938.0,1542.2276611328125,-2.9359186087172926,-1.6524217326136772,96.93133161166692
Laser2.png,1939.0,1542.2005615234375,-2.931576384575307,-1.6525506164524237,96.93193361881451
Laser2.png,1940.0,1542.1888427734375,-2.9272350158207323,-1.652612771704471,96.93257172359493
Laser2.png,1941.0,1542.169189453125,-2.9228932098763796,-1.6527092768182736,96.93319124591824
Laser2.png,1942.0,1542.1644287109375,-2.918552399326204,-1.6527411985356688,96.93384567948537
Laser2.png,1943.0,1542.40869140625,-2.9142289334979337,-1.651690912032495,96.93508500931505
Laser2.png,1944.0,1542.1767578125,-2.90987196675693,-1.6527098650478997,96.93520603860236
Laser2.png,1945.0,1542.1881103515625,-2.905532114137461,-1.6526716552440743,96.93589840154235
Laser2.png,1946.0,1542.1820068359375,-2.901190969644969,-1.6527094816251802,96.93654968087634
Laser2.png,1947.0,1542.1591796875,-2.896848596564662,-1.6528197674578027,96.93716180878315
Laser2.png,1948.0,1542.1568603515625,-2.8925076054734395,-1.652840956503647,96.93782209754949
Laser2.png,1949.0,1541.8851318359375,-2.8881477027954463,-1.6540329467897656,96.93784963132256
Laser2.png,1950.0,1541.8475341796875,-2.883804153561164,-1.6542076507476735,96.93842696569241
Laser2.png,1951.0,1541.8194580078125,-2.8794614015617426,-1.6543406696379737,96.93902680941991
Laser2.png,1952.0,1541.8223876953125,-2.8751205727424733,-1.6543391473677518,96.93969940408844
Laser2.png,1953.0,1541.820068359375,-2.87077931714496,-1.6543605262330925,96.94035963072693
Laser2.png,1954.0,1541.8214111328125,-2.8664382597497116,-1.65436580290671,96.94102856931059
Laser2.png,1955.0,1541.8502197265625,-2.8620992264736915,-1.6542517409825204,96.94176198904613
Laser2.png,1956.0,1541.9180908203125,-2.8577626502345095,-1.653968062024608,96.94258712140496
Laser2.png,1957.0,1542.27783203125,-2.8534461811909484,-1.6524158153182402,96.9440979056492
Laser2.png,1958.0,1542.3480224609375,-2.849109588804186,-1.6521219151202235,96.94492859008683
Laser2.png,1959.0,1542.7039794921875,-2.84479279933193,-1.6505860632636762,96.94643052240365
Laser2.png,1960.0,1542.7554931640625,-2.840454742013683,-1.6503733754334386,96.9472173396301
Laser2.png,1961.0,1543.052490234375,-2.836133664991365,-1.6490936965024094,96.94858084744415
Laser2.png,1962.0,1543.3170166015625,-2.8318100577064262,-1.647955165185648,96.94986811132003
Laser2.png,1963.0,1543.3414306640625,-2.827470064950595,-1.6478601910054593,96.95059131592924
Laser2.png,1964.0,1543.5869140625,-2.8231449489628266,-1.6468044708000487,96.95183385133662
Laser2.png,1965.0,1543.6082763671875,-2.8188045954734964,-1.6467227280695567,96.95254992781078
Laser2.png,1966.0,1543.6285400390625,-2.8144641020581163,-1.6466458156946429,96.95326340331779
Laser2.png,1967.0,1543.649169921875,-2.8101235699901954,-1.6465672916541836,96.95397775985364
Laser2.png,1968.0,1543.652587890625,-2.805781803899981,-1.64656356734539,96.9546516951579
Laser2.png,1969.0,1543.6497802734375,-2.801439555423835,-1.6465868645315815,96.95531103390573
Laser2.png,1970.0,1543.6295166015625,-2.797096064692571,-1.6466860375689487,96.95592936842145
Laser2.png,1971.0,1543.3695068359375,-2.7927362943805627,-1.6478272473809985,96.95598445275759
Laser2.png,1972.0,1543.05419921875,-2.7883727803008544,-1.649208966406058,96.95590953298516
Laser2.png,1973.0,1542.97607421875,-2.78402545679418,-1.6495595809102046,96.95639194154498
Laser2.png,1974.0,1542.59423828125,-2.779657449666209,-1.6512304841096779,96.95616070575134
Laser2.png,1975.0,1542.210693359375,-2.775289529657628,-1.6529087156324918,96.95592547759276
Laser2.png,1976.0,1541.791748046875,-2.7709192561954827,-1.6547406512029297,96.95560716067045
Laser2.png,1977.0,1541.6287841796875,-2.766565991029694,-1.6554600945391114,96.95589023465392
Laser2.png,1978.0,1541.246826171875,-2.7621982196851964,-1.6571315113710592,96.95565868349682
Laser2.png,1979.0,1541.1256103515625,-2.757847896472944,-1.6576695157072636,96.95603981374741
Laser2.png,1980.0,1541.056884765625,-2.7535008617678955,-1.6579793745917,96.95654430570795
Laser2.png,1981.0,1541.0191650390625,-2.749156026937014,-1.6581544926919671,96.95712161417438
Laser2.png,1982.0,1540.78515625,-2.7447980835329577,-1.6591828105005555,96.95723771003034
Laser2.png,1983.0,1540.81787109375,-2.740457664040176,-1.6590517663607784,96.95798056471429
Laser2.png,1984.0,1541.1304931640625,-2.736135915149922,-1.657704246054418,96.95938101069666
Laser2.png,1985.0,1541.2158203125,-2.731798813840527,-1.6573446701178494,96.9602474322624
Laser2.png,1986.0,1541.2919921875,-2.727461210734174,-1.6570248143857462,96.96109236556408
Laser2.png,1987.0,1541.381591796875,-2.723124420463919,-1.656646435511015,96.96196894797193
Laser2.png,1988.0,1541.7109375,-2.7188031649284214,-1.6552261690121863,96.96340881484782
Laser2.png,1989.0,1541.763916015625,-2.71446378234257,-1.65500703814784,96.96419933538564
Laser2.png,1990.0,1541.833984375,-2.7101254511770234,-1.6547136351570473,96.96503001895266
Laser2.png,1991.0,1541.895751953125,-2.7057865003320445,-1.6544563775102645,96.96584117345425
Laser2.png,1992.0,1542.214111328125,-2.701464274906166,-1.6530838052801244,96.96725529502119
Laser2.png,1993.0,1542.2618408203125,-2.697124237036103,-1.652887377170687,96.96803359060154
Laser2.png,1994.0,1542.59619140625,-2.6928026502073497,-1.6514453104122566,96.96948534510737
Laser2.png,1995.0,1542.6053466796875,-2.6884601092899993,-1.6514165622332861,96.97017298692694
Laser2.png,1996.0,1542.5946044921875,-2.68411603065072,-1.6514744377437316,96.9708138347455
Laser2.png,1997.0,1542.2938232421875,-2.6797530568643517,-1.6527931873808908,96.97077302032714
Laser2.png,1998.0,1542.2225341796875,-2.6754051493887374,-1.6531141633951454,96.97127161135448
Laser2.png,1999.0,1542.1302490234375,-2.671055655397457,-1.6535265989291121,96.97172079033793
Laser2.png,2000.0,1541.764892578125,-2.6666886538996337,-1.6551259881408902,96.97152822713979
Laser2.png,2001.0,1541.4281005859375,-2.662323513370269,-1.656601165683196,96.97140281615606
Laser2.png,2002.0,1541.3023681640625,-2.657971801971133,-1.657158763079547,96.97177352326592
Laser2.png,2003.0,1540.9669189453125,-2.6536067464037685,-1.6586282147243978,96.97165120798608
Laser2.png,2004.0,1540.8477783203125,-2.6492555907220803,-1.6591573647689588,96.97203727446697
Laser2.png,2005.0,1540.5018310546875,-2.6448898639349756,-1.6606722755596466,96.97189038120784
Laser2.png,2006.0,1540.473388671875,-2.640544467312424,-1.6608071691215007,96.97248961636079
Laser2.png,2007.0,1540.139404296875,-2.63617949618983,-1.6622701842235994,96.97237078270678
Laser2.png,2008.0,1540.0860595703125,-2.6318324353997595,-1.6625133635535985,96.9729114820912
Laser2.png,2009.0,1540.0439453125,-2.627485864630247,-1.6627075088332977,96.97347872847607
Laser2.png,2010.0,1539.753173828125,-2.623123610703603,-1.6639828005991255,96.973461397926
Laser2.png,2011.0,1539.7071533203125,-2.6187768959774793,-1.6641939570232611,96.97401943045877
Laser2.png,2012.0,1539.66552734375,-2.6144304077595897,-1.6643861452258406,96.97458772665517
Laser2.png,2013.0,1539.6083984375,-2.6100828867031147,-1.6646458070774999,96.97511954815182
Laser2.png,2014.0,1539.5692138671875,-2.6057364516365604,-1.6648274408770831,96.97569356659201
Laser2.png,2015.0,1539.537109375,-2.6013905940894113,-1.6649781143805402,96.97628430542194
Laser2.png,2016.0,1539.48388671875,-2.5970431716541347,-1.66522078170893,96.9768253387622
Laser2.png,2017.0,1539.682861328125,-2.5927115500229805,-1.6643670596007032,96.97795920692748
Laser2.png,2018.0,1539.419921875,-2.588350846791403,-1.6655214239137894,96.97800729345657
Laser2.png,2019.0,1539.6199951171875,-2.5840191403545507,-1.6646628625483666,96.97914380220061
Laser2.png,2020.0,1539.636962890625,-2.5796758819466126,-1.6646003784229435,96.97984987184796
Laser2.png,2021.0,1539.708251953125,-2.575336129988477,-1.6643018189136531,96.98068357500108
Laser2.png,2022.0,1539.758544921875,-2.570994817583306,-1.664094356333838,96.98146805894291
Laser2.png,2023.0,1540.071533203125,-2.566669776439043,-1.6627449711048754,96.98287002697245
Laser2.png,2024.0,1540.1669921875,-2.5623310986018195,-1.662341321276858,96.98376062225118
Laser2.png,2025.0,1540.3072509765625,-2.5579953009660192,-1.6617427438423007,96.98475660693646
Laser2.png,2026.0,1540.6436767578125,-2.553671375326899,-1.6602914313466552,96.98621374332122
Laser2.png,2027.0,1540.70751953125,-2.549330477142077,-1.6600250349129704,96.9870301610512
Laser2.png,2028.0,1540.997314453125,-2.54500362217052,-1.6587764687546325,96.98837767048533
Laser2.png,2029.0,1541.0655517578125,-2.540662825474656,-1.6584909004880246,96.98920448177637
Laser2.png,2030.0,1541.090087890625,-2.536319446487723,-1.6583954279733444,96.98992848099293
Laser2.png,2031.0,1541.1202392578125,-2.5319763463224927,-1.6582756094650826,96.9906656556163
Laser2.png,2032.0,1541.35986328125,-2.5276458354780225,-1.6572450040695275,96.99189538992702
Laser2.png,2033.0,1541.384033203125,-2.5233022161493732,-1.6571511306858218,96.99261855809631
Laser2.png,2034.0,1541.38134765625,-2.518956892896903,-1.657173970579251,96.99327862096861
Laser2.png,2035.0,1541.3885498046875,-2.5146121128333436,-1.657153848056526,96.99396192604469
Laser2.png,2036.0,1541.3994140625,-2.5102674920275017,-1.6571179721324671,96.99465375971853
Laser2.png,2037.0,1541.3973388671875,-2.505922026405475,-1.6571381270707481,96.99531530240857
Laser2.png,2038.0,1541.6099853515625,-2.5015895221659092,-1.6562247135751431,96.99648171635337
Laser2.png,2039.0,1541.600341796875,-2.4972434543548863,-1.6562779811587294,96.9971253738624
Laser2.png,2040.0,1541.5986328125,-2.4928978115629326,-1.6562965197074926,96.99778782158249
Laser2.png,2041.0,1541.5938720703125,-2.4885519231263076,-1.6563284850479476,96.99844301729672
Laser2.png,2042.0,1541.591796875,-2.484206139625545,-1.6563486353887893,96.99910461167649
Laser2.png,2043.0,1541.577880859375,-2.479859583990461,-1.6564203445852934,96.99973833188197
Laser2.png,2044.0,1541.579833984375,-2.4755141028137446,-1.6564231300209071,97.00040930767851
Laser2.png,2045.0,1541.5841064453125,-2.4711685221357707,-1.6564157115253495,97.00108583905548
Laser2.png,2046.0,1541.586181640625,-2.4668227478809364,-1.6564179603592784,97.00175715155319
Laser2.png,2047.0,1541.581298828125,-2.4624766805282565,-1.6564502854123064,97.00241217965127
Laser2.png,2048.0,1541.579345703125,-2.4581305462466885,-1.6564700793506872,97.00307402182361
Laser2.png,2049.0,1541.5826416015625,-2.453784846147767,-1.6564669572312885,97.00374823898207
Laser2.png,2050.0,1541.579345703125,-2.449438514461891,-1.656492480559213,97.00440700095561
Laser2.png,2051.0,1541.5867919921875,-2.445092940732852,-1.6564712762591522,97.00509101620247
Laser2.png,2052.0,1541.3663330078125,-2.4407338209190543,-1.6574410188779178,97.00523909727059
Laser2.png,2053.0,1541.59765625,-2.4364011910898022,-1.6564464126804532,97.0064496138913
Laser2.png,2054.0,1541.3851318359375,-2.432042463059855,-1.6573817942192444,97.00661629053425
Laser2.png,2055.0,1541.399169921875,-2.4276970554185517,-1.657331949972089,97.0073158300184
Laser2.png,2056.0,1541.4000244140625,-2.4233508110306228,-1.6573393968963563,97.00798439299035
Laser2.png,2057.0,1541.4122314453125,-2.4190049907619064,-1.6572976088414995,97.0086796222548
Laser2.png,2058.0,1541.3955078125,-2.414657596151217,-1.6573815055323189,97.00930685514716
Laser2.png,2059.0,1541.373046875,-2.410309810886131,-1.6574902899441912,97.00992063581076
Laser2.png,2060.0,1541.33984375,-2.4059613413615777,-1.6576459846057139,97.01050905264228
Laser2.png,2061.0,1541.0897216796875,-2.4016001898584265,-1.6587448714751625,97.01058732979153
Laser2.png,2062.0,1541.0867919921875,-2.3972533988759017,-1.6587688002260095,97.01124702861286
Laser2.png,2063.0,1541.0477294921875,-2.392904631524692,-1.6589499283484308,97.01182168254282
Laser2.png,2064.0,1541.006103515625,-2.3885554848023873,-1.6591421597822638,97.0123903666858
Laser2.png,2065.0,1540.9647216796875,-2.3842063013704924,-1.6593333192040896,97.01295963855428
Laser2.png,2066.0,1540.6800537109375,-2.3798430289531067,-1.6605824524300117,97.01295666829208
Laser2.png,2067.0,1540.582763671875,-2.3754907287489955,-1.6610167622323957,97.01339440500988
Laser2.png,2068.0,1540.5108642578125,-2.3711396696843186,-1.6613406063415634,97.01389192654348
Laser2.png,2069.0,1540.208984375,-2.366775548176517,-1.662664590877903,97.01384844747484
Laser2.png,2070.0,1540.15478515625,-2.362425438131,-1.6629114563437015,97.01438761737693
Laser2.png,2071.0,1540.09912109375,-2.3580751949886265,-1.6631647701410162,97.0149233067817
Laser2.png,2072.0,1540.0677490234375,-2.353726470141588,-1.6633124497524556,97.01551611486397
Laser2.png,2073.0,1540.0340576171875,-2.3493773807715623,-1.6634701582165823,97.01610353423436
Laser2.png,2074.0,1539.8214111328125,-2.3450182424448394,-1.6644061815749815,97.0162699258998
Laser2.png,2075.0,1539.8193359375,-2.3406710411549634,-1.6644263897774192,97.01693170827485
Laser2.png,2076.0,1539.8382568359375,-2.3363247876755464,-1.664355463383465,97.01764282512131
Laser2.png,2077.0,1539.882080078125,-2.331980058983341,-1.664176210581485,97.01841252137146
Laser2.png,2078.0,1539.95068359375,-2.327636482498365,-1.6638889875181575,97.0192406613158
Laser2.png,2079.0,1540.04833984375,-2.32329464476706,-1.6634757055710763,97.02013697532531
Laser2.png,2080.0,1540.13330078125,-2.318952016080309,-1.6631173859999915,97.021003570146
Laser2.png,2081.0,1540.4766845703125,-2.314623632221484,-1.6616352897389897,97.02247811038335
Laser2.png,2082.0,1540.573486328125,-2.310281483252318,-1.6612255544118748,97.02337254693612
Laser2.png,2083.0,1540.6234130859375,-2.3059366320562056,-1.6610197648300793,97.0241566701788
Laser2.png,2084.0,1540.6807861328125,-2.301592128838791,-1.660781382099556,97.0249584358845
Laser2.png,2085.0,1540.7772216796875,-2.2972495480125388,-1.6603732405013656,97.02585207396113
Laser2.png,2086.0,1541.086181640625,-2.2929188842599055,-1.6590407314323752,97.02724574928062
Laser2.png,2087.0,1541.144287109375,-2.288574173987166,-1.6587992805222982,97.02804921288467
Laser2.png,2088.0,1541.4453125,-2.284242847388789,-1.6575012804421865,97.02942425427119
Laser2.png,2089.0,1541.4761962890625,-2.279896463079779,-1.6573781819956999,97.03016371796348
Laser2.png,2090.0,1541.72216796875,-2.275561881430321,-1.6563195655745493,97.03140929072461
Laser2.png,2091.0,1541.696044921875,-2.271212201302596,-1.656444484992344,97.03201460419463
Laser2.png,2092.0,1541.6644287109375,-2.2668621658795325,-1.6565932240492427,97.03260703987456
Laser2.png,2093.0,1541.61865234375,-2.2625113024935786,-1.656803390793405,97.03316625177885
Laser2.png,2094.0,1541.2667236328125,-2.2581438010671087,-1.658345404244109,97.03300491787869
Laser2.png,2095.0,1541.2081298828125,-2.2537921674946717,-1.6586114558565235,97.03353390651668
Laser2.png,2096.0,1541.137451171875,-2.2494400062542126,-1.6589301604884068,97.03403438907615
Laser2.png,2097.0,1541.08544921875,-2.2450886377272967,-1.659167564618844,97.03457889072818
Laser2.png,2098.0,1541.0076904296875,-2.240736002143091,-1.6595168990747124,97.03506281635939
Laser2.png,2099.0,1540.9337158203125,-2.2363833462395983,-1.6598499407102958,97.03555559125418
Laser2.png,2100.0,1540.906494140625,-2.2320333579869787,-1.6599795432663866,97.03615840971783
Laser2.png,2101.0,1540.864013671875,-2.2276824904617882,-1.6601755888501437,97.03672528928809
Laser2.png,2102.0,1540.8397216796875,-2.2233323732256287,-1.66029248019424,97.03733502921241
Laser2.png,2103.0,1540.8204345703125,-2.218982651747358,-1.6603875236339583,97.03795657011986
Laser2.png,2104.0,1540.851318359375,-2.2146353878413,-1.6602644363607515,97.03869616386835
Laser2.png,2105.0,1540.862060546875,-2.2102871585569743,-1.6602289228544544,97.03938835920172
Laser2.png,2106.0,1540.8731689453125,-2.205938887062941,-1.6601917970001108,97.04008143648497
Laser2.png,2107.0,1540.93798828125,-2.2015934201266356,-1.6599211306842543,97.04090087957023
Laser2.png,2108.0,1540.980224609375,-2.1972464973329324,-1.6597486054020145,97.04166726269126
Laser2.png,2109.0,1541.08056640625,-2.1929027735249966,-1.6593235477582409,97.04257026214756
Laser2.png,2110.0,1541.1734619140625,-2.188558577688421,-1.6589305412844733,97.04345593260336
Laser2.png,2111.0,1541.304931640625,-2.1842163440611384,-1.6583698870683958,97.04443232304132
Laser2.png,2112.0,1541.6776123046875,-2.1798865945864394,-1.6567600147084325,97.04597645011768
Laser2.png,2113.0,1542.0528564453125,-2.175557022165621,-1.655138985684993,97.04752660725805
Laser2.png,2114.0,1542.1748046875,-2.1712139747188166,-1.6546196452729944,97.04848069248091
Laser2.png,2115.0,1542.5421142578125,-2.1668837365661915,-1.6530329310770457,97.05001232155405
Laser2.png,2116.0,1542.8841552734375,-2.162551855565632,-1.6515561489540018,97.051484517705
Laser2.png,2117.0,1542.966796875,-2.1582064448189304,-1.6512078167674633,97.05234612045646
Laser2.png,2118.0,1543.033935546875,-2.1538603261595255,-1.6509270087928996,97.0531711707711
Laser2.png,2119.0,1543.0430908203125,-2.149510930952631,-1.6508984093735994,97.05385979256285
Laser2.png,2120.0,1543.0155029296875,-2.1451595630752087,-1.6510295929194192,97.05446196613953
Laser2.png,2121.0,1542.6981201171875,-2.140793274331316,-1.652421486831054,97.0543819513499
Laser2.png,2122.0,1542.6114501953125,-2.1364387672084306,-1.6528097297379345,97.0548450414306
Laser2.png,2123.0,1542.27978515625,-2.1320717295692257,-1.6542637845745791,97.0547313925208
Laser2.png,2124.0,1542.220703125,-2.1277185888473977,-1.6545320225568445,97.05525942731839
Laser2.png,2125.0,1542.188232421875,-2.123366950830961,-1.654684546314142,97.05585005612146
Laser2.png,2126.0,1542.180419921875,-2.1190163494236365,-1.6547295949166778,97.05649887769214
Laser2.png,2127.0,1542.1678466796875,-2.114665622934159,-1.6547956019044476,97.05713633935181
Laser2.png,2128.0,1542.189208984375,-2.1103163978744814,-1.6547138266494925,97.05785380641137
Laser2.png,2129.0,1542.2027587890625,-2.1059668890790832,-1.6546660850097046,97.0585528389707
Laser2.png,2130.0,1542.2008056640625,-2.1016163461433037,-1.6546858768103634,97.05921536456825
Laser2.png,2131.0,1542.196533203125,-2.09726580880098,-1.654715520862391,97.0598725400612
Laser2.png,2132.0,1542.20947265625,-2.0929160841888974,-1.6546704652941078,97.06057014762804
Laser2.png,2133.0,1542.18701171875,-2.0885645031378512,-1.654779467754777,97.06118439732259
Laser2.png,2134.0,1541.932861328125,-2.084201155938744,-1.6558963011980077,97.06125327025073
Laser2.png,2135.0,1541.8515625,-2.079846340517699,-1.6562613003184272,97.06172902815962
Laser2.png,2136.0,1541.7666015625,-2.0754914801908195,-1.656642066677574,97.06219623226119
Laser2.png,2137.0,1541.4483642578125,-2.071125037702246,-1.6580378282720751,97.06211414132207
Laser2.png,2138.0,1541.3726806640625,-2.0667705825627984,-1.658378298907438,97.0626031611144
Laser2.png,2139.0,1541.328125,-2.0624176387468682,-1.658583524112803,97.06316537796513
Laser2.png,2140.0,1541.23779296875,-2.0580623628622794,-1.658987595245306,97.06361999314676
Laser2.png,2141.0,1541.19970703125,-2.0537096470919862,-1.659164522168636,97.0641975391408
Laser2.png,2142.0,1541.117431640625,-2.049354681197353,-1.6595338472574712,97.06467097156977
Laser2.png,2143.0,1540.80712890625,-2.0449883634724952,-1.660895068828536,97.064607614685
Laser2.png,2144.0,1541.0404052734375,-2.040648959205878,-1.6598912963679104,97.06582415647325
Laser2.png,2145.0,1541.030517578125,-2.036297432130069,-1.6599456993453199,97.06646804237748
Laser2.png,2146.0,1541.0440673828125,-2.03194700414863,-1.65989799115273,97.0671671990261
Laser2.png,2147.0,1541.1197509765625,-2.027599749738771,-1.65957995142231,97.0680126399318
Laser2.png,2148.0,1541.4095458984375,-2.0232627479607426,-1.658330334641003,97.06936229007381
Laser2.png,2149.0,1541.4556884765625,-2.0189136934894116,-1.6581407259023657,97.07013827847588
Laser2.png,2150.0,1541.5269775390625,-2.014565796948868,-1.657841830960153,97.07097342417175
Laser2.png,2151.0,1541.598876953125,-2.010217855711888,-1.6575402435544024,97.07181003864656
Laser2.png,2152.0,1541.9090576171875,-2.0058816166059885,-1.6562016864253513,97.07320786055303
Laser2.png,2153.0,1541.9840087890625,-2.0015336483847723,-1.6558868200665235,97.0740516889562
Laser2.png,2154.0,1542.0499267578125,-1.997185167675543,-1.6556111847809771,97.07487429632157
Laser2.png,2155.0,1542.107666015625,-1.9928363973818464,-1.655371197995709,97.07567759329665
Laser2.png,2156.0,1542.1209716796875,-1.9884852316425485,-1.6553245273159727,97.07637630080424
Laser2.png,2157.0,1542.133056640625,-1.984134124063484,-1.655283230493122,97.07707208159793
Laser2.png,2158.0,1541.88623046875,-1.9797705207963956,-1.6563683551384119,97.07715821031417
Laser2.png,2159.0,1541.8831787109375,-1.97541841125687,-1.6563928202237337,97.07781844101211
Laser2.png,2160.0,1541.8802490234375,-1.9710664267181817,-1.6564169268339666,97.07847884699804
Laser2.png,2161.0,1541.8809814453125,-1.966714559782086,-1.6564249085319185,97.07914798973843
Laser2.png,2162.0,1541.905517578125,-1.9623635856256572,-1.656329330156779,97.07987322182751
Laser2.png,2163.0,1541.9415283203125,-1.9580132704829236,-1.6561839399909195,97.08062539703532
Laser2.png,2164.0,1541.97509765625,-1.9536627747334174,-1.6560489396549671,97.08137195907806
Laser2.png,2165.0,1542.2696533203125,-1.9493245520947495,-1.6547784958915104,97.0827331060787
Laser2.png,2166.0,1542.0426025390625,-1.9449615960968847,-1.6557776785159355,97.08286579648951
Laser2.png,2167.0,1542.3011474609375,-1.9406213100478291,-1.6546638156154738,97.08414224788565
Laser2.png,2168.0,1542.300048828125,-1.9362688923208242,-1.6546798488641865,97.08480710430806
Laser2.png,2169.0,1542.2813720703125,-1.9319155928119776,-1.654772214152061,97.08543065302767
Laser2.png,2170.0,1542.2628173828125,-1.9275622412339788,-1.6548642222591015,97.08605440373515
Laser2.png,2171.0,1542.2420654296875,-1.923208731888291,-1.6549657283379267,97.08667302197374
Laser2.png,2172.0,1542.2257080078125,-1.918855370260359,-1.6550482420200079,97.08730192919509
Laser2.png,2173.0,1542.2021484375,-1.9145017997301346,-1.6551619348071476,97.0879139401797
Laser2.png,2174.0,1542.190673828125,-1.9101485531430296,-1.6552231274557117,97.0885544057644
Laser2.png,2175.0,1542.18310546875,-1.9057954319003216,-1.6552671187626673,97.08920419134832
Laser2.png,2176.0,1542.1678466796875,-1.9014418952610932,-1.6553447984142864,97.08983575027042
Laser2.png,2177.0,1542.41259765625,-1.8971002707409015,-1.654290879225832,97.0910798626132
Laser2.png,2178.0,1542.41943359375,-1.8927477891896665,-1.654272326007987,97.09176350749112
Laser2.png,2179.0,1542.4473876953125,-1.8883960338755958,-1.6541618453706672,97.09249695159018
Laser2.png,2180.0,1542.7025146484375,-1.8840545975214438,-1.6530627238249873,97.09376557724528
Laser2.png,2181.0,1542.7213134765625,-1.8797022680098583,-1.6529921936202272,97.09447741928331
Laser2.png,2182.0,1542.734619140625,-1.8753498058038358,-1.652945495834355,97.09517634214372
Laser2.png,2183.0,1542.7149658203125,-1.870995605161928,-1.653042160730165,97.09579769586458
Laser2.png,2184.0,1542.6702880859375,-1.866640395211384,-1.6532477826689398,97.0963600480079
Laser2.png,2185.0,1542.41748046875,-1.8622755490385976,-1.6543592847964002,97.09643204752655
Laser2.png,2186.0,1542.3865966796875,-1.857920881981178,-1.654504882297307,97.0970269056732
Laser2.png,2187.0,1542.3753662109375,-1.8535670449390123,-1.654565000651285,97.097668045918
Laser2.png,2188.0,1542.1295166015625,-1.849202442512837,-1.655646233177685,97.09775644246962
Laser2.png,2189.0,1542.1083984375,-1.844848072811676,-1.6557493688529377,97.09837430907056
Laser2.png,2190.0,1542.0660400390625,-1.840492698821971,-1.6559449763722909,97.09894212388728
Laser2.png,2191.0,1541.78173828125,-1.836126495937822,-1.657193422396681,97.09893998024485
Laser2.png,2192.0,1541.720703125,-1.831770214664418,-1.657470398971543,97.09946375647826
Laser2.png,2193.0,1541.644775390625,-1.8274130469192529,-1.6578120725272003,97.0999525429413
Laser2.png,2194.0,1541.5947265625,-1.823057161378098,-1.6580410278244717,97.10050233088607
Laser2.png,2195.0,1541.3460693359375,-1.8186924605522614,-1.6591344806272024,97.10058410771732
Laser2.png,2196.0,1541.560302734375,-1.814348131956868,-1.6582132870408026,97.10175657571698
Laser2.png,2197.0,1541.576416015625,-1.8099949959434447,-1.6581544370166261,97.10246220086027
Laser2.png,2198.0,1541.5909423828125,-1.8056417281043866,-1.6581023961934138,97.10316414937694
Laser2.png,2199.0,1541.6142578125,-1.8012887806871503,-1.658012182166524,97.10388677428887
Laser2.png,2200.0,1541.6502685546875,-1.7969363214905651,-1.6578667686066704,97.10463929400296
Laser2.png,2201.0,1541.9188232421875,-1.7925939112992795,-1.6567091323298437,97.10593984069514
Laser2.png,2202.0,1541.9681396484375,-1.788241871628815,-1.6565056382822017,97.10672383004474
Laser2.png,2203.0,1542.0162353515625,-1.7838897082099745,-1.6563075176030164,97.10750492109703
Laser2.png,2204.0,1542.2987060546875,-1.7795474157819051,-1.6550892485573887,97.10883836987462
Laser2.png,2205.0,1542.33349609375,-1.775194695076881,-1.6549490020416329,97.10958812463352
Laser2.png,2206.0,1542.3515625,-1.7708410065888838,-1.6548816998142302,97.11029842436405
Laser2.png,2207.0,1542.3594970703125,-1.7664868219432195,-1.654858307883693,97.11098495996453
Laser2.png,2208.0,1542.103759765625,-1.7621212994112982,-1.6559827033881334,97.11105006374817
Laser2.png,2209.0,1542.068603515625,-1.7577653607748012,-1.6561469721638316,97.11163498118792
Laser2.png,2210.0,1541.991455078125,-1.7534074021090298,-1.6564940583175125,97.11212095130284
Laser2.png,2211.0,1541.6971435546875,-1.7490403642227834,-1.6577862259127563,97.11209519843649
Laser2.png,2212.0,1541.57177734375,-1.7446802997057635,-1.6583431992373476,97.11246753707643
Laser2.png,2213.0,1541.482177734375,-1.7403218933907538,-1.6587444261714597,97.11292418095582
Laser2.png,2214.0,1541.13671875,-1.7359526666256517,-1.6602593840262054,97.11277780378512
Laser2.png,2215.0,1541.02392578125,-1.731593050766991,-1.660761527049584,97.11317984287687
Laser2.png,2216.0,1540.6815185546875,-1.7272239533785951,-1.6622632231240306,97.1130406461129
Laser2.png,2217.0,1540.358642578125,-1.7228556862796351,-1.6636797833044223,97.11294754503692
Laser2.png,2218.0,1540.289306640625,-1.7184978202926795,-1.6639928590830761,97.1134519666011
Laser2.png,2219.0,1540.0264892578125,-1.7141320404664977,-1.6651481153409484,97.11350035448461
Laser2.png,2220.0,1540.0244140625,-1.7097770765490234,-1.6651683464909737,97.11416332571152
Laser2.png,2221.0,1540.0736083984375,-1.7054239928209134,-1.6649656204193575,97.11494705966564
Laser2.png,2222.0,1540.148681640625,-1.7010720901706191,-1.6646499765517442,97.11579191908945
Laser2.png,2223.0,1540.5238037109375,-1.6967322853155213,-1.6630284437305645,97.11734393329259
Laser2.png,2224.0,1540.650390625,-1.692382313702842,-1.6624887310363774,97.11831015111582
Laser2.png,2225.0,1541.024658203125,-1.688042222012623,-1.6608708856690277,97.1198602076206
Laser2.png,2226.0,1541.1263427734375,-1.6836910332537824,-1.6604395790935365,97.1207677551524
Laser2.png,2227.0,1541.4722900390625,-1.6793497204493901,-1.6589448019580388,97.12225118124636
Laser2.png,2228.0,1541.5228271484375,-1.6749960838494593,-1.6587360935878848,97.1230382488247
Laser2.png,2229.0,1541.54248046875,-1.6706413049019047,-1.6586618185426072,97.12375250317258
Laser2.png,2230.0,1541.5469970703125,-1.6662858507453433,-1.6586533274358979,97.12443114489677
Laser2.png,2231.0,1541.52783203125,-1.6619293790225669,-1.6587480852806242,97.12505388550588
Laser2.png,2232.0,1541.5010986328125,-1.657572548277672,-1.658875647598585,97.12565887062327
Laser2.png,2233.0,1541.18310546875,-1.6532041557801755,-1.6602712429734479,97.12557717170749
Laser2.png,2234.0,1541.1456298828125,-1.6488468171159025,-1.6604456002750319,97.12615682828634
Laser2.png,2235.0,1541.115966796875,-1.644489738712685,-1.660585901583379,97.12675493514836
Laser2.png,2236.0,1540.8250732421875,-1.6401222060503393,-1.661863564170054,97.12673713428559
Laser2.png,2237.0,1540.7760009765625,-1.6357642762505813,-1.6620884822883495,97.12728943056067
Laser2.png,2238.0,1540.791259765625,-1.6314088453290396,-1.6620332295619387,97.12799345771626
Laser2.png,2239.0,1540.7833251953125,-1.627052614575996,-1.6620790754656813,97.1286427175691
Laser2.png,2240.0,1540.7822265625,-1.6226964143464953,-1.6620951659214644,97.12930812829511
Laser2.png,2241.0,1541.0849609375,-1.6183520897108281,-1.660788505949895,97.13068988305453
Laser2.png,2242.0,1541.0950927734375,-1.6139961784447197,-1.6607556495470022,97.1313818245554
Laser2.png,2243.0,1541.13232421875,-1.6096412637036235,-1.6606048377176568,97.13213765524709
Laser2.png,2244.0,1541.1387939453125,-1.6052852631254755,-1.6605879335632243,97.13282094936245
Laser2.png,2245.0,1541.3778076171875,-1.6009380582671826,-1.659558532223605,97.13405261343041
Laser2.png,2246.0,1541.3873291015625,-1.5965818481998948,-1.659528354953674,97.13474314654835
Laser2.png,2247.0,1541.3974609375,-1.5922257805418185,-1.6594954877294374,97.13543511812716
Laser2.png,2248.0,1541.41845703125,-1.58786988933641,-1.6594152928272796,97.13615275876504
Laser2.png,2249.0,1541.4384765625,-1.5835138957812938,-1.6593393992914724,97.13686807983314
Laser2.png,2250.0,1541.438232421875,-1.5791572419718642,-1.6593517071086772,97.13753561452114
Laser2.png,2251.0,1541.4447021484375,-1.5748006043716023,-1.659334793671688,97.13821901225927
Laser2.png,2252.0,1541.420654296875,-1.5704429227898105,-1.6594507234925668,97.13883044486451
Laser2.png,2253.0,1541.3873291015625,-1.566084832573313,-1.6596071714766045,97.13941994153994
Laser2.png,2254.0,1541.13330078125,-1.5617183239313002,-1.6607243688434805,97.13948910612866
Laser2.png,2255.0,1541.0517578125,-1.5573581494230235,-1.6610905803475533,97.13996503512837
Laser2.png,2256.0,1540.7689208984375,-1.552990523454303,-1.6623332781125917,97.13996623270997
Laser2.png,2257.0,1540.6875,-1.548630468361083,-1.6626991402720894,97.14044233290471
Laser2.png,2258.0,1540.3609619140625,-1.5442611830839144,-1.6641320547000786,97.14034050992683
Laser2.png,2259.0,1540.2554931640625,-1.539900171036852,-1.6646024444069805,97.14076000541803
Laser2.png,2260.0,1540.1563720703125,-1.5355393576948686,-1.6650452297925311,97.14119445781009
Laser2.png,2261.0,1539.8297119140625,-1.5311700477186052,-1.6664786906767557,97.14109234195838
Laser2.png,2262.0,1539.7376708984375,-1.5268094413851576,-1.6668908301115433,97.14154340140634
Laser2.png,2263.0,1539.66796875,-1.5224496208956826,-1.6672056272845257,97.14204719081711
Laser2.png,2264.0,1539.391357421875,-1.5180821315291042,-1.6684211021972215,97.14206314779332
Laser2.png,2265.0,1539.569580078125,-1.5137312625625254,-1.6676564934199267,97.14315161088132
Laser2.png,2266.0,1539.3145751953125,-1.5093646029472492,-1.6687780418045346,97.14321843646701
Laser2.png,2267.0,1539.30126953125,-1.5050066778289268,-1.6688472459177475,97.14385527628978
Laser2.png,2268.0,1539.5238037109375,-1.500657196154729,-1.66788972325575,97.14504826647864
Laser2.png,2269.0,1539.5281982421875,-1.49629977502476,-1.6678818321474793,97.14572688683657
Laser2.png,2270.0,1539.5810546875,-1.49194404687778,-1.6676631050040729,97.14651971774514
Laser2.png,2271.0,1539.6136474609375,-1.487587607761479,-1.6675324025232412,97.1472648660554
Laser2.png,2272.0,1539.6829833984375,-1.4832323326306251,-1.6672419547774924,97.14809656726021
Laser2.png,2273.0,1539.7481689453125,-1.478876835090456,-1.6669694308183356,97.14891857123868
Laser2.png,2274.0,1539.8077392578125,-1.4745210633770405,-1.6667212855982696,97.1497273813119
Laser2.png,2275.0,1539.854248046875,-1.470164751780034,-1.6665301507858308,97.15050532137123
Laser2.png,2276.0,1539.89208984375,-1.4658081529666076,-1.6663766641076332,97.15126286498084
Laser2.png,2277.0,1540.1395263671875,-1.4614588323785984,-1.6653105639110255,97.15251478196205
Laser2.png,2278.0,1540.165771484375,-1.4571015745160603,-1.6652076266453992,97.15324498196973
Laser2.png,2279.0,1540.1900634765625,-1.4527442731708335,-1.6651131146372684,97.15397061424804
Laser2.png,2280.0,1540.1943359375,-1.448386203026893,-1.665105741068885,97.15464905404849
Laser2.png,2281.0,1540.176513671875,-1.4440272065189645,-1.6651946523696033,97.15527535973936
Laser2.png,2282.0,1540.188720703125,-1.439669293312915,-1.6651528532146604,97.15597246648198
Laser2.png,2283.0,1540.2021484375,-1.4353113606163714,-1.6651056743474415,97.15667249713331
Laser2.png,2284.0,1540.2208251953125,-1.4309535482330062,-1.6650355437455784,97.15738497071446
Laser2.png,2285.0,1540.24169921875,-1.426595747525425,-1.6649559088688972,97.15810260279524
Laser2.png,2286.0,1540.48974609375,-1.4222456352978736,-1.6638872049662778,97.15935605595857
Laser2.png,2287.0,1540.527099609375,-1.4178882502980834,-1.663735656120448,97.160112669097
Laser2.png,2288.0,1540.8055419921875,-1.413539068977142,-1.662534579667906,97.16143784932329
Laser2.png,2289.0,1540.81494140625,-1.409180566183348,-1.662504772975075,97.1621285360505
Laser2.png,2290.0,1540.84716796875,-1.4048227781271512,-1.6623758031004074,97.16287295240565
Laser2.png,2291.0,1541.0926513671875,-1.4004721762803871,-1.6613179517993686,97.1641205889654
Laser2.png,2292.0,1541.1005859375,-1.3961134086054656,-1.6612947705703143,97.16480771941647
Laser2.png,2293.0,1541.1048583984375,-1.3917545471229775,-1.661287369275714,97.16548629673493
Laser2.png,2294.0,1541.0924072265625,-1.3873949698912285,-1.661352953399114,97.16612535769018
Laser2.png,2295.0,1541.0772705078125,-1.3830352468136058,-1.6614300152526202,97.16675820943003
Laser2.png,2296.0,1541.0631103515625,-1.3786755889471936,-1.6615029533490595,97.16739329005485
Laser2.png,2297.0,1541.0230712890625,-1.3743150097817667,-1.6616886897909635,97.16796726986287
Laser2.png,2298.0,1540.787841796875,-1.3699478878943725,-1.6627242640008588,97.16808084630884
Laser2.png,2299.0,1540.75732421875,-1.3655874514200996,-1.662868584416532,97.16867729069398
Laser2.png,2300.0,1540.719482421875,-1.3612268108137007,-1.6630446476123568,97.16925653205914
Laser2.png,2301.0,1540.4420166015625,-1.3568583140469737,-1.6642642274674755,97.16927041617487
Laser2.png,2302.0,1540.41845703125,-1.3524979737349527,-1.6643780732015137,97.16988339178015
Laser2.png,2303.0,1540.107666015625,-1.3481283557042278,-1.6657429164082989,97.16981857928458
Laser2.png,2304.0,1540.0721435546875,-1.3437676350426944,-1.6659089564230232,97.17040327508326
Laser2.png,2305.0,1539.776611328125,-1.339398406001658,-1.6672072758787424,97.17037452118359
Laser2.png,2306.0,1539.755615234375,-1.3350380790692897,-1.6673100229007183,97.17099352071791
Laser2.png,2307.0,1539.721435546875,-1.3306773611262794,-1.6674701562617058,97.17158142308898
Laser2.png,2308.0,1539.716552734375,-1.3263174443379915,-1.66750260886913,97.17223852521153
Laser2.png,2309.0,1539.7056884765625,-1.3219572755979623,-1.6675612442762164,97.17288145048273
Laser2.png,2310.0,1539.72119140625,-1.317597892339585,-1.667505107688331,97.17358656917403
Laser2.png,2311.0,1539.75927734375,-1.313239166716801,-1.667350515905942,97.17434504193133
Laser2.png,2312.0,1540.01611328125,-1.3088873252820323,-1.666243285529005,97.17561968048858
Laser2.png,2313.0,1539.9835205078125,-1.3045262910748114,-1.666396605195911,97.17621133127027
Laser2.png,2314.0,1539.9517822265625,-1.3001651420473057,-1.666545981499072,97.176805140854
Laser2.png,2315.0,1539.8770751953125,-1.2958026760062715,-1.6668827699277795,97.17729739961811
Laser2.png,2316.0,1539.8079833984375,-1.2914402523656623,-1.6671949923390135,97.17780298983763
Laser2.png,2317.0,1539.7178955078125,-1.2870772172760239,-1.6675986817684132,97.17825901304485
Laser2.png,2318.0,1539.65283203125,-1.28271492109243,-1.6678933352660796,97.17877412250833
Laser2.png,2319.0,1539.6063232421875,-1.2783531551765972,-1.668107108423821,97.17933306355438
Laser2.png,2320.0,1539.5640869140625,-1.2739913799779208,-1.6683024119073504,97.17990203406991
Laser2.png,2321.0,1539.547607421875,-1.2696304387957367,-1.6683854478493723,97.1805318307119
Laser2.png,2322.0,1539.5604248046875,-1.2652703406774977,-1.6683409700656509,97.18123072993258
Laser2.png,2323.0,1539.5875244140625,-1.2609106173755618,-1.6682342581508873,97.18196336091121
Laser2.png,2324.0,1539.643310546875,-1.2565517041509855,-1.6680025384555766,97.18276373898087
Laser2.png,2325.0,1539.72509765625,-1.252193418933257,-1.667657644807229,97.18362546719054
Laser2.png,2326.0,1539.801025390625,-1.2478349683137184,-1.6673383922627731,97.18447329926626
Laser2.png,2327.0,1540.0771484375,-1.2434824888352616,-1.6661469279454726,97.18579377103242
Laser2.png,2328.0,1540.14794921875,-1.2391237113188465,-1.6658498955295284,97.18662958937084
Laser2.png,2329.0,1540.2010498046875,-1.2347643290917516,-1.665629803469292,97.18742372684517
Laser2.png,2330.0,1540.2330322265625,-1.2304042431602358,-1.6655018996614395,97.18816791999313
Laser2.png,2331.0,1540.499755859375,-1.2260510805842793,-1.6643514396952739,97.18946623433047
Laser2.png,2332.0,1540.5338134765625,-1.2216908986091408,-1.6642143757168237,97.1902154158183
Laser2.png,2333.0,1540.56982421875,-1.2173307078494247,-1.664068699957561,97.19096927439621
Laser2.png,2334.0,1540.6234130859375,-1.2129709662203274,-1.6638466104466767,97.19176455199761
Laser2.png,2335.0,1540.913330078125,-1.2086180901705936,-1.6625950985542886,97.1931176877169
Laser2.png,2336.0,1540.9771728515625,-1.2042585723197323,-1.6623281480241885,97.19393728779136
Laser2.png,2337.0,1541.062744140625,-1.199899523016957,-1.6619666614559347,97.19480814330451
Laser2.png,2338.0,1541.3389892578125,-1.1955459316887402,-1.6607746386768392,97.19612909035033
Laser2.png,2339.0,1541.3746337890625,-1.1911853524482563,-1.6606305415768694,97.19688215192136
Laser2.png,2340.0,1541.420654296875,-1.186824913221129,-1.6604414170927824,97.19765963925569
Laser2.png,2341.0,1541.41943359375,-1.1824631380907806,-1.660458044490563,97.19832562119916
Laser2.png,2342.0,1541.40771484375,-1.1781010039014086,-1.6605202362719464,97.19896691971627
Laser2.png,2343.0,1541.1591796875,-1.1737320597027336,-1.661614259928424,97.19904904329115
Laser2.png,2344.0,1541.093994140625,-1.1693683161728554,-1.661909482656955,97.19956406767822
Laser2.png,2345.0,1541.008056640625,-1.165003939134726,-1.662295119396641,97.20003010019255
Laser2.png,2346.0,1540.70263671875,-1.1606334233271345,-1.663636887507089,97.1999779551608
Laser2.png,2347.0,1540.587158203125,-1.1562681554764604,-1.664151332951965,97.2003741893821
Laser2.png,2348.0,1540.4945068359375,-1.1519034914578588,-1.6645662235408638,97.2008243830524
Laser2.png,2349.0,1540.2200927734375,-1.1475338112134361,-1.6657729248895174,97.20084544264968
Laser2.png,2350.0,1540.1424560546875,-1.1431695029140831,-1.6661223494430475,97.20133112578235
Laser2.png,2351.0,1540.0950927734375,-1.1388059870441016,-1.6663401082870881,97.20188817363203
Laser2.png,2352.0,1539.8370361328125,-1.1344367065971692,-1.6674756074339816,97.20194783029802
Laser2.png,2353.0,1539.767578125,-1.130072508286441,-1.6677893467395508,97.20245287156645
Laser2.png,2354.0,1539.4986572265625,-1.1257028998512182,-1.6689722108764997,97.20248686236592
Laser2.png,2355.0,1539.4234619140625,-1.1213384749400725,-1.6693110736022148,97.20297829804548
Laser2.png,2356.0,1539.3604736328125,-1.1169744269594468,-1.6695968413710724,97.20349850307912
Laser2.png,2357.0,1539.081787109375,-1.112604503196418,-1.6708222329948192,97.20350945255508
Laser2.png,2358.0,1539.018798828125,-1.1082402942562948,-1.6711080106508152,97.20402967712995
Laser2.png,2359.0,1538.9395751953125,-1.1038756939510075,-1.6714644691135565,97.20451158642042
Laser2.png,2360.0,1538.65771484375,-1.099505638487306,-1.6727036863226088,97.20451504973371
Laser2.png,2361.0,1538.59521484375,-1.0951414189064779,-1.6729871447594518,97.2050365351657
Laser2.png,2362.0,1538.590087890625,-1.0907786712122707,-1.6730209008490198,97.20569336766695
Laser2.png,2363.0,1538.6058349609375,-1.086416325126635,-1.6729637081331294,97.20639951829308
Laser2.png,2364.0,1538.6971435546875,-1.0820559931807225,-1.6725771554919975,97.20728418182276
Laser2.png,2365.0,1539.0521240234375,-1.0777023927142007,-1.671042123011354,97.20879136597534
Laser2.png,2366.0,1539.4317626953125,-1.0733493003573578,-1.669399583272015,97.21035684211455
Laser2.png,2367.0,1539.835693359375,-1.0689966986860975,-1.6676511427569096,97.21197974070363
Laser2.png,2368.0,1540.2149658203125,-1.0646433137606377,-1.6660101092018804,97.21354444434299
Laser2.png,2369.0,1540.585205078125,-1.0602896467983425,-1.6644083138741983,97.21508788739663
Laser2.png,2370.0,1540.71826171875,-1.0559297573404332,-1.6638399019671486,97.21607122218171
Laser2.png,2371.0,1541.034423828125,-1.051574367271092,-1.6624736077428663,97.21748706755025
Laser2.png,2372.0,1541.3116455078125,-1.047217949697542,-1.6612770071032086,97.21881093750413
Laser2.png,2373.0,1541.3243408203125,-1.0428547116286646,-1.6612329984544618,97.21951006793529
Laser2.png,2374.0,1541.314208984375,-1.0384908352614586,-1.661288390528468,97.2201553279373
Laser2.png,2375.0,1541.2755126953125,-1.0341261830051585,-1.6614683048022083,97.22073309920151
Laser2.png,2376.0,1541.223388671875,-1.0297612334347532,-1.6617067139983925,97.22127915690166
Laser2.png,2377.0,1540.959228515625,-1.0253908625956212,-1.6628689917733104,97.22132444296724
Laser2.png,2378.0,1540.9000244140625,-1.0210256627466407,-1.6631380921406425,97.22185387575556
Laser2.png,2379.0,1540.6224365234375,-1.016655019824556,-1.6643590491504898,97.2218673442807
Laser2.png,2380.0,1540.3218994140625,-1.01228381263761,-1.6656797659767018,97.22182673595118
Laser2.png,2381.0,1540.1947021484375,-1.0079167627077608,-1.6662452914509904,97.22219551226968
Laser2.png,2382.0,1539.8829345703125,-1.0035452703381653,-1.667614994178352,97.22212835138228
Laser2.png,2383.0,1539.787109375,-0.9991790257989798,-1.668043808721771,97.22257122969395
Laser2.png,2384.0,1539.7122802734375,-0.9948132480477552,-1.6683813009104969,97.22306361886062
Laser2.png,2385.0,1539.4317626953125,-0.990442477750447,-1.6696148333647252,97.22307027931254
Laser2.png,2386.0,1539.38232421875,-0.9860772420047627,-1.6698416315833522,97.22362268543196
Laser2.png,2387.0,1539.32421875,-0.9817116600001357,-1.6701061115161735,97.22415468600677
Laser2.png,2388.0,1539.0533447265625,-0.9773411589571034,-1.6712976729195785,97.22418409279773
Laser2.png,2389.0,1539.00146484375,-0.9729756509223756,-1.671535069489653,97.22473078672456
Laser2.png,2390.0,1538.965576171875,-0.9686105611553534,-1.6717026726466682,97.22531530996577
Laser2.png,2391.0,1538.9556884765625,-0.9642460266434353,-1.671757240157995,97.2259611195123
Laser2.png,2392.0,1538.972900390625,-0.9598820669940599,-1.6716935665104398,97.22667103864161
Laser2.png,2393.0,1539.0028076171875,-0.9555183380486652,-1.671574628178399,97.22741092779903
Laser2.png,2394.0,1539.06884765625,-0.9511553781881433,-1.6712981489596255,97.22823623410615
Laser2.png,2395.0,1539.3408203125,-0.9467969910080438,-1.670124324217062,97.2295480427892
Laser2.png,2396.0,1539.40234375,-0.9424337574962532,-1.669867564460563,97.23036268484532
Laser2.png,2397.0,1539.43994140625,-0.9380699046424716,-1.669715232526575,97.23112072409569
Laser2.png,2398.0,1539.6494140625,-0.9337098839360857,-1.6688137410708732,97.23228492334952
Laser2.png,2399.0,1539.6409912109375,-0.929344839112128,-1.6688616539960401,97.2329344249497
Laser2.png,2400.0,1539.6092529296875,-0.9249793016603829,-1.6690113108163527,97.23352876136165
Laser2.png,2401.0,1539.57861328125,-0.9206136452841397,-1.6691561247530426,97.23412574560138
Laser2.png,2402.0,1539.55908203125,-0.9162481819014326,-1.669252670126991,97.23474890718988
Laser2.png,2403.0,1539.5577392578125,-0.911883156259186,-1.669269901886505,97.23541506403302
Laser2.png,2404.0,1539.5758056640625,-0.9075184089598854,-1.6692024355118193,97.23612716430111
Laser2.png,2405.0,1539.605712890625,-0.9031538570782179,-1.669083466652718,97.23686719738716
Laser2.png,2406.0,1539.6513671875,-0.8987896736222539,-1.6688957666524684,97.2376444907448
Laser2.png,2407.0,1539.9056396484375,-0.8944298628221142,-1.6677991398757461,97.23891460542637
Laser2.png,2408.0,1539.9453125,-0.8900652981651259,-1.6676374467870383,97.23967783743247
Laser2.png,2409.0,1540.0159912109375,-0.8857014218681103,-1.6673407999254632,97.24051423550127
Laser2.png,2410.0,1540.27978515625,-0.8813415160277248,-1.6662024858148172,97.24180699885565
Laser2.png,2411.0,1540.31689453125,-0.8769766635274713,-1.6660520814477988,97.24256414624259
Laser2.png,2412.0,1540.3726806640625,-0.8726122290335723,-1.665820377784889,97.24336537005563
Laser2.png,2413.0,1540.3714599609375,-0.8682465210797244,-1.6658368696976564,97.24403203418711
Laser2.png,2414.0,1540.3597412109375,-0.863880441529783,-1.6658993052197395,97.24467381093339
Laser2.png,2415.0,1540.119140625,-0.8595097050296436,-1.6669592102865918,97.24477473642372
Laser2.png,2416.0,1540.063720703125,-0.8551427170306194,-1.6672120662694587,97.24531326575955
Laser2.png,2417.0,1540.0328369140625,-0.8507760976072537,-1.6673579635063922,97.245909810863
Laser2.png,2418.0,1539.75634765625,-0.8464045542586158,-1.6685741977107948,97.24592598296191
Laser2.png,2419.0,1539.7222900390625,-0.8420378784441658,-1.668734102328442,97.246514931543
Laser2.png,2420.0,1539.69775390625,-0.8376713450435627,-1.6688521930960638,97.24712656074092
Laser2.png,2421.0,1539.4775390625,-0.8333007934067677,-1.6698232924535372,97.24727567431358
Laser2.png,2422.0,1539.46240234375,-0.8289343591886059,-1.6699006519199038,97.24790940305326
Laser2.png,2423.0,1539.4896240234375,-0.8245687171126455,-1.6697933391939612,97.24864327620405
Laser2.png,2424.0,1539.5709228515625,-0.8202040868077431,-1.6694503800907812,97.2495049359991
Laser2.png,2425.0,1539.6160888671875,-0.8158386631724933,-1.669264812296845,97.25028126360903
Laser2.png,2426.0,1539.88525390625,-0.8114775865487035,-1.6681030773271142,97.251586924407
Laser2.png,2427.0,1539.9217529296875,-0.8071118293689313,-1.6679553645573533,97.25234275040673
Laser2.png,2428.0,1539.95166015625,-0.8027458757967617,-1.6678363661277515,97.25308301646761
Laser2.png,2429.0,1539.9859619140625,-0.7983800317080669,-1.6676981612403536,97.25383369365177
Laser2.png,2430.0,1540.0152587890625,-0.794013933612271,-1.6675816717759544,97.25457261984627
Laser2.png,2431.0,1540.0562744140625,-0.7896479928057341,-1.6674143867158584,97.25533910095704
Laser2.png,2432.0,1540.11376953125,-0.7852823895662906,-1.6671749457358056,97.25614470658437
Laser2.png,2433.0,1540.166015625,-0.7809165227211943,-1.6669586548448985,97.25693778376143
Laser2.png,2434.0,1540.1893310546875,-0.7765500391161433,-1.6668683613490434,97.2576625466234
Laser2.png,2435.0,1540.423583984375,-0.7721874494095823,-1.6658585355705209,97.25888596311529
Laser2.png,2436.0,1540.3941650390625,-0.7678199194067257,-1.665998162150259,97.2594860537634
Laser2.png,2437.0,1540.3587646484375,-0.7634522247197494,-1.6661638170171,97.26007203794695
Laser2.png,2438.0,1540.31103515625,-0.7590842050186157,-1.6663831428189406,97.26062893201711
Laser2.png,2439.0,1540.2420654296875,-0.7547157455502851,-1.6666950905747357,97.26113560543864
Laser2.png,2440.0,1540.1864013671875,-0.7503475283626425,-1.6669490643728686,97.2616737180853
Laser2.png,2441.0,1540.1229248046875,-0.7459790764962849,-1.6672369659187563,97.26219344612016
Laser2.png,2442.0,1540.044189453125,-0.7416103478191114,-1.6675914637965465,97.26267705879131
Laser2.png,2443.0,1539.9776611328125,-0.7372417940999866,-1.6678928339429058,97.26318948986778
Laser2.png,2444.0,1539.6795654296875,-0.7328691152514103,-1.6692035197672561,97.26315455557715
Laser2.png,2445.0,1539.5877685546875,-0.7285000470914031,-1.66961493136341,97.26360731971826
Laser2.png,2446.0,1539.49853515625,-0.7241309831882912,-1.6700152179743246,97.26406612346511
Laser2.png,2447.0,1539.211669921875,-0.7197584655750061,-1.6712770920168694,97.26405766637654
Laser2.png,2448.0,1539.160888671875,-0.7153900089405064,-1.6715097387111089,97.26460739554146
Laser2.png,2449.0,1539.1280517578125,-0.7110218124807169,-1.6716643066666808,97.26519947696966
Laser2.png,2450.0,1539.0936279296875,-0.7066535359636679,-1.6718256974435832,97.26578786636468
Laser2.png,2451.0,1539.0440673828125,-0.7022849486367938,-1.6720529664014072,97.26634053557464
Laser2.png,2452.0,1538.7958984375,-0.6979129872760905,-1.6731461415753124,97.26642358675272
Laser2.png,2453.0,1538.7535400390625,-0.6935444425125697,-1.6733421866821068,97.26699320223598
Laser2.png,2454.0,1538.7174072265625,-0.689175996672548,-1.6735109499672332,97.26757761496198
Laser2.png,2455.0,1538.6875,-0.684807555903809,-1.6736527902566125,97.26817664463188
Laser2.png,2456.0,1538.6573486328125,-0.6804391031685811,-1.673795529683413,97.26877518797073
Laser2.png,2457.0,1538.641357421875,-0.6760707841983902,-1.6738765219659542,97.26940723596414
Laser2.png,2458.0,1538.635498046875,-0.671702618418763,-1.6739135366631386,97.27006313769773
Laser2.png,2459.0,1538.6739501953125,-0.667335067847992,-1.6737572244819174,97.27082391024975
Laser2.png,2460.0,1538.5218505859375,-0.6629644684636012,-1.6744316656554485,97.27113410054022
Laser2.png,2461.0,1538.583251953125,-0.6585971686343972,-1.6741753702286137,97.2719491197764
Laser2.png,2462.0,1538.639892578125,-0.6542297649076645,-1.6739398934499339,97.27275285169277
Laser2.png,2463.0,1538.6639404296875,-0.6498617292381627,-1.6738464058751528,97.27347958895753
Laser2.png,2464.0,1538.717529296875,-0.6454941374495153,-1.6736240270696625,97.27427623848743
Laser2.png,2465.0,1538.7244873046875,-0.6411257463969398,-1.673605213219925,97.27496248696093
Laser2.png,2466.0,1538.74169921875,-0.6367574530486866,-1.6735415203843542,97.27567308717303
Laser2.png,2467.0,1538.7664794921875,-0.6323892123498102,-1.6734447956126457,97.27640161378987
Laser2.png,2468.0,1538.7841796875,-0.6280207980963245,-1.6733789464499507,97.27711340348162
Laser2.png,2469.0,1538.7977294921875,-0.6236522562388794,-1.673331407272635,97.27781527159031
Laser2.png,2470.0,1539.00048828125,-0.6192865003744344,-1.672458787704216,97.27896468252149
Laser2.png,2471.0,1538.953125,-0.6149169026088993,-1.6726765762162839,97.27952265547127
Laser2.png,2472.0,1538.8726806640625,-0.6105468086037384,-1.673038704052501,97.28000233678053
Laser2.png,2473.0,1538.7730712890625,-0.6061763893466392,-1.6734843140540818,97.2804367421295
Laser2.png,2474.0,1538.6563720703125,-0.6018056810566205,-1.6740044305185466,97.28083073923345
Laser2.png,2475.0,1538.54150390625,-0.5974349642743971,-1.674516472607289,97.28122912160038
Laser2.png,2476.0,1538.4345703125,-0.5930643256779894,-1.6749940501933716,97.28164620422616
Laser2.png,2477.0,1538.330322265625,-0.5886936879081731,-1.6754599627626814,97.28206962019642
Laser2.png,2478.0,1538.2113037109375,-0.5843228026906826,-1.6759901493595937,97.28245817714433
Laser2.png,2479.0,1538.120849609375,-0.5799522848763962,-1.676395929153677,97.2829142233913
Laser2.png,2480.0,1537.86572265625,-0.5755794678063013,-1.6775194541781737,97.28298092867003
Laser2.png,2481.0,1537.8294677734375,-0.5712096380063363,-1.6776889882872394,97.28356513705612
Laser2.png,2482.0,1537.85400390625,-0.5668405938155806,-1.6775933637732752,97.28429319063756
Laser2.png,2483.0,1538.08935546875,-0.5624743212914078,-1.6765787282933966,97.28551978847396
Laser2.png,2484.0,1538.1748046875,-0.5581059502549477,-1.6762175660721856,97.28639191047598
Laser2.png,2485.0,1538.2703857421875,-0.553737637262068,-1.6758122320008875,97.28728800641795
Laser2.png,2486.0,1538.3555908203125,-0.5493691052056069,-1.6754521335602135,97.28815957576352
Laser2.png,2487.0,1538.5919189453125,-0.5450024514025253,-1.674433301351652,97.28938851120142
Laser2.png,2488.0,1538.6090087890625,-0.5406328515756652,-1.6743701436231213,97.29009902306446
Laser2.png,2489.0,1538.6060791015625,-0.5362629722791761,-1.6743942422675402,97.2907622026918
Laser2.png,2490.0,1538.5927734375,-0.531892853954375,-1.674463586214352,97.29140085356116
Laser2.png,2491.0,1538.547119140625,-0.527522308425749,-1.6746740525326644,97.29196294873738
Laser2.png,2492.0,1538.5079345703125,-0.5231517946229471,-1.6748563327635657,97.29254034252294
Laser2.png,2493.0,1538.4559326171875,-0.5187810221528616,-1.6750944539480868,97.29308745772494
Laser2.png,2494.0,1538.4298095703125,-0.5144105697264258,-1.675219643010036,97.29369583942515
Laser2.png,2495.0,1538.2342529296875,-0.5100380067057099,-1.6760836684508469,97.29390339960926
Laser2.png,2496.0,1538.218505859375,-0.5056675447530193,-1.6761637985542555,97.2945362473581
Laser2.png,2497.0,1538.2139892578125,-0.5012972087291988,-1.676194733360391,97.29519578600099
Laser2.png,2498.0,1538.229736328125,-0.49692705772790496,-1.6761375097459597,97.29590316125883
Laser2.png,2499.0,1538.25146484375,-0.49255691468474266,-1.676054250397301,97.29662467127885
Laser2.png,2500.0,1538.28564453125,-0.4881868549207853,-1.6759165853927627,97.29737570773577
Laser2.png,2501.0,1538.2926025390625,-0.48381640751009997,-1.675897603459642,97.29806236570266
Laser2.png,2502.0,1538.28173828125,-0.47944569056490866,-1.6759563686141363,97.2987068529233
Laser2.png,2503.0,1538.2513427734375,-0.47507469026286436,-1.6761002441200956,97.29930517368327
Laser2.png,2504.0,1538.2149658203125,-0.4707036126730948,-1.67627033658477,97.29988927201514
Laser2.png,2505.0,1538.1844482421875,-0.4663325040931347,-1.6764147544434238,97.30048731506359
Laser2.png,2506.0,1538.13623046875,-0.46196114289549156,-1.6766363843288141,97.30104347525692
Laser2.png,2507.0,1537.90869140625,-0.4575878275139139,-1.6776398149517313,97.30117546240865
Laser2.png,2508.0,1537.8536376953125,-0.4532163100903475,-1.6778912601445974,97.3017154586815
Laser2.png,2509.0,1537.8082275390625,-0.4488448945811962,-1.678100691104986,97.30227825063548
Laser2.png,2510.0,1537.7978515625,-0.44447376193774807,-1.6781573186722027,97.30292396278195
Laser2.png,2511.0,1537.783935546875,-0.44010257822171645,-1.6782295687403537,97.3035612006602
Laser2.png,2512.0,1537.815673828125,-0.4357318215160297,-1.6781025048235514,97.30430658915631
Laser2.png,2513.0,1537.8759765625,-0.43136125187373897,-1.677851000653844,97.30511951302167
Laser2.png,2514.0,1537.919189453125,-0.4269904774872468,-1.677673832746978,97.30589210800726
Laser2.png,2515.0,1537.99658203125,-0.4226199392082788,-1.6773478000190138,97.30674549199007
Laser2.png,2516.0,1538.2322998046875,-0.41825093450198847,-1.6763313108861,97.30797351908055
Laser2.png,2517.0,1538.2947998046875,-0.4138801213513536,-1.6760702649251957,97.3087916613061
Laser2.png,2518.0,1538.3355712890625,-0.4095089733265197,-1.675903850818652,97.30955847538316
Laser2.png,2519.0,1538.362548828125,-0.40513766579605187,-1.6757975921359376,97.31029265300714
Laser2.png,2520.0,1538.3795166015625,-0.4007661947898288,-1.675734969297204,97.31100316402971
Laser2.png,2521.0,1538.381103515625,-0.3963945114989415,-1.675739508178149,97.31167724272785
Laser2.png,2522.0,1538.3519287109375,-0.39202252009098393,-1.6758780138866258,97.31227863237639
Laser2.png,2523.0,1538.3233642578125,-0.38765043479173306,-1.676014007291056,97.31288140060018
Laser2.png,2524.0,1538.2763671875,-0.3832781237742941,-1.676230275539405,97.31344061886212
Laser2.png,2525.0,1538.236572265625,-0.37890585116724207,-1.6764152988102154,97.3140167955106
Laser2.png,2526.0,1538.2108154296875,-0.37453365504859826,-1.6765389066299623,97.31462630558607
Laser2.png,2527.0,1538.19580078125,-0.3701615005333333,-1.6766158239350342,97.31526115964418
Laser2.png,2528.0,1538.2252197265625,-0.36578966155315357,-1.6764989688008927,97.31600117281235
Laser2.png,2529.0,1538.27880859375,-0.36141799117237033,-1.6762766936880564,97.31679839722828
Laser2.png,2530.0,1538.3270263671875,-0.3570461800385198,-1.6760777616608862,97.31758296939519
Laser2.png,2531.0,1538.4364013671875,-0.3526748455094019,-1.6756121327774118,97.318512269755
Laser2.png,2532.0,1538.5513916015625,-0.34830345228357623,-1.6751220702612395,97.31945484533786
Laser2.png,2533.0,1538.62451171875,-0.34393164709791574,-1.674814467918344,97.32029841868074
Laser2.png,2534.0,1538.6773681640625,-0.33955959848071937,-1.674595401948549,97.32109395924005
Laser2.png,2535.0,1538.7227783203125,-0.3351874179648494,-1.6744086602796904,97.32187196986652
Laser2.png,2536.0,1538.747802734375,-0.3308150032239679,-1.6743109976457826,97.32260165164868
Laser2.png,2537.0,1538.495849609375,-0.32644039238442774,-1.6754211500514171,97.32267589513137
Laser2.png,2538.0,1538.4183349609375,-0.32206709548691154,-1.6757707000863982,97.32316290117153
Laser2.png,2539.0,1538.3016357421875,-0.3176934522577667,-1.6762910538954356,97.3235572236089
Laser2.png,2540.0,1537.953369140625,-0.3133180771943037,-1.6778213010497884,97.32340349666094
Laser2.png,2541.0,1537.7872314453125,-0.3089440387748791,-1.6785573624491144,97.3236807627162
Laser2.png,2542.0,1537.6353759765625,-0.30457008157677806,-1.6792309278218238,97.32399194816003
Laser2.png,2543.0,1537.4892578125,-0.30019613789498495,-1.6798797129334477,97.32431658585196
Laser2.png,2544.0,1537.371337890625,-0.29582236826282654,-1.6804052978574189,97.32470808763878
Laser2.png,2545.0,1537.2806396484375,-0.2914487560792969,-1.6808123517637035,97.32516392098321
Laser2.png,2546.0,1537.2198486328125,-0.2870753119364068,-1.6810888406167814,97.32569061807564
Laser2.png,2547.0,1537.206298828125,-0.28270212254363053,-1.681159330665218,97.32632912193927
Laser2.png,2548.0,1537.22705078125,-0.2783291303331899,-1.6810803926841056,97.3270487266157
Laser2.png,2549.0,1537.26708984375,-0.27395617948230466,-1.6809172194708657,97.32781406006087
Laser2.png,2550.0,1537.5126953125,-0.2695844849849395,-1.6798574494228373,97.32906600260502
Laser2.png,2551.0,1537.59130859375,-0.26521162360929673,-1.6795259696920142,97.32992270352794
Laser2.png,2552.0,1537.6396484375,-0.26083851589699236,-1.6793264980238025,97.33070776934363
Laser2.png,2553.0,1537.7012939453125,-0.2564653979490429,-1.6790690083918536,97.33152433735577
Laser2.png,2554.0,1537.7408447265625,-0.2520920936945834,-1.6789079671661904,97.33228856793838
Laser2.png,2555.0,1537.7989501953125,-0.24771883265618078,-1.6786659167380487,97.33309677544301
Laser2.png,2556.0,1537.8328857421875,-0.2433453559243777,-1.678529297700091,97.3338477727921
Laser2.png,2557.0,1538.03076171875,-0.23897274188154263,-1.6776776112774747,97.33498687950116
Laser2.png,2558.0,1538.0498046875,-0.23459902767879637,-1.6776060050164796,97.33570261518307
Laser2.png,2559.0,1538.0015869140625,-0.2302248952575496,-1.6778277215676172,97.33625915718433
Laser2.png,2560.0,1537.963134765625,-0.22585076642680257,-1.6780068699349295,97.33683881084852
Laser2.png,2561.0,1537.9244384765625,-0.22147658416744276,-1.678187098181291,97.33741788646525
Laser2.png,2562.0,1537.7235107421875,-0.2171015159924602,-1.6790748690170407,97.33761294187279
Laser2.png,2563.0,1537.8955078125,-0.21272829184854455,-1.6783359614953968,97.33869091016271
Laser2.png,2564.0,1537.926513671875,-0.20835430138998148,-1.6782122652103129,97.33943497065897
Laser2.png,2565.0,1538.0,-0.2039804324567027,-1.6779030097184837,97.34027976094897
Laser2.png,2566.0,1538.294189453125,-0.19960753618123594,-1.6766312773543637,97.34164697353418
Laser2.png,2567.0,1538.4169921875,-0.19523372601715733,-1.6761069772215489,97.34260851232382
Laser2.png,2568.0,1538.54443359375,-0.1908598737039245,-1.675562367554069,97.34358108461375
Laser2.png,2569.0,1538.811279296875,-0.18648652097826038,-1.6744096617602593,97.34488374285534
Laser2.png,2570.0,1538.9100341796875,-0.1821123405606427,-1.6739902342989128,97.34578839876252
Laser2.png,2571.0,1539.1845703125,-0.17773881604767783,-1.672804066869978,97.34710925144496
Laser2.png,2572.0,1539.25732421875,-0.17336435608046952,-1.6724979736844998,97.34795241623975
Laser2.png,2573.0,1539.3458251953125,-0.16898988499862364,-1.6721232484040962,97.34883284626544
Laser2.png,2574.0,1539.407958984375,-0.16461522909009665,-1.671863674074098,97.34965078416394
Laser2.png,2575.0,1539.4754638671875,-0.1602405206957064,-1.6715805605875216,97.35048151067221
Laser2.png,2576.0,1539.503173828125,-0.15586559814189335,-1.6714709905021794,97.3512180456541
Laser2.png,2577.0,1539.532958984375,-0.1514906283061787,-1.6713524358344722,97.3519594660948
Laser2.png,2578.0,1539.53564453125,-0.14711548352943593,-1.6713520951895677,97.35263672979603
Laser2.png,2579.0,1539.5340576171875,-0.14274027448063709,-1.6713702595294373,97.3533039562391
Laser2.png,2580.0,1539.538818359375,-0.13836502666567782,-1.6713609358928685,97.3539861131641
Laser2.png,2581.0,1539.3255615234375,-0.13398904093928252,-1.672302742383874,97.35415197213344
Laser2.png,2582.0,1539.2696533203125,-0.12961351376529304,-1.6725580672923634,97.35469048246267
Laser2.png,2583.0,1539.2115478515625,-0.12523793153559196,-1.6728229171359257,97.35522382978817
Laser2.png,2584.0,1539.135009765625,-0.1208622585734846,-1.6731680792526415,97.35571358593994
Laser2.png,2585.0,1538.8660888671875,-0.11648601894163431,-1.6743528087019957,97.3557475901915
Laser2.png,2586.0,1538.7802734375,-0.11211025302904018,-1.6747385840749518,97.35621530992913
Laser2.png,2587.0,1538.48876953125,-0.1077339399757718,-1.6760217744526966,97.35619586659102
Laser2.png,2588.0,1538.3841552734375,-0.10335806465214974,-1.676489485234502,97.35661911677077
Laser2.png,2589.0,1538.075439453125,-0.09898170507892916,-1.6778477784167198,97.35655890387619
Laser2.png,2590.0,1537.75439453125,-0.09460531124953286,-1.6792597877970608,97.35646953129633
Laser2.png,2591.0,1537.623046875,-0.0902293247937956,-1.6798442919489214,97.35682938619931
Laser2.png,2592.0,1537.4886474609375,-0.08585329395767728,-1.6804420951617136,97.35718202730052
Laser2.png,2593.0,1537.4212646484375,-0.08147736430327529,-1.6807474182162543,97.3576934536302
Laser2.png,2594.0,1537.400146484375,-0.07710146408256659,-1.6808509864296468,97.35831441735776
Laser2.png,2595.0,1537.4251708984375,-0.07272558397461674,-1.6807533352606174,97.35904462920054
Laser2.png,2596.0,1537.4827880859375,-0.06834968679061237,-1.6805133894306312,97.35985210198099
Laser2.png,2597.0,1537.55859375,-0.06397374534873626,-1.6801940276472087,97.36070270017262
Laser2.png,2598.0,1537.8045654296875,-0.05959795148820836,-1.679132272948737,97.36195635467445
Laser2.png,2599.0,1537.8359375,-0.05522179064430937,-1.6790067563661966,97.36270173937322
Laser2.png,2600.0,1537.8470458984375,-0.05084554334727664,-1.678969815880745,97.36339904542717
Laser2.png,2601.0,1537.82275390625,-0.046469199040506115,-1.67908721357068,97.36401256922275
Laser2.png,2602.0,1537.8140869140625,-0.042092812728833924,-1.6791365164998424,97.36466307128632
Laser2.png,2603.0,1537.8045654296875,-0.037716370016114095,-1.6791894135741703,97.36531163065207
Laser2.png,2604.0,1537.7762451171875,-0.033339856567440394,-1.6793244231637932,97.36591561831555
Laser2.png,2605.0,1537.544921875,-0.028963179795138252,-1.6803450561618523,97.36603878570365
Laser2.png,2606.0,1537.4832763671875,-0.024586567934687702,-1.6806254315529983,97.36656386283886
Laser2.png,2607.0,1537.4073486328125,-0.02020990467701489,-1.6809681575975102,97.36705509489983
Laser2.png,2608.0,1537.33642578125,-0.0158332005932922,-1.6812891462146995,97.36755813552473
Laser2.png,2609.0,1537.1346435546875,-0.011456436072072154,-1.682180971177316,97.36775125228026
Laser2.png,2610.0,1537.3050537109375,-0.0070796623303533215,-1.6814488765353521,97.36882607086606
Laser2.png,2611.0,1537.3414306640625,-0.0027028045755869215,-1.681301627464591,97.36958336298001
Laser2.png,2612.0,1537.38525390625,0.0016741212116443247,-1.681121853654355,97.37035832479457
Laser2.png,2613.0,1537.4520263671875,0.006051122710929784,-1.6808418134421308,97.37118773755242
Laser2.png,2614.0,1537.4852294921875,0.01042818316773632,-1.6807083918420362,97.3719375534679
Laser2.png,2615.0,1537.509033203125,0.014805306237802613,-1.680615936789864,97.37266513645613
Laser2.png,2616.0,1537.710693359375,0.01918260323990651,-1.6797474034483102,97.37381411484466
Laser2.png,2617.0,1537.7083740234375,0.023559854007857314,-1.6797690432894465,97.37447977024652
Laser2.png,2618.0,1537.69287109375,0.027937152831048112,-1.6798481849152809,97.37511421273005
Laser2.png,2619.0,1537.6859130859375,0.032314514012768324,-1.679889951373218,97.3757689575561
Laser2.png,2620.0,1537.6820068359375,0.03669193678175044,-1.6799184210024538,97.37643093137103
Laser2.png,2621.0,1537.4857177734375,0.04106919850849232,-1.6807862454942113,97.37663715602791
Laser2.png,2622.0,1537.4405517578125,0.04544666569146053,-1.6809947758394768,97.37720137349837
Laser2.png,2623.0,1537.4100341796875,0.04982420132536736,-1.6811395166216552,97.37780023584031
Laser2.png,2624.0,1537.41259765625,0.0542018458600602,-1.6811396032207442,97.37847765442305
Laser2.png,2625.0,1537.46484375,0.05857962203302205,-1.6809231531307864,97.37927266107339
Laser2.png,2626.0,1537.5662841796875,0.06295755074320093,-1.680491957287515,97.38018428664442
Laser2.png,2627.0,1537.8909912109375,0.0673359612756069,-1.6790863988055686,97.38162501292724
Laser2.png,2628.0,1538.0113525390625,0.07171411644315305,-1.678572510102425,97.38258157128861
Laser2.png,2629.0,1538.1217041015625,0.07609233334890853,-1.678102460385326,97.38351433700895
Laser2.png,2630.0,1538.4384765625,0.08047106671084395,-1.6767315031557188,97.38493632664529
Laser2.png,2631.0,1538.509765625,0.08484938708983963,-1.6764317946116951,97.3857766223464
Laser2.png,2632.0,1538.588623046875,0.08922779380987887,-1.6760990129337516,97.38663488832995
Laser2.png,2633.0,1538.6351318359375,0.0936062039757058,-1.6759074844541773,97.38741646200948
Laser2.png,2634.0,1538.653564453125,0.09798461178362014,-1.6758385221169925,97.38813148854625
Laser2.png,2635.0,1538.67529296875,0.10236308652454312,-1.6757550013057214,97.38885442990433
Laser2.png,2636.0,1538.6533203125,0.10674151267118377,-1.6758623448706615,97.38947373472196
Laser2.png,2637.0,1538.591552734375,0.11111987559380235,-1.676143302645358,97.38999876664134
Laser2.png,2638.0,1538.5355224609375,0.11549830181317326,-1.676399281811871,97.3905373703878
Laser2.png,2639.0,1538.2662353515625,0.11987612039531356,-1.6775858737673621,97.390570607751
Laser2.png,2640.0,1538.214111328125,0.1242546325785581,-1.6778247886669664,97.3911184897737
Laser2.png,2641.0,1538.1884765625,0.12863327691437393,-1.6779481433579442,97.39172913518298
Laser2.png,2642.0,1538.2001953125,0.133012108534269,-1.6779083085541016,97.39242841263386
Laser2.png,2643.0,1538.2171630859375,0.13739100918091926,-1.6778456477727057,97.39314009403674
Laser2.png,2644.0,1538.21875,0.14176992068754518,-1.6778502046086923,97.3938152815941
Laser2.png,2645.0,1538.2120361328125,0.14614887481008917,-1.6778908872348821,97.39447086139882
Laser2.png,2646.0,1538.1669921875,0.15052772475561055,-1.678098899724845,97.39503557402709
Laser2.png,2647.0,1538.1417236328125,0.15490671133916853,-1.6782206435112044,97.39564714703516
Laser2.png,2648.0,1538.081787109375,0.1592856073228856,-1.6784935438250526,97.3961766362137
Laser2.png,2649.0,1538.0555419921875,0.16366469626762367,-1.6786196051161728,97.39678588089147
Laser2.png,2650.0,1538.03466796875,0.16804385071866537,-1.6787221227528513,97.39740791863608
Laser2.png,2651.0,1537.9970703125,0.17242300228939322,-1.6788976142847079,97.39799033506172
Laser2.png,2652.0,1537.955078125,0.17680217593167882,-1.6790923396551016,97.39856231197031
Laser2.png,2653.0,1537.9130859375,0.18118140100830926,-1.679287067312587,97.3991342955969
Laser2.png,2654.0,1537.8973388671875,0.1855607961717417,-1.6793671244248376,97.39976856544158
Laser2.png,2655.0,1537.8807373046875,0.189940255527654,-1.67945113687178,97.40040069768786
Laser2.png,2656.0,1537.9443359375,0.1943201624566615,-1.67918501572653,97.40122300277805
Laser2.png,2657.0,1538.1707763671875,0.19870093097318442,-1.6782080047039845,97.4024314159096
Laser2.png,2658.0,1538.26123046875,0.20308113589289728,-1.6778246730745865,97.40331740606102
Laser2.png,2659.0,1538.3675537109375,0.20746150076186917,-1.6773719516352152,97.40424109587457
Laser2.png,2660.0,1538.626708984375,0.21184275934151559,-1.6762521650520847,97.40552710424373
Laser2.png,2661.0,1538.51220703125,0.2162220990373264,-1.6767634338503452,97.40592724091086
Laser2.png,2662.0,1538.489501953125,0.2206019904725064,-1.676873858390058,97.40654509968783
Laser2.png,2663.0,1538.2548828125,0.22498073145310038,-1.677909473947025,97.4066604518059
Laser2.png,2664.0,1538.172119140625,0.2293603760067451,-1.6782821662763383,97.40713587516969
Laser2.png,2665.0,1537.849609375,0.2337386542026515,-1.6797011998811542,97.40704298043283
Laser2.png,2666.0,1537.6800537109375,0.23811783290270663,-1.6804528181202,97.40731259545451
Laser2.png,2667.0,1537.5233154296875,0.24249708899093092,-1.6811483582321847,97.40761266983858
Laser2.png,2668.0,1537.18212890625,0.24687526374958474,-1.682649002145958,97.40747544911599
Laser2.png,2669.0,1537.1015625,0.25125504247042935,-1.683012193940658,97.40795605151872
Laser2.png,2670.0,1537.03076171875,0.25563494808152953,-1.6833326088513811,97.40845989908989
Laser2.png,2671.0,1536.9681396484375,0.26001492791691444,-1.6836174363573353,97.40898308018129
Laser2.png,2672.0,1536.94384765625,0.2643952242168702,-1.6837349181612087,97.40959716990116
Laser2.png,2673.0,1536.9530029296875,0.2687757945018415,-1.6837064419958772,97.41029054929484
Laser2.png,2674.0,1537.012451171875,0.2731567614568516,-1.6834584849459715,97.41110315631002
Laser2.png,2675.0,1537.07568359375,0.2775378273772235,-1.6831938063880978,97.41192485751394
Laser2.png,2676.0,1537.190185546875,0.28191931874632153,-1.682705503542564,97.41286804043652
Laser2.png,2677.0,1537.28076171875,0.2863007509187646,-1.6823216324706052,97.41375451340043
Laser2.png,2678.0,1537.5513916015625,0.2906835370219687,-1.6811516475201675,97.41506801315762
Laser2.png,2679.0,1537.5985107421875,0.2950648131722847,-1.6809574071001296,97.41585150280149
Laser2.png,2680.0,1537.62939453125,0.2994460412332838,-1.6808341718171826,97.41659643305906
Laser2.png,2681.0,1537.6199951171875,0.3038270387462827,-1.680886568964273,97.4172459687397
Laser2.png,2682.0,1537.669189453125,0.3082085113193252,-1.6806833334856588,97.41803437261082
Laser2.png,2683.0,1537.6947021484375,0.31258989764360645,-1.680583283928164,97.41876673876722
Laser2.png,2684.0,1537.763916015625,0.3169716866518612,-1.6802926728726637,97.41960263181498
Laser2.png,2685.0,1538.0267333984375,0.32135511094429176,-1.6791567480762786,97.42089773751646
Laser2.png,2686.0,1538.1402587890625,0.32573742269445716,-1.6786724960883808,97.42183884800139
Laser2.png,2687.0,1538.2325439453125,0.33011964835222174,-1.6782810020757695,97.42272958260567
Laser2.png,2688.0,1538.343505859375,0.3345021060490454,-1.6778080588994813,97.42366457560439
Laser2.png,2689.0,1538.60986328125,0.3388859526941871,-1.6766565919398455,97.42496818522035
Laser2.png,2690.0,1538.6663818359375,0.3432681402938647,-1.6764213037310896,97.4257741026426
Laser2.png,2691.0,1538.12890625,0.3476452826153067,-1.6787792758521907,97.42517123935572
Laser2.png,2692.0,1538.1029052734375,0.35202682223980153,-1.6789041178636706,97.42578152529305
Laser2.png,2693.0,1537.672607421875,0.35640486306761404,-1.680794278045976,97.425432797604
Laser2.png,2694.0,1537.056396484375,0.360781194902707,-1.6834957747589847,97.42464329363955
Laser2.png,2695.0,1536.23779296875,0.3651556335627893,-1.6870810005927868,97.42337367964039
Laser2.png,2696.0,1535.288818359375,0.36952876308127935,-1.6912350967978564,97.42179499723912
Laser2.png,2697.0,1534.4671630859375,0.3739029324980113,-1.6948332395072234,97.42051832840907
Laser2.png,2698.0,1534.016845703125,0.37828047422124095,-1.6968106030779884,97.42012217676321
Laser2.png,2699.0,1533.86962890625,0.3826608493571992,-1.697464761002925,97.42044489261289
Laser2.png,2700.0,1534.060546875,0.3870444393054138,-1.6966429177645697,97.42156949467335
Laser2.png,2701.0,1534.139892578125,0.3914271128659551,-1.6963080347776922,97.4224295618719
Laser2.png,2702.0,1534.583740234375,0.39581337580997095,-1.6943820330319304,97.42415407586857
Laser2.png,2703.0,1534.9532470703125,0.40019911487430276,-1.692780632955178,97.42570226766412
Laser2.png,2704.0,1535.8199462890625,0.4045899360146646,-1.6890085287015846,97.42842982075557
Laser2.png,2705.0,1536.4576416015625,0.40897867748214095,-1.686236020488304,97.43061432548802
Laser2.png,2706.0,1537.2786865234375,0.4133695062076282,-1.6826629374052193,97.43323382203555
Laser2.png,2707.0,1537.3153076171875,0.4177524572168566,-1.68251434158881,97.43399278832551
Laser2.png,2708.0,1537.35400390625,0.42213549724770383,-1.682356933274238,97.43475655310137
Laser2.png,2709.0,1537.4019775390625,0.4265187480405069,-1.6821588875244056,97.4355424144205
Laser2.png,2710.0,1537.4224853515625,0.43090173597699877,-1.6820807669553122,97.43626312218241
Laser2.png,2711.0,1537.43994140625,0.4352847560222156,-1.682016130539271,97.43697651374846
Laser2.png,2712.0,1537.4332275390625,0.43966758192961625,-1.6820568591286176,97.43763266777857
Laser2.png,2713.0,1537.4334716796875,0.44405054210805295,-1.6820672009724957,97.43830534094513
Laser2.png,2714.0,1537.2181396484375,0.44843120908732675,-1.683018831510717,97.43846659043959
Laser2.png,2715.0,1537.1876220703125,0.45281392768217654,-1.6831636756779738,97.43906619874195
Laser2.png,2716.0,1537.2005615234375,0.4571971842917396,-1.683118644421876,97.43976898237753
Laser2.png,2717.0,1537.2615966796875,0.4615810446845879,-1.6828635947828126,97.44058588806062
Laser2.png,2718.0,1537.35791015625,0.4659654243853624,-1.6824544422477745,97.44148654363681
Laser2.png,2719.0,1537.4632568359375,0.47034994301024846,-1.6820059027413694,97.44240860570478
Laser2.png,2720.0,1537.597412109375,0.47473492275241524,-1.681431663192381,97.44339898744926
Laser2.png,2721.0,1537.654052734375,0.4791190425758112,-1.6811956506461907,97.44420559717022
Laser2.png,2722.0,1537.646728515625,0.4835024815937504,-1.6812390740231744,97.44486038295898
Laser2.png,2723.0,1537.5965576171875,0.48788547026224144,-1.6814696910280869,97.44541346305088
Laser2.png,2724.0,1537.22998046875,0.49226467097712784,-1.6830818647021424,97.44521584648088
Laser2.png,2725.0,1537.0718994140625,0.49664637522550326,-1.6837836175033922,97.44551292657795
Laser2.png,2726.0,1536.9034423828125,0.5010280255055238,-1.6845305089924019,97.4457854904601
Laser2.png,2727.0,1536.8011474609375,0.5054105136754085,-1.68498879696097,97.44621488009302
Laser2.png,2728.0,1536.5418701171875,0.5097910469737715,-1.686132374544253,97.44627189204886
Laser2.png,2729.0,1536.5577392578125,0.5141750753167842,-1.6860745942591497,97.44698171714694
Laser2.png,2730.0,1536.837158203125,0.5185625407769385,-1.6848659587356323,97.44831692622955
Laser2.png,2731.0,1536.9716796875,0.522948281695588,-1.6842899151927861,97.44930840524141
Laser2.png,2732.0,1537.103759765625,0.5273340347162689,-1.683724649426265,97.45029403437725
Laser2.png,2733.0,1537.239013671875,0.5317199629279389,-1.6831455254843088,97.45128721486368
Laser2.png,2734.0,1537.586181640625,0.5361087469949178,-1.6816409705602886,97.45278329621749
Laser2.png,2735.0,1537.7286376953125,0.5404949715226678,-1.6810303392720798,97.4537936293433
Laser2.png,2736.0,1538.065673828125,0.5448838687709263,-1.6795699539035926,97.45526574653586
Laser2.png,2737.0,1538.3878173828125,0.5492726997711819,-1.6781744482501921,97.45670262730438
Laser2.png,2738.0,1538.409423828125,0.5536576076110243,-1.6780916053669421,97.4574261961432
Laser2.png,2739.0,1538.35791015625,0.5580415418143642,-1.6783279893338925,97.45797629141397
Laser2.png,2740.0,1538.2568359375,0.5624248010070843,-1.6787809117749024,97.45840871355803
Laser2.png,2741.0,1538.0885009765625,0.5668072168672574,-1.679527348571816,97.45868164279128
Laser2.png,2742.0,1537.9051513671875,0.5711894476245811,-1.6803396133103732,97.45891880237133
Laser2.png,2743.0,1537.448974609375,0.5755677854740655,-1.6823431730783631,97.45850855081412
Laser2.png,2744.0,1537.26513671875,0.5799500227874096,-1.6831576013439673,97.45874453673073
Laser2.png,2745.0,1537.0662841796875,0.5843320225979987,-1.6840374961691371,97.4589449410959
Laser2.png,2746.0,1536.7354736328125,0.5887121942650771,-1.6854936069783364,97.45883220847047
Laser2.png,2747.0,1536.578857421875,0.5930948262778011,-1.6861889909232244,97.4591328900885
Laser2.png,2748.0,1536.4581298828125,0.5974780526417812,-1.6867277379262529,97.45951870906269
Laser2.png,2749.0,1536.33935546875,0.6018613420783586,-1.6872580366605197,97.45990912475015
Laser2.png,2750.0,1536.2509765625,0.6062451159259836,-1.6876554367849697,97.46037177215112
Laser2.png,2751.0,1536.0428466796875,0.6106271051897201,-1.6885758197905019,97.46055019199474
Laser2.png,2752.0,1536.0091552734375,0.6150118133662517,-1.6887345789421753,97.4611425531133
Laser2.png,2753.0,1536.01904296875,0.6193971872365263,-1.6887028860763458,97.46183842238354
Laser2.png,2754.0,1536.0418701171875,0.6237828201609085,-1.6886147215384089,97.46256499280365
Laser2.png,2755.0,1536.0523681640625,0.6281683301112025,-1.6885803296638793,97.46326234854861
Laser2.png,2756.0,1535.8887939453125,0.632551221300679,-1.6893061488121424,97.46354654560848
Laser2.png,2757.0,1535.8699951171875,0.6369363833473876,-1.6893998126135936,97.46417432021605
Laser2.png,2758.0,1535.701416015625,0.6413192626480134,-1.6901475822357266,97.46444659751745
Laser2.png,2759.0,1535.7911376953125,0.6457062741180526,-1.6897671726414778,97.46533205451473
Laser2.png,2760.0,1536.2196044921875,0.6500987279346822,-1.6879074721681588,97.46702152858401
Laser2.png,2761.0,1536.2860107421875,0.6544855635457918,-1.6876288304138696,97.46785170394016
Laser2.png,2762.0,1536.3602294921875,0.6588725533455393,-1.68731619076363,97.46870036217426
Laser2.png,2763.0,1536.5760498046875,0.6632619519904708,-1.6863851876995877,97.46988513103774
Laser2.png,2764.0,1536.608154296875,0.6676484708133031,-1.686256349929689,97.47063392191806
Laser2.png,2765.0,1536.69384765625,0.6720359332710888,-1.6858936873637134,97.471509813033
Laser2.png,2766.0,1536.7701416015625,0.6764232751403839,-1.6855718477137436,97.4723635208535
Laser2.png,2767.0,1537.05029296875,0.6808141193892266,-1.6843596528335276,97.473701185361
Laser2.png,2768.0,1537.131591796875,0.6852017646920351,-1.6840162080589796,97.47456667055222
Laser2.png,2769.0,1537.185791015625,0.6895890334903775,-1.6837909339346218,97.47536793721359
Laser2.png,2770.0,1537.26025390625,0.693976671443717,-1.6834771575053076,97.47621731296265
Laser2.png,2771.0,1537.3145751953125,0.698364088771742,-1.6832513355046295,97.47701890007703
Laser2.png,2772.0,1537.4136962890625,0.702752345172047,-1.682829801810172,97.47792687789378
Laser2.png,2773.0,1537.408935546875,0.7071388483429124,-1.6828620986369585,97.47858817899196
Laser2.png,2774.0,1537.487060546875,0.7115268931414714,-1.6825322943751557,97.47944631994773
Laser2.png,2775.0,1537.406494140625,0.7159122029129737,-1.6828955740617655,97.47992773059171
Laser2.png,2776.0,1537.0843505859375,0.7202932716696059,-1.6843142245918814,97.47983547569898
Laser2.png,2777.0,1536.9217529296875,0.7246771935444062,-1.6850360174646806,97.48012201831284
Laser2.png,2778.0,1536.324462890625,0.7290533770544054,-1.6876564330013963,97.47937651408209
Laser2.png,2779.0,1535.4935302734375,0.733425274078334,-1.6912974001365928,97.47807624224211
Laser2.png,2780.0,1535.0078125,0.7378033036046948,-1.6934304527638453,97.47759563536012
Laser2.png,2781.0,1534.7960205078125,0.7421862873597925,-1.6943670172842966,97.47776542342068
Laser2.png,2782.0,1534.6455078125,0.7465704006496399,-1.6950359435274274,97.47808069937409
Laser2.png,2783.0,1534.59619140625,0.7509563930036278,-1.6952629402672255,97.47863620991147
Laser2.png,2784.0,1534.6612548828125,0.7553445855326923,-1.6949902636593353,97.47946335650701
Laser2.png,2785.0,1534.84375,0.759735025160023,-1.6942047679047816,97.48056928387925
Laser2.png,2786.0,1535.338623046875,0.7641314243626826,-1.692054711183514,97.4824170162383
Laser2.png,2787.0,1536.1041259765625,0.7685331013607769,-1.688722551112451,97.48490738346966
Laser2.png,2788.0,1536.80517578125,0.7729337906098915,-1.6856715741883352,97.48724493061964
Laser2.png,2789.0,1537.201416015625,0.7773289189793633,-1.6839520650964441,97.48885870226314
Laser2.png,2790.0,1537.525390625,0.7817227256941054,-1.6825482273491243,97.49030087692779
Laser2.png,2791.0,1537.6326904296875,0.7861125127504021,-1.682091008653947,97.49122846664524
Laser2.png,2792.0,1537.7059326171875,0.7905017275190466,-1.6817825636542612,97.49207519173794
Laser2.png,2793.0,1537.715576171875,0.7948897873088235,-1.6817518906408235,97.492770922945
Laser2.png,2794.0,1537.699951171875,0.7992774182065739,-1.6818315011194804,97.49340670981465
Laser2.png,2795.0,1537.396484375,0.8036593790641328,-1.683168850989838,97.49335873483513
Laser2.png,2796.0,1537.2462158203125,0.8080444428506106,-1.6838367686945417,97.4936747054651
Laser2.png,2797.0,1536.829833984375,0.812424177471329,-1.6856672408017588,97.49335864729264
Laser2.png,2798.0,1535.9295654296875,0.8167942549436283,-1.689611705283344,97.49189331124315
Laser2.png,2799.0,1535.2005615234375,0.8211675369966804,-1.6928077005935367,97.4908348493483
Laser2.png,2800.0,1534.749267578125,0.8255464893082374,-1.6947908172303912,97.49043579239574
Laser2.png,2801.0,1534.435302734375,0.8299280922400345,-1.6961738116402765,97.49036297951203
Laser2.png,2802.0,1534.3369140625,0.8343141609776134,-1.69661509138661,97.49080215780197
Laser2.png,2803.0,1534.110595703125,0.8386976551387402,-1.6976152889619742,97.49093747554797
Laser2.png,2804.0,1534.087646484375,0.8430853378132209,-1.6977272015400555,97.49155573213967
Laser2.png,2805.0,1534.2132568359375,0.8474761435543058,-1.6971900697519635,97.49252686798626
Laser2.png,2806.0,1533.9500732421875,0.8518588777727002,-1.6983512875519808,97.49257464286468
Laser2.png,2807.0,1534.0498046875,0.8562492773581142,-1.6979271288760798,97.49348437757439
Laser2.png,2808.0,1534.0130615234375,0.8606368967333101,-1.6980993106395907,97.4940699014663
Laser2.png,2809.0,1533.9669189453125,0.8650243718210665,-1.6983123304527876,97.49463323017947
Laser2.png,2810.0,1534.0980224609375,0.8694157416421426,-1.6977512615452655,97.49561744988024
Laser2.png,2811.0,1533.98681640625,0.8738019511693371,-1.6982486999964421,97.49602615882266
Laser2.png,2812.0,1533.763916015625,0.8781857172287797,-1.6992340218198418,97.49616959537423
Laser2.png,2813.0,1533.502197265625,0.882568753055279,-1.7003888080329204,97.49622090893163
Laser2.png,2814.0,1533.0233154296875,0.8869470097397684,-1.702492350802117,97.49575635945851
Laser2.png,2815.0,1532.7647705078125,0.8913300995589991,-1.7036334621211058,97.49581510609855
Laser2.png,2816.0,1532.59619140625,0.8957151580950706,-1.7043815143980476,97.49608756718288
Laser2.png,2817.0,1532.5484619140625,0.9001028914553341,-1.7046015906906105,97.49664710457904
Laser2.png,2818.0,1532.6090087890625,0.9044930607747693,-1.7043487312245686,97.49746379745937
Laser2.png,2819.0,1532.7366943359375,0.9088847908418352,-1.703802458169576,97.49844003956359
Laser2.png,2820.0,1533.1016845703125,0.9132819792467247,-1.7022195960559143,97.49997993810022
Laser2.png,2821.0,1533.2752685546875,0.917675026307121,-1.7014730561809797,97.50106511805468
Laser2.png,2822.0,1533.5582275390625,0.9220705382028563,-1.7002484889941814,97.50241022239973
Laser2.png,2823.0,1533.9642333984375,0.9264690397403031,-1.6984863147677025,97.50404768091792
Laser2.png,2824.0,1534.253173828125,0.9308650337859365,-1.6972355814705409,97.50540706665937
Laser2.png,2825.0,1534.699951171875,0.9352647472156869,-1.6952951816021378,97.50714147959675
Laser2.png,2826.0,1535.077880859375,0.9396629498429196,-1.6936555472319283,97.50871235935095
Laser2.png,2827.0,1535.6798095703125,0.9440666290913188,-1.6910370395326675,97.51081556185135
Laser2.png,2828.0,1535.7711181640625,0.9484585156207855,-1.6906496195737288,97.51170557954042
Laser2.png,2829.0,1535.850830078125,0.9528502136652955,-1.6903127543676777,97.51256811956728
Laser2.png,2830.0,1535.9454345703125,0.9572424270961897,-1.6899109260910414,97.51346601078248
Laser2.png,2831.0,1536.164794921875,0.9616376441409937,-1.6889640523442686,97.51466029699797
Laser2.png,2832.0,1536.247802734375,0.966029669386412,-1.6886127666263107,97.5155307172181
Laser2.png,2833.0,1536.359130859375,0.9704224420054418,-1.6881378527480555,97.51646837649464
Laser2.png,2834.0,1536.4783935546875,0.9748155788485728,-1.6876282002279788,97.51742495333824
Laser2.png,2835.0,1536.541748046875,0.9792073765692955,-1.6873629081520924,97.51824864845688
Laser2.png,2836.0,1536.7696533203125,0.9836032835082428,-1.686378526760282,97.51946340605751
Laser2.png,2837.0,1536.836181640625,0.9879954145654063,-1.6860993623860612,97.52029468466863
Laser2.png,2838.0,1536.8714599609375,0.9923867746918182,-1.685956599229575,97.52105178549924
Laser2.png,2839.0,1536.8956298828125,0.9967780229023359,-1.685862602386895,97.52178239154273
Laser2.png,2840.0,1536.928955078125,1.0011694699820937,-1.6857284732113451,97.5225348180458
Laser2.png,2841.0,1536.944091796875,1.0055605398224434,-1.6856737041959793,97.52324409789959
Laser2.png,2842.0,1536.9124755859375,1.009950613179468,-1.6858233700757763,97.52384222646481
Laser2.png,2843.0,1536.9298095703125,1.0143418586849111,-1.6857592429948383,97.52455661442661
Laser2.png,2844.0,1536.8848876953125,1.0187317147761104,-1.6859670394163093,97.52512314763256
Laser2.png,2845.0,1536.119873046875,1.0231034868843463,-1.6893216266784992,97.52397834522357
Laser2.png,2846.0,1534.4970703125,1.0274535887291991,-1.6964244534405286,97.52079509815117
Laser2.png,2847.0,1532.5738525390625,1.0317958537505059,-1.7048394058929563,97.51689822509249
Laser2.png,2848.0,1531.0177001953125,1.0361470382774516,-1.7116501064900629,97.51387375425907
Laser2.png,2849.0,1530.376220703125,1.0405212338553942,-1.7144642713603104,97.51302274698864
Laser2.png,2850.0,1529.7998046875,1.044897099528919,-1.7169943129937562,97.51232626170622
Laser2.png,2851.0,1529.4337158203125,1.049278280521105,-1.7186053629766458,97.51212956169894
Laser2.png,2852.0,1529.1678466796875,1.053662017126857,-1.7197785188275545,97.51217100998741
Laser2.png,2853.0,1528.9912109375,1.058048147917159,-1.7205620032895916,97.51242439925151
Laser2.png,2854.0,1528.801513671875,1.0624338726015068,-1.7214025212332753,97.51264675957648
Laser2.png,2855.0,1528.703125,1.0668220824946535,-1.7218440157686692,97.51308615260369
Laser2.png,2856.0,1528.5799560546875,1.071209593904717,-1.7223938167543567,97.51346663299938
Laser2.png,2857.0,1528.5577392578125,1.0755998757894574,-1.7225026743107832,97.51408695054509
Laser2.png,2858.0,1529.4913330078125,1.0800154571732696,-1.718435799220719,97.51697838002738
Laser2.png,2859.0,1529.613037109375,1.084409757327086,-1.7179156461925005,97.51794083810725
Laser2.png,2860.0,1529.762451171875,1.0888048784265736,-1.717274576720328,97.5189690743141
Laser2.png,2861.0,1529.88232421875,1.093199304574572,-1.7167626780391458,97.51992707022885
Laser2.png,2862.0,1530.0623779296875,1.0975954273229434,-1.715987719165312,97.52102815614106
Laser2.png,2863.0,1530.183349609375,1.1019900635794784,-1.7154707590662008,97.52198893264715
Laser2.png,2864.0,1530.3834228515625,1.1063869181182668,-1.7146083230916094,97.52313762713659
Laser2.png,2865.0,1530.6622314453125,1.1107860075150227,-1.713401833520953,97.52447346995388
Laser2.png,2866.0,1531.1434326171875,1.1151908089026121,-1.7113109127684825,97.52629039497063
Laser2.png,2867.0,1531.7574462890625,1.1195993069527224,-1.7086395894545168,97.52842301922684
Laser2.png,2868.0,1532.4173583984375,1.1240093454250517,-1.7057676819650753,97.53066478821704
Laser2.png,2869.0,1533.058837890625,1.1284190804201215,-1.7029760846071376,97.53286290619012
Laser2.png,2870.0,1533.742919921875,1.1328301909148284,-1.699998095511865,97.53516243764915
Laser2.png,2871.0,1534.3509521484375,1.1372394012775071,-1.697352378226973,97.53728126945269
Laser2.png,2872.0,1534.907470703125,1.1416473697779568,-1.6949317011527378,97.5392777244234
Laser2.png,2873.0,1535.3753662109375,1.1460529511822202,-1.692898433832412,97.54106346746073
Laser2.png,2874.0,1536.3038330078125,1.1504717915704787,-1.6888518751683055,97.54394437057357
Laser2.png,2875.0,1536.3568115234375,1.1548660678007807,-1.688631700617389,97.54474395288302
Laser2.png,2876.0,1536.377685546875,1.1592595073152712,-1.688552100805397,97.54546708123537
Laser2.png,2877.0,1535.8094482421875,1.1636362129641922,-1.6910473505651842,97.54478961604724
Laser2.png,2878.0,1534.984375,1.1680055470867687,-1.6946649777468445,97.5435016199144
Laser2.png,2879.0,1534.495361328125,1.1723843678230637,-1.6968138444532352,97.5430125492881
Laser2.png,2880.0,1534.3331298828125,1.1767726078787522,-1.6975345223924743,97.54330036551377
Laser2.png,2881.0,1534.31494140625,1.1811650208685496,-1.6976256164595234,97.543930657473
Laser2.png,2882.0,1534.305908203125,1.185557754795806,-1.697676754608965,97.5445826929986
Laser2.png,2883.0,1534.6578369140625,1.1899611085262003,-1.6961501040680125,97.54609302581481
Laser2.png,2884.0,1535.091552734375,1.1943669795248615,-1.694265934291386,97.54779786177656
Laser2.png,2885.0,1535.8223876953125,1.1987816863427794,-1.6910829795273967,97.55020923504561
Laser2.png,2886.0,1536.190673828125,1.2031859783111856,-1.6894846755111086,97.55175861701632
Laser2.png,2887.0,1535.618896484375,1.2075625569111723,-1.6919955601320273,97.55107264328373
Laser2.png,2888.0,1533.3681640625,1.2118892952810925,-1.7018449230990436,97.54639456015649
Laser2.png,2889.0,1532.479248046875,1.2162561707031634,-1.705741615936466,97.5449546659871
Laser2.png,2890.0,1530.67724609375,1.2205956615736335,-1.7136286455163354,97.54134399714327
Laser2.png,2891.0,1530.0311279296875,1.2249694313207715,-1.7164639216628585,97.54048146169333
Laser2.png,2892.0,1529.296875,1.229340482044874,-1.7196844328339953,97.53940934370267
Laser2.png,2893.0,1529.1492919921875,1.233729259888107,-1.720341087830225,97.53973200414501
Laser2.png,2894.0,1528.5623779296875,1.2381046281289823,-1.7229174881136349,97.53901027164562
Laser2.png,2895.0,1528.61962890625,1.242499619849252,-1.7226790690087346,97.53981987048604
Laser2.png,2896.0,1528.713134765625,1.246895694813106,-1.7222822853317252,97.5407156203512
Laser2.png,2897.0,1528.032470703125,1.2512682411735132,-1.725268445436253,97.53977097375693
Laser2.png,2898.0,1527.5843505859375,1.2556477284127614,-1.727238388650996,97.5393791520423
Laser2.png,2899.0,1526.531005859375,1.2600085943224155,-1.7318529284357187,97.53754857584839
Laser2.png,2900.0,1525.7861328125,1.2643788921186,-1.735119596956766,97.53645128039642
Laser2.png,2901.0,1524.79248046875,1.2687413095989843,-1.739472956714935,97.53476275092743
Laser2.png,2902.0,1522.6302490234375,1.2730672278527615,-1.748931772913492,97.53029658662807
Laser2.png,2903.0,1521.977783203125,1.277439840868633,-1.7517941211236152,97.52941917350284
Laser2.png,2904.0,1521.2308349609375,1.2818095140174663,-1.7550692880310748,97.52831716721951
Laser2.png,2905.0,1520.8638916015625,1.2861909994063792,-1.7566843034863058,97.52811836128265
Laser2.png,2906.0,1520.5621337890625,1.2905745171589345,-1.7580145375344736,97.52807449074766
Laser2.png,2907.0,1520.34521484375,1.2949607990681404,-1.75897418714877,97.52823225526068
Laser2.png,2908.0,1520.753662109375,1.2993668974444195,-1.7572019188789627,97.52987636995213
Laser2.png,2909.0,1521.1827392578125,1.3037737999096568,-1.7553394584587096,97.53156957853439
Laser2.png,2910.0,1521.98828125,1.308192948996227,-1.7518321807099841,97.53415772908728
Laser2.png,2911.0,1522.6390380859375,1.312607381902527,-1.7490008598683273,97.53637814178954
Laser2.png,2912.0,1523.4359130859375,1.3170267043848631,-1.7455312059106678,97.53894589149536
Laser2.png,2913.0,1524.26513671875,1.3214473033736986,-1.7419197589349589,97.54159082467801
Laser2.png,2914.0,1525.4979248046875,1.3258811826910695,-1.7365448124854934,97.54519529778118
Laser2.png,2915.0,1526.571044921875,1.3303103024003748,-1.7318673555209345,97.54842033528932
Laser2.png,2916.0,1527.756591796875,1.3347432829515435,-1.7266980886027439,97.55191299645618
Laser2.png,2917.0,1529.001708984375,1.339178617214857,-1.7212680160001101,97.55554762523646
Laser2.png,2918.0,1531.195556640625,1.343645447715354,-1.7116907030282698,97.56143885517046
Laser2.png,2919.0,1531.0115966796875,1.3480343986797627,-1.7125066032106604,97.56167508089199
Laser2.png,2920.0,1530.7373046875,1.3524203024273371,-1.7137172532946225,97.56169650722
Laser2.png,2921.0,1530.2589111328125,1.356799548666984,-1.7158199859275938,97.5612325507463
Laser2.png,2922.0,1529.85546875,1.361181149175215,-1.7175951040961306,97.5609468355217
Laser2.png,2923.0,1529.453125,1.3655627596623812,-1.7193655320015122,97.56066366840028
Laser2.png,2924.0,1529.131103515625,1.36994711891143,-1.7207847837165238,97.56057159631926
Laser2.png,2925.0,1528.68212890625,1.3743272163848141,-1.7227589453348293,97.5601775786772
Laser2.png,2926.0,1528.3760986328125,1.3787119914754704,-1.724108350787593,97.560123493688
Laser2.png,2927.0,1527.80908203125,1.383088054143435,-1.7265983294153937,97.5594487909341
Laser2.png,2928.0,1526.7744140625,1.3874480560245663,-1.731132300910155,97.55766182524515
Laser2.png,2929.0,1526.548583984375,1.3918355235710296,-1.7321310731443822,97.55779853177837
Laser2.png,2930.0,1526.3360595703125,1.3962234561329399,-1.733071715910303,97.55796687142873
Laser2.png,2931.0,1526.3868408203125,1.400620393956832,-1.732861591285918,97.5587614090692
Laser2.png,2932.0,1526.644287109375,1.4050245721794097,-1.7317483219465422,97.56004742587413
Laser2.png,2933.0,1527.100830078125,1.409435707652882,-1.7297647926431496,97.56180702338585
Laser2.png,2934.0,1527.1802978515625,1.4138339154516453,-1.729429180951177,97.56266989024428
Laser2.png,2935.0,1527.5263671875,1.4182415083215527,-1.727928478266867,97.56416679081067
Laser2.png,2936.0,1527.8643798828125,1.4226489579362591,-1.726462828937178,97.56564463713421
Laser2.png,2937.0,1528.4708251953125,1.4270658794388336,-1.7238238802567623,97.5677609872952
Laser2.png,2938.0,1529.6690673828125,1.4315038301481646,-1.7185976761629715,97.57128533142553
Laser2.png,2939.0,1530.885009765625,1.4359426289072208,-1.7132938626445786,97.57485194451108
Laser2.png,2940.0,1531.8468017578125,1.4403728260535535,-1.7091008553848446,97.577814118804
Laser2.png,2941.0,1532.9400634765625,1.4448079243368763,-1.7043327032897257,97.58108932407515
Laser2.png,2942.0,1533.1065673828125,1.4492104801524222,-1.7036163550049752,97.58215958316553
Laser2.png,2943.0,1533.52587890625,1.4536220930623487,-1.7017946387031058,97.58383139886631
Laser2.png,2944.0,1533.798828125,1.4580286538523306,-1.7006127914827938,97.58515501846279
Laser2.png,2945.0,1534.2252197265625,1.4624408058514584,-1.6987599968237213,97.58684379145564
Laser2.png,2946.0,1534.6444091796875,1.4668528527934765,-1.6969386500742882,97.58851547367841
Laser2.png,2947.0,1534.9320068359375,1.4712603305335012,-1.6956925744613747,97.58987410771712
Laser2.png,2948.0,1535.1669921875,1.4756660371780557,-1.6946766013366206,97.59110753447857
Laser2.png,2949.0,1535.6097412109375,1.4800794447301002,-1.6927520990626421,97.59283543512707
Laser2.png,2950.0,1535.8798828125,1.4844866696445085,-1.691582265877982,97.59415263452986
Laser2.png,2951.0,1536.083740234375,1.4888916062432973,-1.6907023425590957,97.59531207444539
Laser2.png,2952.0,1536.27978515625,1.4932963640733048,-1.689856435446833,97.59645301773735
Laser2.png,2953.0,1536.65673828125,1.497707830874996,-1.6882195345372222,97.59802446607755
Laser2.png,2954.0,1536.57666015625,1.502102697976697,-1.6885813040503748,97.59850817571561
Laser2.png,2955.0,1535.403564453125,1.5064572709531465,-1.6937230604544025,97.59639037558084
Laser2.png,2956.0,1535.4815673828125,1.5108579327073877,-1.6933934943440365,97.59725033977954
Laser2.png,2957.0,1536.4051513671875,1.5152901020514402,-1.6893658713142425,97.60012302460075
Laser2.png,2958.0,1537.1253662109375,1.5197149029038022,-1.6862275556327668,97.6025117233751
Laser2.png,2959.0,1537.2122802734375,1.5241162881331722,-1.6858589996246178,97.60339296893876
Laser2.png,2960.0,1537.5069580078125,1.5285254992020951,-1.6845816006538898,97.60476887810705
Laser2.png,2961.0,1537.3172607421875,1.5329168155300796,-1.6854228334118562,97.60499171566549
Laser2.png,2962.0,1537.5538330078125,1.5373239531528584,-1.6843995483946927,97.60622933384064
Laser2.png,2963.0,1537.8968505859375,1.5417353860271514,-1.6829108134699537,97.60772033082439
Laser2.png,2964.0,1538.154052734375,1.5461437189426745,-1.6817972275092055,97.60900716250016
Laser2.png,2965.0,1538.415283203125,1.5505523191606563,-1.680666140032727,97.61030353791776
Laser2.png,2966.0,1538.4222412109375,1.554951211633477,-1.6806471305560877,97.6109946128758
Laser2.png,2967.0,1537.9442138671875,1.5593319018673164,-1.6827496425364377,97.61053099967093
Laser2.png,2968.0,1537.2591552734375,1.5637044729567011,-1.6857575960764462,97.60957452424834
Laser2.png,2969.0,1536.7152099609375,1.568082355696997,-1.6881482376572166,97.6089540377981
Laser2.png,2970.0,1536.1087646484375,1.5724577853455377,-1.690812258071026,97.60818474181607
Laser2.png,2971.0,1535.66259765625,1.5768394921340376,-1.6927752573641155,97.60779703376285
Laser2.png,2972.0,1535.10791015625,1.5812167971591673,-1.6952128181873916,97.60715098330006
Laser2.png,2973.0,1533.814453125,1.5855654752913717,-1.7008813047343498,97.60474628496134
Laser2.png,2974.0,1533.2086181640625,1.5899406008941008,-1.7035425886884126,97.60397842767594
Laser2.png,2975.0,1532.07421875,1.594295108042724,-1.7085150320029432,97.60195254519253
Laser2.png,2976.0,1531.5213623046875,1.598672106083693,-1.7109444192549048,97.60131088502878
Laser2.png,2977.0,1531.3397216796875,1.6030637425297491,-1.711750387125691,97.60155291905131
Laser2.png,2978.0,1531.2857666015625,1.6074604053484989,-1.7119981167674974,97.6020988240613
Laser2.png,2979.0,1531.8123779296875,1.6118799413343146,-1.7097068729705749,97.60402679390648
Laser2.png,2980.0,1532.632568359375,1.616311224733957,-1.7061316648902245,97.6066537048053
Laser2.png,2981.0,1533.236328125,1.6207343730131027,-1.703502872977287,97.60876550402098
Laser2.png,2982.0,1534.2830810546875,1.625175090990439,-1.6989363648075266,97.61193209724037
Laser2.png,2983.0,1534.46826171875,1.6295818514694598,-1.6981379599565105,97.61304755929834
Laser2.png,2984.0,1535.07568359375,1.6340055404214084,-1.6954927917659481,97.61516833361813
Laser2.png,2985.0,1534.6727294921875,1.6383890425198426,-1.6972669702920857,97.61488342285044
Laser2.png,2986.0,1534.34375,1.6427754842022348,-1.6987174716268134,97.61477470618674
Laser2.png,2987.0,1532.323486328125,1.6470936033998773,-1.7075651161458258,97.61063916806323
Laser2.png,2988.0,1530.375244140625,1.6514144399150419,-1.7160970468528787,97.6066754659629
Laser2.png,2989.0,1528.0224609375,1.6557184072618218,-1.7263972463557542,97.60174907906489
Laser2.png,2990.0,1527.102294921875,1.6600803047099164,-1.7304324519484013,97.60023320960043
Laser2.png,2991.0,1525.909423828125,1.664430813742015,-1.7356599942186106,97.59806820346729
Laser2.png,2992.0,1525.6148681640625,1.6688178719008102,-1.7369596844868673,97.5980414644489
Laser2.png,2993.0,1525.3001708984375,1.6732039220167831,-1.7383475954488317,97.59796667037091
Laser2.png,2994.0,1524.6134033203125,1.6775749261129205,-1.7413621792543887,97.597006352572
Laser2.png,2995.0,1523.7718505859375,1.6819394966119317,-1.7450532727674803,97.59567773100163
Laser2.png,2996.0,1521.6661376953125,1.6862515984965933,-1.7542707585721744,97.59134045787474
Laser2.png,2997.0,1520.781982421875,1.6906140403962602,-1.7581477724934687,97.58991056217809
Laser2.png,2998.0,1520.2421875,1.694990587082678,-1.7605194722610953,97.58930015334461
Laser2.png,2999.0,1521.5244140625,1.6994427685747382,-1.754926382764001,97.59302589867582
Laser2.png,3000.0,1522.21728515625,1.7038706181822787,-1.751909437181487,97.59534917187148
Laser2.png,3001.0,1522.4525146484375,1.7082797958094234,-1.7508930381901682,97.59658336700988
Laser2.png,3002.0,1523.2373046875,1.7127118563302044,-1.7474740436226264,97.5991255826948
Laser2.png,3003.0,1523.8304443359375,1.7171363057998918,-1.7448926201987742,97.6012118647528
Laser2.png,3004.0,1524.63720703125,1.7215699128135566,-1.7413771597732783,97.6038066955032
Laser2.png,3005.0,1525.596435546875,1.7260099907924316,-1.7371949248755931,97.60676455010241
Laser2.png,3006.0,1526.10791015625,1.7304316243737827,-1.7349701546686132,97.608656753003
Laser2.png,3007.0,1526.57568359375,1.734851578879489,-1.732936536001828,97.61044491112233
Laser2.png,3008.0,1526.9761962890625,1.7392686585057,-1.7311970899634959,97.61207290453098
Laser2.png,3009.0,1527.6407470703125,1.7436972996612938,-1.728302709451229,97.61432975402751
Laser2.png,3010.0,1528.3240966796875,1.7481269463081441,-1.7253260731254012,97.61663141958185
Laser2.png,3011.0,1529.346435546875,1.7525712937097342,-1.720866706228167,97.61974040256663
Laser2.png,3012.0,1529.768310546875,1.7569900073038625,-1.7190332374771216,97.62141969808246
Laser2.png,3013.0,1529.7032470703125,1.7613881308005956,-1.7193296879364839,97.62193937637525
Laser2.png,3014.0,1529.8177490234375,1.7657938559899746,-1.7188405039004646,97.62288678805923
Laser2.png,3015.0,1530.148193359375,1.7702091723294207,-1.717406976476816,97.62434841134812
Laser2.png,3016.0,1530.1658935546875,1.7746108989774134,-1.7173413948460934,97.62506521106862
Laser2.png,3017.0,1530.3564453125,1.7790203749562785,-1.7165196780002685,97.62619375051649
Laser2.png,3018.0,1530.436279296875,1.783424954772532,-1.7161821070018866,97.62705866727845
Laser2.png,3019.0,1530.61572265625,1.7878341377582165,-1.7154089932947503,97.62816077251169
Laser2.png,3020.0,1531.213134765625,1.7922616952510388,-1.7128075628964687,97.63025839825775
Laser2.png,3021.0,1532.1029052734375,1.7967022585533328,-1.7089270436838355,97.63305251268571
Laser2.png,3022.0,1532.26416015625,1.8011110641652979,-1.7082332430601086,97.63411149680906
Laser2.png,3023.0,1531.8033447265625,1.8054923806145389,-1.7102608239583543,97.63368866403434
Laser2.png,3024.0,1530.770751953125,1.8098484129874952,-1.7147895395238195,97.63190393772622
Laser2.png,3025.0,1529.94482421875,1.8142134335208033,-1.7184140474126404,97.63061153818933
Laser2.png,3026.0,1529.654541015625,1.8186021016390395,-1.7196956230562577,97.63059488358158
Laser2.png,3027.0,1529.921142578125,1.823015718596829,-1.7185411927136454,97.63190470928065
Laser2.png,3028.0,1529.3199462890625,1.827390582844074,-1.7211827247809863,97.63114753575384
Laser2.png,3029.0,1529.515380859375,1.8318011627086643,-1.7203395661539558,97.63228788776038
Laser2.png,3030.0,1529.8475341796875,1.836217968249773,-1.7188985377889752,97.6337538141167
Laser2.png,3031.0,1529.8258056640625,1.8406190164204272,-1.7190053470208306,97.63437690993624
Laser2.png,3032.0,1530.6536865234375,1.8450583649885433,-1.7153955919003678,97.63702382613805
Laser2.png,3033.0,1530.985107421875,1.8494755522579955,-1.713957481842651,97.63848822708621
Laser2.png,3034.0,1531.20166015625,1.853887677236745,-1.7130217600541522,97.63967907499206
Laser2.png,3035.0,1532.21923828125,1.858336408977492,-1.7085818470037715,97.64277817409312
Laser2.png,3036.0,1532.2213134765625,1.8627389063399515,-1.7085842880973665,97.64345816043051
Laser2.png,3037.0,1531.91357421875,1.8671275306558983,-1.7099424211283252,97.6433999325287
Laser2.png,3038.0,1532.580322265625,1.8715606499327473,-1.7070370714165242,97.6456634307215
Laser2.png,3039.0,1532.5220947265625,1.87596079051995,-1.7073034441081252,97.64619975176966
Laser2.png,3040.0,1532.3826904296875,1.880357253691726,-1.7079251053969906,97.64654260124871
Laser2.png,3041.0,1531.753662109375,1.8847310489390616,-1.7106889044253752,97.64571887794943
Laser2.png,3042.0,1531.0804443359375,1.8891029180737098,-1.7136457845507884,97.64479002399362
Laser2.png,3043.0,1530.562744140625,1.893481885811519,-1.7159225353472696,97.64423154198118
Laser2.png,3044.0,1530.271240234375,1.897871097349345,-1.7172095145865975,97.6442120376109
Laser2.png,3045.0,1529.1060791015625,1.9022199406134732,-1.722318471191825,97.6421111592848
Laser2.png,3046.0,1529.00146484375,1.9066177481802358,-1.7227879384198503,97.64253684994979
Laser2.png,3047.0,1528.4388427734375,1.910994421881311,-1.7252609358498878,97.64187146162755
Laser2.png,3048.0,1527.8275146484375,1.9153687593725803,-1.7279469990772003,97.64109002857391
Laser2.png,3049.0,1527.826904296875,1.9197716329062873,-1.7279614644467858,97.64176354459525
Laser2.png,3050.0,1527.546630859375,1.9241614365182016,-1.7291994126467516,97.64177075305096
Laser2.png,3051.0,1527.21728515625,1.9285489330377887,-1.7306518996296325,97.64166112152994
Laser2.png,3052.0,1527.5794677734375,1.932969033153338,-1.7290793875867199,97.64319894625729
Laser2.png,3053.0,1527.48974609375,1.937367908906399,-1.7294838602898235,97.64366009073754
Laser2.png,3054.0,1527.103515625,1.941752781230801,-1.7311851427359577,97.64341497064402
Laser2.png,3055.0,1526.589111328125,1.946131542602325,-1.7334473505678185,97.64286435273743
Laser2.png,3056.0,1526.040283203125,1.9505086182207292,-1.7358599405356163,97.64223182459487
Laser2.png,3057.0,1525.5087890625,1.9548864640196446,-1.7381966665136224,97.6416406056803
Laser2.png,3058.0,1524.83056640625,1.959257058681422,-1.7411753158250676,97.64069973500338
Laser2.png,3059.0,1524.410888671875,1.9636403215986427,-1.7430229540160607,97.64037490260117
Laser2.png,3060.0,1523.93603515625,1.9680207253511315,-1.745111754001418,97.63991868993236
Laser2.png,3061.0,1523.781005859375,1.9724164758918785,-1.7458019517994015,97.64022421751476
Laser2.png,3062.0,1523.723876953125,1.9768169789215888,-1.7460636594314323,97.64076312752769
Laser2.png,3063.0,1523.98193359375,1.9812329468161032,-1.7449469279712166,97.64205284859612
Laser2.png,3064.0,1524.063232421875,1.9856402862072349,-1.7446032502821194,97.64292150802046
Laser2.png,3065.0,1525.21044921875,1.9900996443441754,-1.739596956536162,97.64632976566315
Laser2.png,3066.0,1527.345458984375,1.9946075726068624,-1.73026891790076,97.65209201324615
Laser2.png,3067.0,1528.1187744140625,1.9990494230261437,-1.7268975268348963,97.65460989785052
Laser2.png,3068.0,1528.185546875,2.003456777083931,-1.7266172417136718,97.65544414081323
Laser2.png,3069.0,1528.534912109375,2.007878236068987,-1.7251004765061266,97.65695190832074
Laser2.png,3070.0,1528.793701171875,2.012295382887569,-1.7239800398804572,97.65824382353861
Laser2.png,3071.0,1529.2977294921875,2.016724532555271,-1.721786631976973,97.66012016156428
Laser2.png,3072.0,1529.7674560546875,2.0211523450282636,-1.7197430512274368,97.66191494462056
Laser2.png,3073.0,1530.2626953125,2.025581580286197,-1.7175878597620526,97.6637705464355
Laser2.png,3074.0,1530.608642578125,2.0300035885669545,-1.7160857816720478,97.66527042464021
Laser2.png,3075.0,1531.1666259765625,2.0344362601099197,-1.7136558264229724,97.66727574009494
Laser2.png,3076.0,1531.7269287109375,2.0388692284323477,-1.7112156799930536,97.66928663473728
Laser2.png,3077.0,1532.0677490234375,2.0432914338583146,-1.7097359451599046,97.67077441227285
Laser2.png,3078.0,1532.4923095703125,2.047717960030605,-1.7078896134657429,97.6724619007115
Laser2.png,3079.0,1532.6324462890625,2.0521303934913973,-1.7072879724221433,97.67347140860407
Laser2.png,3080.0,1532.4765625,2.0565278765227286,-1.707981893302206,97.67377518286736
Laser2.png,3081.0,1532.4171142578125,2.060930420509629,-1.7082537548329506,97.67430889571301
Laser2.png,3082.0,1532.1517333984375,2.0653226316779283,-1.709426877034309,97.67435167375854
Laser2.png,3083.0,1530.930419921875,2.0696663760900664,-1.7147833781454216,97.6721156030947
Laser2.png,3084.0,1530.0743408203125,2.074028408300927,-1.7185414652221649,97.67075021483258
Laser2.png,3085.0,1529.1539306640625,2.0783870558749116,-1.7225809074570169,97.66923154216418
Laser2.png,3086.0,1527.3310546875,2.0826996958903976,-1.7305690729435987,97.66556180667611
Laser2.png,3087.0,1526.4542236328125,2.087060196143945,-1.7344174932510632,97.66414713528245
Laser2.png,3088.0,1526.15380859375,2.091450175270059,-1.7357436488473799,97.66410647906056
Laser2.png,3089.0,1526.376220703125,2.095866889427644,-1.7347825435150381,97.66531181905782
Laser2.png,3090.0,1526.537109375,2.100280561291933,-1.7340904162562423,97.6663706477151
Laser2.png,3091.0,1526.859375,2.104702618287259,-1.7326921546914973,97.66781416670753
Laser2.png,3092.0,1526.8394775390625,2.1091071916592137,-1.7327911618136957,97.66844204419522
Laser2.png,3093.0,1526.7432861328125,2.1135078878765396,-1.7332238652910992,97.66888814262114
Laser2.png,3094.0,1526.223876953125,2.117886747764042,-1.735508453732233,97.66832538850164
Laser2.png,3095.0,1526.215576171875,2.122292030426145,-1.7355566691775044,97.66898095288605
Laser2.png,3096.0,1525.362548828125,2.1266533451559844,-1.7393010125201984,97.66762291569293
Laser2.png,3097.0,1524.553955078125,2.131017031928913,-1.7428508530365043,97.6663708500887
Laser2.png,3098.0,1522.950927734375,2.1353390250474504,-1.7498761890671688,97.66322532630036
Laser2.png,3099.0,1520.693359375,2.139626561375779,-1.7597645410555711,97.65852000750512
Laser2.png,3100.0,1519.7091064453125,2.14398048646516,-1.7640820349660216,97.65684963700292
Laser2.png,3101.0,1519.51611328125,2.1483757441473386,-1.7649383093633455,97.65706491771293
Laser2.png,3102.0,1519.6622314453125,2.152788835908476,-1.7643112339411096,97.65808833697147
Laser2.png,3103.0,1519.3822021484375,2.157179586186741,-1.765548311534958,97.65809616462121
Laser2.png,3104.0,1520.01708984375,2.1616187812355294,-1.762783239362391,97.66028443996737
Laser2.png,3105.0,1520.852783203125,2.166068791247905,-1.759139487244009,97.66295146461762
Laser2.png,3106.0,1521.58837890625,2.1705135612506266,-1.7559333043313392,97.66538010196379
Laser2.png,3107.0,1522.885498046875,2.174988538717237,-1.7502704607870998,97.66914724777295
Laser2.png,3108.0,1523.2235107421875,2.179412844915095,-1.7488035749147044,97.67062837412516
Laser2.png,3109.0,1524.326416015625,2.183878054919668,-1.743989880603637,97.67393296631484
Laser2.png,3110.0,1526.4984130859375,2.1884008559467323,-1.73449746558178,97.6797867630196
Laser2.png,3111.0,1527.885009765625,2.192881975465548,-1.7284411778455426,97.6837684782362
Laser2.png,3112.0,1527.8375244140625,2.1972863555387017,-1.7286609170482612,97.6843307748282
Laser2.png,3113.0,1529.369873046875,2.2017760631301764,-1.721966103912672,97.68866050381139
Laser2.png,3114.0,1528.9837646484375,2.2061624792401426,-1.7236678293383914,97.6884153821136
Laser2.png,3115.0,1528.739501953125,2.2105565260534727,-1.7247488524073895,97.68850844907703
Laser2.png,3116.0,1528.3154296875,2.2149410453343332,-1.7266165540608938,97.68817291773067
Laser2.png,3117.0,1527.7535400390625,2.219317883042512,-1.7290876179782997,97.68750860458212
Laser2.png,3118.0,1527.13134765625,2.223691388867147,-1.7318224832365003,97.68670054596335
Laser2.png,3119.0,1526.7110595703125,2.2280759856959436,-1.7336737267025837,97.68637396252247
Laser2.png,3120.0,1525.233642578125,2.232402581236775,-1.740151186919878,97.68352661788231
Laser2.png,3121.0,1522.6082763671875,2.236666434164672,-1.7516514347259626,97.6779424618068
Laser2.png,3122.0,1521.291259765625,2.2410013613664477,-1.757426059139996,97.67547800831868
Laser2.png,3123.0,1520.34765625,2.245356533346861,-1.761566703830961,97.67390385032911
Laser2.png,3124.0,1518.9422607421875,2.24968620999294,-1.7677274425767815,97.6712289451149
Laser2.png,3125.0,1518.6400146484375,2.254076335532488,-1.7690619673133179,97.6711837675614
Laser2.png,3126.0,1517.8858642578125,2.258441733274556,-1.772373226800315,97.67006150331824
Laser2.png,3127.0,1518.427978515625,2.262878617627112,-1.7700138463330293,97.67202915244481
Laser2.png,3128.0,1518.7625732421875,2.2673041981071216,-1.7685621693380487,97.67350221840267
Laser2.png,3129.0,1519.0811767578125,2.271729026188933,-1.767180349740752,97.67493723913873
Laser2.png,3130.0,1520.1319580078125,2.2761946627020526,-1.7625949777858574,97.67811793065825
Laser2.png,3131.0,1521.1759033203125,2.2806603898396123,-1.7580393975057216,97.68128246093637
Laser2.png,3132.0,1522.86572265625,2.285162436286771,-1.7506570338545138,97.68598740212454
Laser2.png,3133.0,1523.5888671875,2.2896107022322454,-1.7475044854749575,97.68838745984095
Laser2.png,3134.0,1524.6881103515625,2.2940804306544704,-1.7427059113850158,97.69168454182044
Laser2.png,3135.0,1524.995361328125,2.2985058382020576,-1.7413731945224655,97.69309299210627
Laser2.png,3136.0,1526.7164306640625,2.3030110459064277,-1.733852338316462,97.69787361647444
Laser2.png,3137.0,1527.371826171875,2.3074566583777303,-1.730995489912852,97.70011271447694
Laser2.png,3138.0,1527.0322265625,2.311845947458018,-1.7324939029316,97.69997842501458
Laser2.png,3139.0,1526.9114990234375,2.3162477857500776,-1.7330341676874768,97.70036630023378
Laser2.png,3140.0,1526.75,2.3206475296307225,-1.7337530539296557,97.70065686953683
Laser2.png,3141.0,1526.5491943359375,2.32504488712333,-1.7346438912988755,97.70085370938253
Laser2.png,3142.0,1526.5679931640625,2.3294547538578527,-1.7345733397175958,97.70157446724212
Laser2.png,3143.0,1526.367919921875,2.3338522102817096,-1.7354611230430335,97.70177298057838
Laser2.png,3144.0,1526.026123046875,2.338241595735343,-1.7369691084587366,97.70163350873717
Laser2.png,3145.0,1525.3221435546875,2.342610255516374,-1.7400622464681055,97.70063017746342
Laser2.png,3146.0,1525.2137451171875,2.3470129508062514,-1.7405486553562923,97.7010474261276
Laser2.png,3147.0,1525.1884765625,2.3514204565377814,-1.7406711775580586,97.70166298999997
Laser2.png,3148.0,1525.0020751953125,2.35581893291021,-1.7414989569527721,97.70189424006405
Laser2.png,3149.0,1524.637939453125,2.360207004022505,-1.7431048012133084,97.70170143276769
Laser2.png,3150.0,1524.5560302734375,2.3646113536788103,-1.743475159283138,97.70218194676431
Laser2.png,3151.0,1524.280029296875,2.369004699758551,-1.7446953124008509,97.70219936520323
Laser2.png,3152.0,1524.0670166015625,2.373401517824395,-1.7456395339394613,97.70236713685652
Laser2.png,3153.0,1524.296142578125,2.3778242007919346,-1.7446486170339837,97.70358958663117
Laser2.png,3154.0,1524.355224609375,2.382236920314955,-1.744402047980323,97.70440635393157
Laser2.png,3155.0,1524.6087646484375,2.3866612290418403,-1.7433042136325925,97.70568710568291
Laser2.png,3156.0,1524.676025390625,2.3910745955608372,-1.743021760259085,97.70652345635206
Laser2.png,3157.0,1524.95556640625,2.3955006357281228,-1.7418101502196017,97.70786625009295
Laser2.png,3158.0,1525.43798828125,2.3999386860526886,-1.7397104227274787,97.70969310215612
Laser2.png,3159.0,1525.861328125,2.4043734357217788,-1.7378691017723114,97.71137914266815
Laser2.png,3160.0,1526.005615234375,2.4087919226307366,-1.7372495063011901,97.7123993356484
Laser2.png,3161.0,1526.112548828125,2.413208303510877,-1.7367932126886085,97.71333053864286
Laser2.png,3162.0,1526.23095703125,2.4176252616411658,-1.7362867972620224,97.71428904440081
Laser2.png,3163.0,1526.3399658203125,2.4220419338814803,-1.7358214724771972,97.71522519592239
Laser2.png,3164.0,1526.3519287109375,2.426452940235721,-1.7357810239316063,97.71592978582649
Laser2.png,3165.0,1526.4261474609375,2.430867705849833,-1.7354680119743349,97.71678294466975
Laser2.png,3166.0,1526.1888427734375,2.435264022020051,-1.7365188962786273,97.71689272654628
Laser2.png,3167.0,1526.48291015625,2.4396920052331548,-1.735243433104861,97.71827048977865
Laser2.png,3168.0,1526.584716796875,2.444108638776845,-1.7348096269334268,97.7191895224115
Laser2.png,3169.0,1526.61376953125,2.448521004957426,-1.7346943560673134,97.71993494722463
Laser2.png,3170.0,1526.505126953125,2.4529250077861646,-1.7351819197782552,97.72035177123173
Laser2.png,3171.0,1526.495849609375,2.4573351957298675,-1.7352343060277178,97.72100583021577
Laser2.png,3172.0,1526.468994140625,2.4617443832457058,-1.7353638510193947,97.72161784135933
Laser2.png,3173.0,1526.2176513671875,2.466140108496671,-1.736476080636158,97.72169422460514
Laser2.png,3174.0,1526.1007080078125,2.4705439466800914,-1.7370000767694824,97.72209124230005
Laser2.png,3175.0,1526.0159912109375,2.4749497692865883,-1.7373829216049537,97.72256520460661
Laser2.png,3176.0,1525.8760986328125,2.4793522963361707,-1.73800715929377,97.72290759365988
Laser2.png,3177.0,1525.6531982421875,2.483749816672718,-1.738995016190484,97.72305178235719
Laser2.png,3178.0,1525.3837890625,2.4881445252618906,-1.7401864051010758,97.72308502905902
Laser2.png,3179.0,1524.2821044921875,2.4924885787702364,-1.7450213873191347,97.72113216274613
Laser2.png,3180.0,1522.88818359375,2.4968146385273857,-1.7511356288577276,97.71848194326313
Laser2.png,3181.0,1521.22216796875,2.5011236654221727,-1.7584403961128694,97.71518269685475
Laser2.png,3182.0,1520.0926513671875,2.505465405375574,-1.7633964594803786,97.71316373199886
Laser2.png,3183.0,1519.62158203125,2.5098473163996364,-1.765470502257904,97.71271576495366
Laser2.png,3184.0,1518.6517333984375,2.514198569487333,-1.7697273981321802,97.7110778823959
Laser2.png,3185.0,1518.3646240234375,2.5185916610777066,-1.7709961463369261,97.71106887695048
Laser2.png,3186.0,1518.1640625,2.522990083989741,-1.7718860728742398,97.71126637620834
Laser2.png,3187.0,1518.0250244140625,2.5273925013173812,-1.7725069355913876,97.71161058070838
Laser2.png,3188.0,1518.0267333984375,2.531803470267572,-1.772511628138809,97.71229065565507
Laser2.png,3189.0,1518.5391845703125,2.5362463144486704,-1.7702808145806912,97.71418942223002
Laser2.png,3190.0,1518.86572265625,2.5406777946850383,-1.7688638412858821,97.71564455897916
Laser2.png,3191.0,1519.249755859375,2.545112799223017,-1.767195036458415,97.71723697201874
Laser2.png,3192.0,1519.919189453125,2.549565899497236,-1.764276923890338,97.71951049192529
Laser2.png,3193.0,1520.4254150390625,2.5540090293584883,-1.7620730029867888,97.72139470145582
Laser2.png,3194.0,1521.072021484375,2.55846109825858,-1.7592546888687715,97.72361387659741
Laser2.png,3195.0,1521.6005859375,2.5629059830663277,-1.7569528770226313,97.72555150719661
Laser2.png,3196.0,1523.8270263671875,2.5674576863953567,-1.7472175302865882,97.73154167546343
Laser2.png,3197.0,1524.4390869140625,2.5719083529739257,-1.7445498485021125,97.733678848388
Laser2.png,3198.0,1524.7158203125,2.5763381157906977,-1.743350183108045,97.73501573293461
Laser2.png,3199.0,1525.0040283203125,2.5807687239301775,-1.7421001822740143,97.73638007771781
Laser2.png,3200.0,1525.0787353515625,2.585185975092844,-1.7417849969147101,97.73723480125356
Laser2.png,3201.0,1525.2781982421875,2.5896111948401503,-1.7409234954839046,97.73838737801506
Laser2.png,3202.0,1525.2574462890625,2.5940223813010808,-1.741026414445321,97.73901415499934
Laser2.png,3203.0,1524.9810791015625,2.5984175864112906,-1.7422484700119907,97.73903082820712
Laser2.png,3204.0,1524.861572265625,2.6028227638791934,-1.7427837617312016,97.73942192027255
Laser2.png,3205.0,1524.47900390625,2.607211226343132,-1.7444708149400856,97.73918508147895
Laser2.png,3206.0,1524.1121826171875,2.611600670875798,-1.7460889865558409,97.73898579364098
Laser2.png,3207.0,1523.734619140625,2.615989228029352,-1.747754208048605,97.73876082294072
Laser2.png,3208.0,1522.406982421875,2.620317143717897,-1.7535792214702266,97.73626792587837
Laser2.png,3209.0,1522.0992431640625,2.624710218407015,-1.7549386205559205,97.73620969929816
Laser2.png,3210.0,1521.8583984375,2.6291075818265965,-1.7560052404247042,97.73631109968316
Laser2.png,3211.0,1522.0673828125,2.6335338895125715,-1.7551022689699352,97.73748636078665
Laser2.png,3212.0,1522.72900390625,2.6379896489802963,-1.752217526299106,97.73974217417155
Laser2.png,3213.0,1523.0125732421875,2.642421034409989,-1.7509877819526385,97.74109564106911
Laser2.png,3214.0,1523.0701904296875,2.6468379304690948,-1.75074766298028,97.74190955266758
Laser2.png,3215.0,1523.407958984375,2.65127322870137,-1.7492805945354049,97.74339247922711
Laser2.png,3216.0,1523.7470703125,2.6557085641676337,-1.7478077112770085,97.74487856867769
Laser2.png,3217.0,1524.0968017578125,2.660144907629545,-1.7462882636520782,97.74639009605075
Laser2.png,3218.0,1524.8533935546875,2.6646076874492537,-1.7429870608052187,97.74887311119794
Laser2.png,3219.0,1524.9598388671875,2.669028486499207,-1.742532996732442,97.74980378741016
Laser2.png,3220.0,1525.0050048828125,2.67344518557186,-1.742347243258121,97.75058815100253
Laser2.png,3221.0,1524.9107666015625,2.677853020841141,-1.7427718811948678,97.75103973338948
Laser2.png,3222.0,1524.67236328125,2.6822512685158415,-1.7438278309827326,97.75114706389415
Laser2.png,3223.0,1524.3453369140625,2.6866437076937704,-1.7452720129668977,97.7510427064424
Laser2.png,3224.0,1523.428955078125,2.690997398939026,-1.749296871521855,97.74953118490212
Laser2.png,3225.0,1522.76708984375,2.695367895285061,-1.7522071255516518,97.74862743394434
Laser2.png,3226.0,1522.4759521484375,2.699762575128879,-1.7534940335585458,97.7486088145011
Laser2.png,3227.0,1522.112548828125,2.7041526600262467,-1.7550975582625052,97.74841757824315
Laser2.png,3228.0,1521.3428955078125,2.7085156700403057,-1.7584797510358392,97.74725643155223
Laser2.png,3229.0,1520.7578125,2.7128908087339743,-1.7610536008090347,97.746536048318
Laser2.png,3230.0,1520.6119384765625,2.7172952135137183,-1.7617045790721935,97.74686420927705
Laser2.png,3231.0,1521.28955078125,2.7217543988710284,-1.7587495741627188,97.74915870142861
Laser2.png,3232.0,1521.2698974609375,2.7261673587195876,-1.758847751593007,97.74978832724943
Laser2.png,3233.0,1521.4302978515625,2.730592385994543,-1.75815745248892,97.75084792063262
Laser2.png,3234.0,1521.634521484375,2.7350204362954167,-1.7572752890500698,97.75201215378995
Laser2.png,3235.0,1521.80322265625,2.7394462168230405,-1.7565485340836504,97.75309165730233
Laser2.png,3236.0,1522.205078125,2.74388772227311,-1.7548008126171386,97.75472792385668
Laser2.png,3237.0,1522.3734130859375,2.748313696041828,-1.7540758133321959,97.75580650403425
Laser2.png,3238.0,1522.513671875,2.752737881799036,-1.7534735977138836,97.75681814262505
Laser2.png,3239.0,1522.5506591796875,2.7571552032924305,-1.7533236233680467,97.75758317641142
Laser2.png,3240.0,1522.2545166015625,2.7615501179859234,-1.7546326489353414,97.757552584675
Laser2.png,3241.0,1522.3040771484375,2.7659683902436876,-1.754427683638473,97.75834762270603
Laser2.png,3242.0,1522.399658203125,2.7703898500194555,-1.7540211103423047,97.75925261624948
Laser2.png,3243.0,1522.274658203125,2.77479643882415,-1.7545805438608826,97.7596308190377
Laser2.png,3244.0,1522.1142578125,2.7792006574257777,-1.755295062492146,97.7599244522057
Laser2.png,3245.0,1521.728271484375,2.7835897435316577,-1.756997587504691,97.75967930957275
Laser2.png,3246.0,1521.487548828125,2.787988519081171,-1.7580639251743924,97.75978108171178
Laser2.png,3247.0,1520.9132080078125,2.792364545799831,-1.7605912252618858,97.75908610986299
Laser2.png,3248.0,1520.6551513671875,2.796762122190574,-1.7617332939730908,97.75914657857095
Laser2.png,3249.0,1520.2498779296875,2.801149627738591,-1.7635201767591975,97.75885538963487
Laser2.png,3250.0,1520.1461181640625,2.805557771064805,-1.7639867818490937,97.75928423380394
Laser2.png,3251.0,1520.1744384765625,2.809975203840645,-1.7638749335872894,97.76002858441296
Laser2.png,3252.0,1520.1339111328125,2.8143877873627092,-1.7640645766192025,97.76060849112665
Laser2.png,3253.0,1519.9285888671875,2.81878925825034,-1.764975858765831,97.76079486713685
Laser2.png,3254.0,1519.9124755859375,2.8232036127651945,-1.7650585805347958,97.76143310037739
Laser2.png,3255.0,1520.029296875,2.827627392621023,-1.7645590474516077,97.76238892509674
Laser2.png,3256.0,1519.5955810546875,2.8320129831699736,-1.7664705815860688,97.76202976087181
Laser2.png,3257.0,1519.5230712890625,2.836423756471295,-1.7668001725042497,97.76253340331996
Laser2.png,3258.0,1519.601318359375,2.840844851836148,-1.766469792047824,97.76339697188291
Laser2.png,3259.0,1519.2799072265625,2.845238430081741,-1.767889428027761,97.76330611785944
Laser2.png,3260.0,1519.3865966796875,2.8496618020599254,-1.767434452617086,97.76423768705419
Laser2.png,3261.0,1519.2974853515625,2.854071425908513,-1.7678367254478717,97.76470168927541
Laser2.png,3262.0,1519.20947265625,2.858481349301661,-1.7682343142064796,97.76516828105042
Laser2.png,3263.0,1519.1083984375,2.8628903989331596,-1.7686892496001037,97.76560360148855
Laser2.png,3264.0,1518.7757568359375,2.867283268399981,-1.7701581433823472,97.76548589345836
Laser2.png,3265.0,1518.62255859375,2.871688717079177,-1.770841195845753,97.76579680141303
Laser2.png,3266.0,1518.46435546875,2.8760936578620107,-1.771546251355674,97.76609568430514
Laser2.png,3267.0,1518.33984375,2.8805011817958497,-1.7721036284888627,97.76647514831585
Laser2.png,3268.0,1517.968994140625,2.884891373073837,-1.7737400482075418,97.76626606830932
Laser2.png,3269.0,1517.8206787109375,2.8892972587959607,-1.7744016595057681,97.76658868529047
Laser2.png,3270.0,1517.407958984375,2.89368447873511,-1.776221278477813,97.7662796781786
Laser2.png,3271.0,1517.2672119140625,2.8980909276212454,-1.7768499000502624,97.76662029394718
Laser2.png,3272.0,1517.0838623046875,2.902494385084387,-1.777665153903353,97.76685911555441
Laser2.png,3273.0,1516.8289794921875,2.9068927873746033,-1.7787934401932952,97.76692719518341
Laser2.png,3274.0,1516.8699951171875,2.9113122392283577,-1.778626158251332,97.7677019557427
Laser2.png,3275.0,1516.7730712890625,2.915722117575846,-1.779062940143215,97.76814726079772
Laser2.png,3276.0,1516.92578125,2.9201496676042558,-1.778406270628546,97.76918898554561
Laser2.png,3277.0,1517.42578125,2.9246021241352107,-1.7762289124025528,97.77106021633632
Laser2.png,3278.0,1518.0623779296875,2.929064711672336,-1.7734531295574107,97.77325792711942
Laser2.png,3279.0,1518.5865478515625,2.9335192595586985,-1.7711695469227124,97.77518715566082
Laser2.png,3280.0,1518.777099609375,2.9379502145053014,-1.7703471932361912,97.77631936487217
Laser2.png,3281.0,1518.947998046875,2.942379677005572,-1.7696108442106955,97.77740464724545
Laser2.png,3282.0,1519.0662841796875,2.9468056317229023,-1.7691049624135133,97.77836425554499
Laser2.png,3283.0,1519.3294677734375,2.951241939467335,-1.76796442073273,97.7796700519822
Laser2.png,3284.0,1519.40087890625,2.955664699484598,-1.767663751728622,97.78051774645003
Laser2.png,3285.0,1519.419677734375,2.960083729916243,-1.7675935693003617,97.7812397220142
Laser2.png,3286.0,1519.4327392578125,2.964502225034663,-1.767548634980849,97.78194790637984
Laser2.png,3287.0,1519.418701171875,2.9689190045297815,-1.7676221943202837,97.78259148960304
Laser2.png,3288.0,1519.353515625,2.9733321234946493,-1.76791993792248,97.783112786424
Laser2.png,3289.0,1519.282958984375,2.9777447170252906,-1.76824113060814,97.78362127034855
Laser2.png,3290.0,1519.2037353515625,2.982156906314542,-1.7686003825947483,97.78410902757507
Laser2.png,3291.0,1519.1435546875,2.9865705309605377,-1.7688761323270072,97.7846423441334
Laser2.png,3292.0,1519.1322021484375,2.9909875870290636,-1.768938158922672,97.78529223181324
Laser2.png,3293.0,1519.1595458984375,2.9954077209709213,-1.7688304674224278,97.78603474354678
Laser2.png,3294.0,1519.4168701171875,2.99984478023062,-1.7677154448548715,97.78732680078876
Laser2.png,3295.0,1519.69580078125,3.0042835407983546,-1.766505879996567,97.78867045266195
Laser2.png,3296.0,1519.9354248046875,3.008719535108629,-1.7654683564071292,97.78992026734868
Laser2.png,3297.0,1520.3731689453125,3.013170415910689,-1.7635628391609166,97.7916436593556
Laser2.png,3298.0,1520.654296875,3.0176097195149616,-1.7623434233110395,97.79299274382177
Laser2.png,3299.0,1520.9482421875,3.022050091373793,-1.7610678743875072,97.7943724708256
Laser2.png,3300.0,1521.043701171875,3.026475908967022,-1.7606617549263357,97.79527789235848
Laser2.png,3301.0,1521.2938232421875,3.0309132644303305,-1.7595780872005395,97.7965529714586
Laser2.png,3302.0,1521.3505859375,3.035336391516103,-1.7593415129004177,97.79736592277912
Laser2.png,3303.0,1521.361328125,3.039756355220172,-1.7593066143933607,97.79806888551413
Laser2.png,3304.0,1521.30322265625,3.0441710803969273,-1.7595731527345806,97.79860737367241
Laser2.png,3305.0,1521.0302734375,3.0485698428612573,-1.7607811659309158,97.79863222164778
Laser2.png,3306.0,1520.932373046875,3.052981671050594,-1.7612221537307802,97.79907554487174
Laser2.png,3307.0,1520.6572265625,3.057380293742648,-1.7624397338737139,97.79909517688264
Laser2.png,3308.0,1520.4844970703125,3.061786764167896,-1.7632086834317686,97.79935960548768
Laser2.png,3309.0,1520.0699462890625,3.066175136551612,-1.7650370662232913,97.79904601844386
Laser2.png,3310.0,1519.3817138671875,3.0705425786229643,-1.768064275461208,97.79807829447513
Laser2.png,3311.0,1518.5592041015625,3.074900206661949,-1.77167982028458,97.79678961736649
Laser2.png,3312.0,1517.890869140625,3.079268958299364,-1.774619773740851,97.7958694712248
Laser2.png,3313.0,1517.259033203125,3.0836407431161774,-1.7773998662268715,97.79503659033475
Laser2.png,3314.0,1516.994873046875,3.0880402030469747,-1.778569241661846,97.79508252445908
Laser2.png,3315.0,1516.4755859375,3.0924203827115027,-1.780856343518707,97.79451860993402
Laser2.png,3316.0,1516.32373046875,3.0968279555518206,-1.7815338611976357,97.79483285170305
Laser2.png,3317.0,1516.278076171875,3.1012439744050844,-1.7817460433508154,97.79540105253167
Laser2.png,3318.0,1516.2508544921875,3.1056614415580195,-1.7818776043342648,97.79601325042219
Laser2.png,3319.0,1516.284912109375,3.110083621033901,-1.7817407802401224,97.7967718961347
Laser2.png,3320.0,1516.345703125,3.114507906347399,-1.781486713947284,97.79759452390239
Laser2.png,3321.0,1516.555419921875,3.1189436187285056,-1.7805802382363431,97.79877314305772
Laser2.png,3322.0,1516.6204833984375,3.12336839285412,-1.7803075784248632,97.7996059417456
Laser2.png,3323.0,1516.8203125,3.127803547808305,-1.7794443604363321,97.80076098803522
Laser2.png,3324.0,1516.8172607421875,3.132223273655987,-1.7794700320626242,97.8014310276583
Laser2.png,3325.0,1516.8560791015625,3.1366462703484617,-1.7793122576159854,97.8022011747466
Laser2.png,3326.0,1517.0609130859375,3.1410820823130408,-1.778427178601551,97.80336819206556
Laser2.png,3327.0,1517.0841064453125,3.1455040366107223,-1.7783377586202262,97.80410106506432
Laser2.png,3328.0,1517.1180419921875,3.1499268813989643,-1.778201436906663,97.80485954097226
Laser2.png,3329.0,1517.641357421875,3.154387527969427,-1.77592099914689,97.80678800582324
Laser2.png,3330.0,1517.6666259765625,3.1588098955480253,-1.7758225375849022,97.80752585186825
Laser2.png,3331.0,1517.7978515625,3.1632408905822267,-1.7752597377709376,97.80851714358649
Laser2.png,3332.0,1517.7440185546875,3.1676572788645947,-1.7755078120945507,97.80906591408156
Laser2.png,3333.0,1517.536376953125,3.1720617894934664,-1.7764298513623795,97.80924691997488
Laser2.png,3334.0,1517.505615234375,3.1764800505175708,-1.776576911832664,97.80985082533952
Laser2.png,3335.0,1517.2818603515625,3.1808833610724023,-1.7775694954496972,97.80999334375315
Laser2.png,3336.0,1516.9327392578125,3.185276922719705,-1.7791113846925861,97.80983611025974
Laser2.png,3337.0,1516.50537109375,3.1896647370096396,-1.780996015268697,97.80949189734673
Laser2.png,3338.0,1516.4189453125,3.1940787715348375,-1.7813869951254515,97.8099627136188
Laser2.png,3339.0,1516.3037109375,3.1984905983800322,-1.7819040732607583,97.81036472370323
Laser2.png,3340.0,1516.242919921875,3.2029067230777803,-1.7821826760229582,97.81089687811816
Laser2.png,3341.0,1516.196044921875,3.207324353129004,-1.7824003096467185,97.81146236843561
Laser2.png,3342.0,1516.3883056640625,3.2117604394159285,-1.7815703851877096,97.81259948227077
Laser2.png,3343.0,1516.340087890625,3.2161777277415027,-1.7817937907694932,97.81316178584359
Laser2.png,3344.0,1516.682861328125,3.220626211339935,-1.7803042981095845,97.81465892804859
Laser2.png,3345.0,1517.0,3.2250724425681567,-1.7789271519408996,97.81609472362565
Laser2.png,3346.0,1517.32373046875,3.229519693926699,-1.7775209203156972,97.81754646890154
Laser2.png,3347.0,1517.81884765625,3.233980262176529,-1.7753635778523564,97.8194080875521
Laser2.png,3348.0,1518.0977783203125,3.2384242466071216,-1.7741537228152608,97.8207527053994
Laser2.png,3349.0,1518.37744140625,3.2428680489557844,-1.7729404054573195,97.82209917492119
Laser2.png,3350.0,1518.4403076171875,3.2472951270095347,-1.7726771790866531,97.82292720830768
Laser2.png,3351.0,1518.52099609375,3.2517233310005986,-1.7723358223840453,97.82379783647855
Laser2.png,3352.0,1518.546875,3.2561476175688107,-1.772234611237194,97.82453747237389
Laser2.png,3353.0,1518.5247802734375,3.260567781083524,-1.7723435981717437,97.82516234402793
Laser2.png,3354.0,1518.2857666015625,3.2649710504866203,-1.773403271071085,97.82526843022596
Laser2.png,3355.0,1518.1278076171875,3.2693804430845903,-1.7741076822661002,97.8255683518901
Laser2.png,3356.0,1517.9022216796875,3.273784814629259,-1.7751085420547923,97.82570654098497
Laser2.png,3357.0,1517.524658203125,3.278177018851943,-1.7767753581822203,97.82548126888932
Laser2.png,3358.0,1517.2655029296875,3.2825783429072684,-1.7779230855660153,97.82553924521707
Laser2.png,3359.0,1517.0809326171875,3.286986027266785,-1.778744248122882,97.82577551285458
Laser2.png,3360.0,1516.4327392578125,3.2913560607883676,-1.7815969626960941,97.82490293108098
Laser2.png,3361.0,1516.3828125,3.2957745893676034,-1.7818279752166182,97.82546129643437
Laser2.png,3362.0,1516.692138671875,3.3002221532909255,-1.7804848005813396,97.82687885355071
Laser2.png,3363.0,1516.324951171875,3.3046151875448073,-1.7821061578489197,97.82667839160626
Laser2.png,3364.0,1516.3306884765625,3.3090380091343774,-1.7820932438408177,97.82736986022306
Laser2.png,3365.0,1516.1968994140625,3.3134499557917483,-1.7826917891097065,97.82772765660734
Laser2.png,3366.0,1516.4185791015625,3.31789076814777,-1.7817327258238713,97.82893561721838
Laser2.png,3367.0,1516.5123291015625,3.3223212990041966,-1.7813342337746545,97.82983762688413
Laser2.png,3368.0,1516.6973876953125,3.3267593394812973,-1.7805355371923695,97.83095808809549
Laser2.png,3369.0,1517.0458984375,3.3312107948283596,-1.7790204931907734,97.83246956319044
Laser2.png,3370.0,1517.1026611328125,3.335638593108675,-1.7787839952150877,97.8332831959651
Laser2.png,3371.0,1517.486328125,3.3400931596423344,-1.7771149707122529,97.83487875560752
Laser2.png,3372.0,1517.6435546875,3.3445289898911263,-1.77643816470297,97.8359326947931
Laser2.png,3373.0,1517.9654541015625,3.348978768141385,-1.7750395507003593,97.83738069516343
Laser2.png,3374.0,1518.0120849609375,3.3534061025988717,-1.774847579146967,97.8381700807228
Laser2.png,3375.0,1518.0308837890625,3.3578312266692203,-1.7747774099400266,97.83889299213408
Laser2.png,3376.0,1518.028076171875,3.36225463902647,-1.7748019778865396,97.839564201504
Laser2.png,3377.0,1517.8260498046875,3.366661714045618,-1.7756995823073551,97.83975887105012
Laser2.png,3378.0,1517.76025390625,3.371080033497338,-1.7760002514044393,97.84027938429095
Laser2.png,3379.0,1517.500244140625,3.3754827364901954,-1.7771521239446648,97.84033532342174
Laser2.png,3380.0,1517.2197265625,3.379883386932059,-1.7783936811818808,97.84034225097483
Laser2.png,3381.0,1517.0513916015625,3.3842933157435042,-1.7791438714009857,97.8406174000901
Laser2.png,3382.0,1516.868408203125,3.3887020582277527,-1.7799581258946566,97.8408575821827
Laser2.png,3383.0,1516.4639892578125,3.3930924507704807,-1.7817428414810925,97.84056801669767
Laser2.png,3384.0,1516.05078125,3.3974820887694133,-1.7835659815218032,97.84025747204485
Laser2.png,3385.0,1515.8065185546875,3.401885747742742,-1.784648927089117,97.84035098273272
Laser2.png,3386.0,1515.5762939453125,3.406290587963707,-1.7856701627818545,97.84047818134546
Laser2.png,3387.0,1515.4066162109375,3.4107008537267838,-1.7864261497425167,97.8407502352892
Laser2.png,3388.0,1515.2386474609375,3.4151109219755487,-1.7871745612406633,97.84102637173237
Laser2.png,3389.0,1515.150146484375,3.4195276560557173,-1.7875749005889539,97.841492524079
Laser2.png,3390.0,1514.911376953125,3.4239318536026313,-1.7886336842418609,97.84159923672527
Laser2.png,3391.0,1514.878662109375,3.4283537023931525,-1.788789351670252,97.8421990242052
Laser2.png,3392.0,1514.8505859375,3.4327756260149376,-1.7889248101015265,97.84280979565672
Laser2.png,3393.0,1514.8460693359375,3.4371995877396966,-1.7889568744011517,97.84347701993065
Laser2.png,3394.0,1514.908935546875,3.4416296450751123,-1.7886937271356487,97.84430547142821
Laser2.png,3395.0,1515.1641845703125,3.4460756241492283,-1.7875873268606783,97.84559422762472
Laser2.png,3396.0,1515.416259765625,3.450521815855033,-1.7864949739802511,97.84687538975267
Laser2.png,3397.0,1516.0594482421875,3.455000804594609,-1.7836882167081358,97.84909245615236
Laser2.png,3398.0,1516.56884765625,3.4594690457362045,-1.7814676755876144,97.85098957567533
Laser2.png,3399.0,1516.6400146484375,3.463899966312273,-1.7811681692499224,97.85183790177155
Laser2.png,3400.0,1516.5111083984375,3.4683143650924917,-1.7817453859437111,97.85220765789715
Laser2.png,3401.0,1516.173828125,3.472710730768255,-1.7832361406096418,97.85207862164937
Laser2.png,3402.0,1516.2017822265625,3.477138509331416,-1.783125960182751,97.85282366778429
Laser2.png,3403.0,1516.02490234375,3.481548548605474,-1.783913616576834,97.85307849189023
Laser2.png,3404.0,1515.8131103515625,3.485956004416397,-1.784854135234622,97.85324992025934
Laser2.png,3405.0,1515.5777587890625,3.4903614618999605,-1.7858980653437144,97.85336489255796
Laser2.png,3406.0,1515.5167236328125,3.494781458640578,-1.786178076633035,97.85389688143978
Laser2.png,3407.0,1515.299072265625,3.4991884706577436,-1.7871444140370996,97.85405422294825
Laser2.png,3408.0,1515.30224609375,3.5036144199985366,-1.7871427231775363,97.8547400820406
Laser2.png,3409.0,1515.3148193359375,3.508040866662882,-1.787100064471189,97.85544826141886
Laser2.png,3410.0,1515.5091552734375,3.512483358955807,-1.786260619356339,97.85659153582074
Laser2.png,3411.0,1515.33642578125,3.5168943843204477,-1.787030087479374,97.85685638777606
Laser2.png,3412.0,1515.3084716796875,3.5213179003740893,-1.7871650148229254,97.85746769401743
Laser2.png,3413.0,1515.2293701171875,3.5257366957465104,-1.7875240926998588,97.85795656810532
Laser2.png,3414.0,1515.13720703125,3.5301547750126483,-1.7879403858277392,97.85841426658887
Laser2.png,3415.0,1515.0233154296875,3.5345710163782114,-1.7884519738961704,97.85881994065464
Laser2.png,3416.0,1514.8973388671875,3.5389862502230027,-1.789016445542499,97.85919674588185
Laser2.png,3417.0,1514.623779296875,3.543388726608829,-1.7902279243112371,97.85922028698974
Laser2.png,3418.0,1514.538818359375,3.5478075671077782,-1.7906128328502797,97.85969514341055
Laser2.png,3419.0,1514.2833251953125,3.5522112717191194,-1.791745089184976,97.85976188808485
Laser2.png,3420.0,1514.014892578125,3.556614220801526,-1.7929341969993875,97.85979764856197
Laser2.png,3421.0,1513.7191162109375,3.5610147957106686,-1.794242958226669,97.85976807629869
Laser2.png,3422.0,1513.4241943359375,3.565415439764921,-1.795548109264577,97.85974047487333
Laser2.png,3423.0,1513.3038330078125,3.569831319194528,-1.796088250084721,97.8601305903295
Laser2.png,3424.0,1513.16650390625,3.5742457545783144,-1.796702568463275,97.86048020791411
Laser2.png,3425.0,1512.8763427734375,3.578646844940502,-1.7979867939265741,97.86046403701128
Laser2.png,3426.0,1512.96337890625,3.5830809872050637,-1.797617741143418,97.86135062163594
Laser2.png,3427.0,1512.9227294921875,3.587504373854745,-1.7978083271563405,97.86193168820797
Laser2.png,3428.0,1512.956787109375,3.5919340077201785,-1.7976715365652058,97.8626914693397
Laser2.png,3429.0,1513.4107666015625,3.596400646809287,-1.7956940628110154,97.86445636851903
Laser2.png,3430.0,1513.7174072265625,3.6008544725987544,-1.7943622861503843,97.86586870621207
Laser2.png,3431.0,1513.8480224609375,3.6052929058212664,-1.793802046935858,97.8668597587658
Laser2.png,3432.0,1514.1810302734375,3.6097492958487782,-1.79235469738459,97.86833524311027
Laser2.png,3433.0,1514.2723388671875,3.614184821763396,-1.7919667938512434,97.86923227679921
Laser2.png,3434.0,1514.5015869140625,3.618632270422151,-1.7909742283245347,97.87045945431866
Laser2.png,3435.0,1514.3280029296875,3.623044135267258,-1.7917474281338612,97.87072241008485
Laser2.png,3436.0,1514.30615234375,3.6274698486778783,-1.7918556918349646,97.87134853329371
Laser2.png,3437.0,1514.07080078125,3.6318762872831236,-1.7928998232541127,97.87146354812606
Laser2.png,3438.0,1513.7904052734375,3.6362787299774255,-1.794141416656311,97.87147073340485
Laser2.png,3439.0,1513.63720703125,3.6406928657577318,-1.7948254705675641,97.8717824420063
Laser2.png,3440.0,1513.31689453125,3.6450917626518358,-1.796242144857831,97.87169401911132
Laser2.png,3441.0,1512.9771728515625,3.6494889205119545,-1.7977438271865276,97.87155917232951
Laser2.png,3442.0,1512.61767578125,3.6538846629874784,-1.7993323209741037,97.87137697258784
Laser2.png,3443.0,1512.4693603515625,3.6582989223327917,-1.799994911719028,97.87170035364869
Laser2.png,3444.0,1512.1673583984375,3.662699807781318,-1.801331264918562,97.87165584849645
Laser2.png,3445.0,1512.0406494140625,3.6671160440193704,-1.8018992894414863,97.87203087983018
Laser2.png,3446.0,1511.932373046875,3.671534341023544,-1.8023862809617448,97.87245022661146
Laser2.png,3447.0,1511.8681640625,3.675956266658859,-1.802680335068277,97.87297488951154
Laser2.png,3448.0,1511.8590087890625,3.6803835657555877,-1.8027329003367178,97.87363149934706
Laser2.png,3449.0,1511.901611328125,3.684815222281861,-1.8025585897342338,97.87441196483144
Laser2.png,3450.0,1512.1710205078125,3.689267781400003,-1.8013901245017243,97.87573543723836
Laser2.png,3451.0,1512.3167724609375,3.6937092932505555,-1.8007634784869384,97.87676302152377
Laser2.png,3452.0,1512.647705078125,3.6981672811411013,-1.799325112450362,97.87823387558473
Laser2.png,3453.0,1512.8306884765625,3.702612367213265,-1.7985354346268727,97.87935053044471
Laser2.png,3454.0,1512.9625244140625,3.7070529175169455,-1.7979699268733247,97.88034477116027
Laser2.png,3455.0,1513.0784912109375,3.71149211884446,-1.79747390313963,97.88130107705408
Laser2.png,3456.0,1513.1541748046875,3.7159273798239805,-1.7971544072952765,97.88216092807222
Laser2.png,3457.0,1513.1937255859375,3.720359791761647,-1.7969935763897686,97.88293419171538
Laser2.png,3458.0,1513.17822265625,3.7247872615451487,-1.797073907756995,97.88357575247767
Laser2.png,3459.0,1512.9251708984375,3.7291931167071617,-1.7981957966992808,97.88364845889465
Laser2.png,3460.0,1512.857177734375,3.7336158782328797,-1.7985064701210163,97.88416422776541
Laser2.png,3461.0,1512.5352783203125,3.7380151046005974,-1.7999301797036547,97.88407203607558
Laser2.png,3462.0,1512.3968505859375,3.7424314860048633,-1.8005495369193272,97.88441921900233
Laser2.png,3463.0,1512.2781982421875,3.746849710209396,-1.8010822534882072,97.88481372829226
Laser2.png,3464.0,1512.3536376953125,3.751285781330003,-1.8007640424986386,97.88567300707783
Laser2.png,3465.0,1512.128662109375,3.7556943304754644,-1.8017628492939004,97.88581295734464
Laser2.png,3466.0,1512.0899658203125,3.7601200260211307,-1.801945023472332,97.88639894840216
Laser2.png,3467.0,1512.217529296875,3.764561089732751,-1.8013981026796901,97.88738317685733
Laser2.png,3468.0,1512.2420654296875,3.768992740510971,-1.8013030047371366,97.88812063326752
Laser2.png,3469.0,1512.321533203125,3.7734295283697175,-1.8009670941331395,97.88898963290455
Laser2.png,3470.0,1512.442138671875,3.7778701965399635,-1.800450837558075,97.88995715113786
Laser2.png,3471.0,1512.685546875,3.7823223211362986,-1.799395888486617,97.89121892317195
Laser2.png,3472.0,1512.7945556640625,3.786762469528259,-1.7989305140886567,97.8921587346999
Laser2.png,3473.0,1512.85888671875,3.791198196640301,-1.7986608224050518,97.89299161689256
Laser2.png,3474.0,1512.7606201171875,3.7956188969061473,-1.7991042164622093,97.89343500665386
Laser2.png,3475.0,1512.777099609375,3.800050309235013,-1.799044298688097,97.89415332523633
Laser2.png,3476.0,1512.575927734375,3.804461521278382,-1.799939024195507,97.89435019810475
Laser2.png,3477.0,1512.5325927734375,3.8088878319428443,-1.8001414237597892,97.8949253030662
Laser2.png,3478.0,1512.4266357421875,3.8133079813409587,-1.8006185924888238,97.89535026975976
Laser2.png,3479.0,1512.347412109375,3.817730668835958,-1.8009784202712102,97.89583933901793
Laser2.png,3480.0,1512.055419921875,3.8221338696720872,-1.8022712349524104,97.89581883124286
Laser2.png,3481.0,1511.952880859375,3.826554440706158,-1.8027332527622069,97.89625208931567
Laser2.png,3482.0,1511.69921875,3.830960880301186,-1.803858179662492,97.89632323673034
Laser2.png,3483.0,1511.5467529296875,3.8353771936021936,-1.8045391897466119,97.89663693494892
Laser2.png,3484.0,1511.2796630859375,3.8397823998401104,-1.8057227939322509,97.89667603290619
Laser2.png,3485.0,1511.3292236328125,3.844217759452423,-1.8055179587344468,97.8974736446666
Laser2.png,3486.0,1511.12939453125,3.8486293378788687,-1.8064067701533875,97.89767378526466
Laser2.png,3487.0,1511.4393310546875,3.853088994144086,-1.805060254509052,97.89909502772726
Laser2.png,3488.0,1511.4561767578125,3.8575214824254487,-1.8049989337392,97.89981427457025
Laser2.png,3489.0,1511.6900634765625,3.8619745464540616,-1.8039858228382364,97.90105347612601
Laser2.png,3490.0,1512.1341552734375,3.8664472444427336,-1.80205083859128,97.90279624345335
Laser2.png,3491.0,1512.30224609375,3.8708943255240884,-1.8013261716850675,97.90387790964498
Laser2.png,3492.0,1512.8206787109375,3.875374358390318,-1.799065189728281,97.90579881118902
Laser2.png,3493.0,1513.318359375,3.8798529679062876,-1.796894940274639,97.90767022962577
Laser2.png,3494.0,1513.42431640625,3.8842945094273333,-1.7964428250287166,97.90860305774692
Laser2.png,3495.0,1513.5040283203125,3.888733276889716,-1.7961055370543884,97.90947311157646
Laser2.png,3496.0,1513.7015380859375,3.893183708039901,-1.795251832388456,97.91062535672607
Laser2.png,3497.0,1513.51220703125,3.8975973475589933,-1.7960946995395046,97.91085076153942
Laser2.png,3498.0,1513.3095703125,3.9020097376108396,-1.796995892464273,97.91104430525402
Laser2.png,3499.0,1513.23291015625,3.906433825290311,-1.7973443843226244,97.91153974599162
Laser2.png,3500.0,1513.1610107421875,3.910858773921225,-1.7976722964188498,97.91204649366274
Laser2.png,3501.0,1512.8651123046875,3.915262309477873,-1.7989824792989304,97.91201660769616
Laser2.png,3502.0,1512.517822265625,3.9196609139251657,-1.8005180018398974,97.91186361137935
Laser2.png,3503.0,1512.1748046875,3.924059911834104,-1.802034921981488,97.91172077604843
Laser2.png,3504.0,1511.8258056640625,3.9284583230125816,-1.8035780185245935,97.91156363754916
Laser2.png,3505.0,1511.6607666015625,3.9328744238284195,-1.8043143842456322,97.91184724777132
Laser2.png,3506.0,1511.3497314453125,3.9372761169120953,-1.8056910059083466,97.91178100401045
Laser2.png,3507.0,1511.05126953125,3.9416793862488664,-1.8070123771542068,97.91174500216809
Laser2.png,3508.0,1510.99365234375,3.9461059061433494,-1.8072776874093999,97.9122859824108
Laser2.png,3509.0,1510.916015625,3.9505305445602756,-1.8076305700867017,97.91277912440127
Laser2.png,3510.0,1510.8759765625,3.9549592285940074,-1.807818790028087,97.91336229542257
Laser2.png,3511.0,1510.6783447265625,3.959372331895093,-1.8086980014235228,97.91356788429663
Laser2.png,3512.0,1510.65087890625,3.963801955285269,-1.8088311583508956,97.91418109692344
Laser2.png,3513.0,1510.4619140625,3.968215957651612,-1.8096722818094368,97.91440750462012
Laser2.png,3514.0,1510.432373046875,3.9726454742847914,-1.809814473855183,97.91501579514569
Laser2.png,3515.0,1510.6630859375,3.9771003786796797,-1.8088151697839516,97.91624778514785
Laser2.png,3516.0,1510.61669921875,3.981528393021643,-1.8090312088998475,97.91681574822528
Laser2.png,3517.0,1510.6019287109375,3.985959910137398,-1.8091085795121096,97.91745954286505
Laser2.png,3518.0,1510.5670166015625,3.9903891524055157,-1.8092742457635869,97.91805504570858
Laser2.png,3519.0,1510.5264892578125,3.9948179011416536,-1.8094644708077536,97.91863713808073
Laser2.png,3520.0,1510.241455078125,3.999223138336471,-1.8107270706371448,97.91863335047213
Laser2.png,3521.0,1510.1400146484375,4.003645995471784,-1.8111845399392812,97.91906943192556
Laser2.png,3522.0,1509.9771728515625,4.0080628666635745,-1.8119114142855086,97.91935831467035
Laser2.png,3523.0,1509.8629150390625,4.012484905655931,-1.8124250485908069,97.91976377495631
Laser2.png,3524.0,1509.60009765625,4.016892007281208,-1.8135903386414993,97.91981310981913
Laser2.png,3525.0,1509.4600830078125,4.021311199848492,-1.8142170134576892,97.92015675472868
Laser2.png,3526.0,1509.2069091796875,4.025719639863683,-1.815340058742002,97.92022923333543
Laser2.png,3527.0,1508.9688720703125,4.030129213645052,-1.8163966583442337,97.92033796380605
Laser2.png,3528.0,1508.942626953125,4.034560079605195,-1.8165242763286398,97.9209543760738
Laser2.png,3529.0,1508.9697265625,4.038995904484707,-1.8164180658951887,97.92169851193087
Laser2.png,3530.0,1509.017333984375,4.043434192843161,-1.8162219336575518,97.92249185169548
Laser2.png,3531.0,1509.266845703125,4.047892559236416,-1.8151401152975888,97.92376917825202
Laser2.png,3532.0,1509.1124267578125,4.052310610022006,-1.8158300197412558,97.92407831620073
Laser2.png,3533.0,1509.0616455078125,4.056739348606497,-1.8160652581786592,97.92463596716699
Laser2.png,3534.0,1509.0428466796875,4.061171313163047,-1.8161603770840535,97.92527019468878
Laser2.png,3535.0,1509.0321044921875,4.065603770939413,-1.8162201042406647,97.92592371434212
Laser2.png,3536.0,1509.0418701171875,4.070038697404058,-1.8161899081917732,97.92662643947003
Laser2.png,3537.0,1508.927734375,4.074461333589204,-1.816703056621463,97.92703225597913
Laser2.png,3538.0,1509.01025390625,4.078903269309833,-1.8163537877746234,97.92790930507978
Laser2.png,3539.0,1509.323486328125,4.083368710515903,-1.8149925564989389,97.92933943258608
Laser2.png,3540.0,1509.3526611328125,4.087805863434143,-1.8148771167833164,97.93008878496518
Laser2.png,3541.0,1509.3714599609375,4.092242040956511,-1.8148073624537822,97.93081318170559
Laser2.png,3542.0,1509.769775390625,4.096716342563436,-1.8130727970266651,97.93244738063636
Laser2.png,3543.0,1509.9996337890625,4.101173885962238,-1.8120769688871088,97.93367789179683
Laser2.png,3544.0,1510.057861328125,4.10561428853983,-1.8118341849178161,97.9344968881129
Laser2.png,3545.0,1510.1075439453125,4.11005390802052,-1.8116287796577561,97.93529546862531
Laser2.png,3546.0,1510.31396484375,4.1145093851956975,-1.8107358442596262,97.9364697948393
Laser2.png,3547.0,1510.34375,4.118947157608812,-1.8106178351973352,97.93722063810489
Laser2.png,3548.0,1510.3192138671875,4.123379517089807,-1.8107380342564254,97.93784130957822
Laser2.png,3549.0,1510.1165771484375,4.127793937136777,-1.8116395056033254,97.93803501627806
Laser2.png,3550.0,1510.0919189453125,4.1322263770478145,-1.8117602539340985,97.93865540197363
Laser2.png,3551.0,1510.0738525390625,4.136659540128407,-1.8118521077676617,97.93929158773106
Laser2.png,3552.0,1510.023681640625,4.141089505601462,-1.8120848316808744,97.93985079381584
Laser2.png,3553.0,1509.9705810546875,4.14551922503733,-1.8123303809779225,97.94040299833607
Laser2.png,3554.0,1509.7752685546875,4.149934548784958,-1.8131997320316797,97.9406142844685
Laser2.png,3555.0,1509.7369384765625,4.154366222919208,-1.8133804544115946,97.94120198899486
Laser2.png,3556.0,1509.706298828125,4.158798366754421,-1.8135274051358627,97.9418081023903
Laser2.png,3557.0,1509.711181640625,4.163234182191069,-1.8135186767928297,97.94249930929
Laser2.png,3558.0,1509.6546630859375,4.167663797655989,-1.8137792310453262,97.9430433508419
Laser2.png,3559.0,1509.5718994140625,4.172091151180441,-1.8141548351283154,97.94352457651799
Laser2.png,3560.0,1509.341552734375,4.176503086751504,-1.8151780933211887,97.94365177506883
Laser2.png,3561.0,1509.2393798828125,4.18092815508723,-1.815638951273176,97.94408635886485
Laser2.png,3562.0,1509.0816650390625,4.1853479397027575,-1.816343450927191,97.94438784072486
Laser2.png,3563.0,1509.0225830078125,4.189777501615606,-1.8166152234542952,97.94492578307367
Laser2.png,3564.0,1509.1470947265625,4.19422632821974,-1.8160816719862887,97.94590395406169
Laser2.png,3565.0,1509.09765625,4.19865699766532,-1.8163111848024924,97.94646501254203
Laser2.png,3566.0,1508.8270263671875,4.20306532883489,-1.8175109315339502,97.9464958295722
Laser2.png,3567.0,1508.7418212890625,4.207492390637036,-1.8178974026448516,97.94697110989493
Laser2.png,3568.0,1508.57421875,4.211911368392448,-1.8186452759368879,97.94724891735213
Laser2.png,3569.0,1508.3875732421875,4.2163280363961215,-1.8194767737904487,97.9474809637537
Laser2.png,3570.0,1508.2218017578125,4.220747249388834,-1.8202167087303267,97.94776311771054
Laser2.png,3571.0,1508.03955078125,4.225164784474965,-1.8210288907694296,97.94800578573931
Laser2.png,3572.0,1507.4696044921875,4.2295418267229135,-1.8235420130371287,97.94731866883788
Laser2.png,3573.0,1507.302734375,4.233960959508739,-1.8242866541392153,97.94759825519102
Laser2.png,3574.0,1506.95703125,4.238361556937253,-1.8258160149955136,97.94744891276058
Laser2.png,3575.0,1506.7794189453125,4.242779604697792,-1.8266078004094468,97.94770273439156
Laser2.png,3576.0,1506.4464111328125,4.247181144471668,-1.828081533792455,97.9475837405
Laser2.png,3577.0,1506.29833984375,4.251602293553054,-1.8287438367330542,97.94790834404917
Laser2.png,3578.0,1506.0089111328125,4.256008746040429,-1.8300261382624987,97.94789404755788
Laser2.png,3579.0,1505.9178466796875,4.260435885538138,-1.8304383216174087,97.94835537954836
Laser2.png,3580.0,1505.87353515625,4.264867945500089,-1.830645529193733,97.94892876375641
Laser2.png,3581.0,1506.024658203125,4.26932048792634,-1.8299952468834635,97.94997088831514
Laser2.png,3582.0,1506.0562744140625,4.2737606203485825,-1.8298692431391783,97.95072643748505
Laser2.png,3583.0,1506.0804443359375,4.278200036482374,-1.8297761074902146,97.9514640302094
Laser2.png,3584.0,1506.0628662109375,4.282635146837767,-1.8298659241620758,97.95210162338726
Laser2.png,3585.0,1506.2335205078125,4.287090070716813,-1.8291300041454,97.9531906131264
Laser2.png,3586.0,1506.231689453125,4.29152697380744,-1.8291506447303405,97.95386604260935
Laser2.png,3587.0,1506.1680908203125,4.295957438674661,-1.8294423820934804,97.95439328487073
Laser2.png,3588.0,1506.1373291015625,4.300391405865716,-1.8295901755197796,97.95499922289937
Laser2.png,3589.0,1505.5753173828125,4.304769437663229,-1.8320685609607394,97.9543311193522
Laser2.png,3590.0,1505.39501953125,4.309187681293504,-1.8328723382890402,97.95457846033506
Laser2.png,3591.0,1505.032958984375,4.313587118923877,-1.8344734964052,97.95438995639519
Laser2.png,3592.0,1504.3607177734375,4.317953382679584,-1.8374353020580125,97.9534575606802
Laser2.png,3593.0,1504.557861328125,4.322411562257263,-1.8365833280218022,97.95461006530519
Laser2.png,3594.0,1504.513671875,4.326844285508999,-1.836789862387208,97.9551839176782
Laser2.png,3595.0,1504.6400146484375,4.331295506578917,-1.836248510901573,97.95616669421072
Laser2.png,3596.0,1504.696533203125,4.335739041951635,-1.836013279370302,97.95698207477994
Laser2.png,3597.0,1504.97998046875,4.34020676520317,-1.834782514936696,97.95834171901592
Laser2.png,3598.0,1505.197509765625,4.344667968513476,-1.8338408830763144,97.95954337092405
Laser2.png,3599.0,1505.5848388671875,4.349146993231161,-1.832154353095598,97.96115222013725
Laser2.png,3600.0,1506.08154296875,4.353638197313487,-1.8299876670006872,97.96302365294456
Laser2.png,3601.0,1506.4110107421875,4.358111356109765,-1.828554799090299,97.96449386960542
Laser2.png,3602.0,1506.9276123046875,4.36260463691951,-1.8263009029286048,97.96641297414169
Laser2.png,3603.0,1507.372314453125,4.367090779107461,-1.8243621382916912,97.96815987458301
Laser2.png,3604.0,1507.5733642578125,4.3715506247291875,-1.8234927213741083,97.96932210757784
Laser2.png,3605.0,1507.8306884765625,4.37601697854114,-1.8223761596314791,97.97061953400853
Laser2.png,3606.0,1507.626220703125,4.380433912130765,-1.8232860869146736,97.97080903857804
Laser2.png,3607.0,1507.4925537109375,4.384858093991602,-1.8238854852771473,97.97116826524662
Laser2.png,3608.0,1507.64501953125,4.389313437829387,-1.823229022994337,97.97221417873025
Laser2.png,3609.0,1507.8380126953125,4.393773235417825,-1.8223947849229405,97.97335730408327
Laser2.png,3610.0,1507.63720703125,4.398190353899802,-1.8232886586088177,97.97355555349989
Laser2.png,3611.0,1507.438232421875,4.402608053059352,-1.8241745883023348,97.97375820593736
Laser2.png,3612.0,1507.486083984375,4.407052410196999,-1.823977332844445,97.97455309472812
Laser2.png,3613.0,1507.2691650390625,4.411468238048232,-1.8249418567756102,97.97471278515505
Laser2.png,3614.0,1506.9942626953125,4.4158778076362974,-1.8261609216503696,97.97473330513193
Laser2.png,3615.0,1506.8575439453125,4.420301966908976,-1.8267737227503007,97.97508525134423
Laser2.png,3616.0,1506.75146484375,4.424729848793338,-1.8272519440659667,97.97551084318685
Laser2.png,3617.0,1506.4990234375,4.429141895105571,-1.8283723842530777,97.97558529431547
Laser2.png,3618.0,1505.8609619140625,4.433512076302976,-1.831185134452032,97.97473443388652
Laser2.png,3619.0,1505.41455078125,4.437903012588886,-1.8331567642827526,97.97434346823641
Laser2.png,3620.0,1504.6025390625,4.442254508690419,-1.8367326346547033,97.97307538325386
Laser2.png,3621.0,1504.5576171875,4.44668905213068,-1.8369426420113693,97.97364763166532
Laser2.png,3622.0,1504.3004150390625,4.451100510697115,-1.838084022174805,97.97371062256373
Laser2.png,3623.0,1504.226318359375,4.455531954363809,-1.8384219304448584,97.97421294799784
Laser2.png,3624.0,1503.9671630859375,4.459943228250312,-1.8395719887098962,97.97427119857676
Laser2.png,3625.0,1503.8983154296875,4.464375314204534,-1.839886965597301,97.97478607390751
Laser2.png,3626.0,1503.8734130859375,4.468812258334531,-1.8400090241841924,97.97540644525868
Laser2.png,3627.0,1503.922119140625,4.473257689649459,-1.839808101494986,97.97620349139255
Laser2.png,3628.0,1504.1749267578125,4.477725207628221,-1.8387115482001626,97.97749023448112
Laser2.png,3629.0,1504.307861328125,4.482179683995925,-1.838141008724288,97.97848936228769
Laser2.png,3630.0,1504.4215087890625,4.486632129741646,-1.8376551816678104,97.97944218158764
Laser2.png,3631.0,1504.7025146484375,4.491103440295919,-1.8364348184053487,97.98079673370663
Laser2.png,3632.0,1504.6339111328125,4.495536012408001,-1.8367487158686908,97.9813122703419
Laser2.png,3633.0,1504.6903076171875,4.4999824099213,-1.8365139711356768,97.98212782953871
Laser2.png,3634.0,1504.9139404296875,4.504447696699317,-1.8355453956141707,97.98334474233577
Laser2.png,3635.0,1504.953125,4.508892360375433,-1.8353861515443395,97.98411904043988
Laser2.png,3636.0,1505.0047607421875,4.513338836187449,-1.835172346458483,97.98492324265942
Laser2.png,3637.0,1504.995849609375,4.517778316834929,-1.8352242909931087,97.98558207468464
Laser2.png,3638.0,1504.9779052734375,4.522217226260419,-1.8353158025032839,97.98621933558496
Laser2.png,3639.0,1504.883056640625,4.526647295525458,-1.8357449748230088,97.9866718968859
Laser2.png,3640.0,1504.81396484375,4.5310806378364985,-1.836060875839108,97.98718646489321
Laser2.png,3641.0,1504.60888671875,4.5354989173687335,-1.8369736944759374,97.98737460790662
Laser2.png,3642.0,1504.5469970703125,4.5399327668039415,-1.837258167584083,97.98790631804638
Laser2.png,3643.0,1504.5115966796875,4.544369982829342,-1.8374262965513508,97.9885017177533
Laser2.png,3644.0,1504.2864990234375,4.548786113563833,-1.8384271136705013,97.98864174981749
Laser2.png,3645.0,1504.2744140625,4.553225647533093,-1.8384929933092409,97.98929302408767
Laser2.png,3646.0,1504.1787109375,4.557656274734727,-1.8389258081419866,97.98974369404516
Laser2.png,3647.0,1504.1337890625,4.5620926190616276,-1.839135684430315,97.99031629231717
Laser2.png,3648.0,1504.0216064453125,4.5665214869202,-1.8396409542452428,97.99072735087465
Laser2.png,3649.0,1503.78125,4.570936044313873,-1.8407086437578193,97.99083083136712
Laser2.png,3650.0,1503.689697265625,4.5753672884575725,-1.8411232282515337,97.99129149488678
Laser2.png,3651.0,1503.6112060546875,4.579800038140394,-1.841480545185201,97.9917834845811
Laser2.png,3652.0,1503.5418701171875,4.584233490822767,-1.841797756417672,97.9922973582925
Laser2.png,3653.0,1503.676513671875,4.588690284073224,-1.84121975577432,97.99330089565984
Laser2.png,3654.0,1503.6978759765625,4.593134427434476,-1.8411387722679926,97.99403262199439
Laser2.png,3655.0,1503.9146728515625,4.597600644235543,-1.8402001285260552,97.99523342738249
Laser2.png,3656.0,1504.155517578125,4.602069680593894,-1.839155945806464,97.99649197106272
Laser2.png,3657.0,1504.4010009765625,4.6065397243646515,-1.8380913203087725,97.99776176996728
Laser2.png,3658.0,1504.36328125,4.610977531061235,-1.8382695894678678,97.99835175550889
Laser2.png,3659.0,1504.61962890625,4.615448636077061,-1.837157230138865,97.99964763553261
Laser2.png,3660.0,1504.8685302734375,4.619919016099987,-1.8360775461822385,98.00092566240184
Laser2.png,3661.0,1504.8897705078125,4.624363719811591,-1.8359972407376115,98.00165710730303
Laser2.png,3662.0,1504.708984375,4.62878558495803,-1.8368035867293147,98.00190361409118
Laser2.png,3663.0,1504.5699462890625,4.633212577767684,-1.8374267178504866,98.00225039016746
Laser2.png,3664.0,1504.4512939453125,4.6376415538179945,-1.83796022978485,98.0026461315268
Laser2.png,3665.0,1503.9234619140625,4.642024397732007,-1.8402899771859433,98.00205947508854
Laser2.png,3666.0,1503.532470703125,4.646422396171966,-1.8420191005607423,98.00180127022011
Laser2.png,3667.0,1503.4388427734375,4.650854256817393,-1.842442771903558,98.00225709547999
Laser2.png,3668.0,1503.1741943359375,4.655267016013,-1.843617375579517,98.00230224909012
Laser2.png,3669.0,1503.057373046875,4.659696290220245,-1.8441429626741406,98.00270233934978
Laser2.png,3670.0,1502.8319091796875,4.6641135559225795,-1.8451453809643796,98.00284167770758
Laser2.png,3671.0,1502.8101806640625,4.668553761277857,-1.845253776821723,98.00346997187431
Laser2.png,3672.0,1502.603759765625,4.672973251312392,-1.8461727284475626,98.00365497233898
Laser2.png,3673.0,1502.4072265625,4.677393894803133,-1.8470481387634468,98.00386379188097
Laser2.png,3674.0,1502.4234619140625,4.681838589465514,-1.8469897757015061,98.00458332185622
Laser2.png,3675.0,1502.6107177734375,4.686303348768713,-1.8461808377853466,98.00571347844887
Laser2.png,3676.0,1502.41015625,4.690723649933416,-1.8470739738853907,98.00591262087306
Laser2.png,3677.0,1502.1846923828125,4.6951407319131295,-1.8480766088036946,98.00605181318141
Laser2.png,3678.0,1502.1280517578125,4.699577635164927,-1.8483380705209704,98.0065964898559
Laser2.png,3679.0,1502.08837890625,4.704016537476366,-1.8485252722415033,98.00718179505309
Laser2.png,3680.0,1502.0546875,4.70845619082302,-1.8486859148679364,98.00778163662709
Laser2.png,3681.0,1502.0028076171875,4.712893792974936,-1.8489266052239215,98.0083376991847
Laser2.png,3682.0,1501.959228515625,4.7173320386557185,-1.849130797676383,98.0089136777172
Laser2.png,3683.0,1501.986572265625,4.7217789091293305,-1.8490236610080417,98.0096600258387
Laser2.png,3684.0,1502.0,4.726224231502423,-1.8489777779372985,98.01037287699641
Laser2.png,3685.0,1502.0562744140625,4.730674589896044,-1.8487436096126884,98.01118873620362
Laser2.png,3686.0,1502.27685546875,4.735144081511378,-1.8477882715199403,98.01239911251642
Laser2.png,3687.0,1502.233154296875,4.7395829953899495,-1.847993008905328,98.01297489858729
Laser2.png,3688.0,1502.19970703125,4.744023152777581,-1.8481527542665643,98.01357530533093
Laser2.png,3689.0,1502.2489013671875,4.748472981029087,-1.8479496522140302,98.01437421519222
Laser2.png,3690.0,1502.10302734375,4.75290016020666,-1.848603079344446,98.01470457101766
Laser2.png,3691.0,1501.96044921875,4.757328125739396,-1.8492418750679511,98.01504299259766
Laser2.png,3692.0,1501.7225341796875,4.761744631339389,-1.8502991793482426,98.01515241320494
Laser2.png,3693.0,1501.3853759765625,4.766149557226953,-1.8517921537011197,98.01502349652924
Laser2.png,3694.0,1501.0404052734375,4.7705535573648445,-1.8533194567062894,98.0148757979893
Laser2.png,3695.0,1500.9381103515625,4.774986306320013,-1.8537813665755207,98.01531099927114
Laser2.png,3696.0,1500.8834228515625,4.77942429910135,-1.8540343918569475,98.01586042508437
Laser2.png,3697.0,1500.753173828125,4.7838534831778885,-1.8546191838350654,98.01622835635023
Laser2.png,3698.0,1500.8516845703125,4.788309910054535,-1.8541996504640714,98.01714579787189
Laser2.png,3699.0,1500.7835693359375,4.792746484748443,-1.854511591596738,98.01766301611127
Laser2.png,3700.0,1500.88720703125,4.797203292155582,-1.854069642737452,98.01859268691847
Laser2.png,3701.0,1500.9783935546875,4.801659084595432,-1.853682440464143,98.01949247622223
Laser2.png,3702.0,1501.0545654296875,4.806112826428771,-1.8533610076849654,98.02035623890923
Laser2.png,3703.0,1501.1175537109375,4.810565462024964,-1.8530973974015181,98.02118843591583
Laser2.png,3704.0,1500.9161376953125,4.814986611697191,-1.8539944834736422,98.02138556503051
Laser2.png,3705.0,1501.0958251953125,4.819453145640643,-1.8532187397211333,98.02249797362565
Laser2.png,3706.0,1501.09375,4.823898299274992,-1.8532408303845624,98.02317389261347
Laser2.png,3707.0,1501.7205810546875,4.828417557823444,-1.8505017431181405,98.02536044984859
Laser2.png,3708.0,1502.02685546875,4.832899420316501,-1.8491700233407165,98.02677709549783
Laser2.png,3709.0,1502.5228271484375,4.837403528962093,-1.847005466277184,98.0286493694116
Laser2.png,3710.0,1503.0836181640625,4.841915870149239,-1.8445561692750745,98.03067751572519
Laser2.png,3711.0,1503.3912353515625,4.846398332163853,-1.843218326923107,98.03209757838025
Laser2.png,3712.0,1503.7064208984375,4.85088145153113,-1.8418473686558983,98.03353572291302
Laser2.png,3713.0,1503.545654296875,4.855308441332723,-1.842566152461039,98.03383056429638
Laser2.png,3714.0,1503.181884765625,4.859711279801778,-1.844176362422791,98.03363767199386
Laser2.png,3715.0,1503.17138671875,4.864156215261203,-1.8442352647588633,98.03429357047312
Laser2.png,3716.0,1502.7596435546875,4.868553335589209,-1.8460560417498988,98.03398546676164
Laser2.png,3717.0,1502.314453125,4.872946431902619,-1.8480237470926963,98.03359696617258
Laser2.png,3718.0,1502.0516357421875,4.877361294012964,-1.8491905968844893,98.03364665516003
Laser2.png,3719.0,1501.763427734375,4.881773122184354,-1.8504689615549046,98.0336353280879
Laser2.png,3720.0,1501.6715087890625,4.886208450651089,-1.85088558253816,98.03409551797645
Laser2.png,3721.0,1501.4111328125,4.8906240010267,-1.8520417774401463,98.03415109850505
Laser2.png,3722.0,1501.174560546875,4.895042042498747,-1.8530935085558986,98.0342637827239
Laser2.png,3723.0,1501.130126953125,4.899483165231196,-1.853301577075855,98.0348381020019
Laser2.png,3724.0,1500.8660888671875,4.903897948279336,-1.8544738663199327,98.03488482542599
Laser2.png,3725.0,1500.592041015625,4.9083119003936035,-1.855690075706151,98.03490757399958
Laser2.png,3726.0,1500.5115966796875,4.912748793676744,-1.8560563021625094,98.03539536755147
Laser2.png,3727.0,1500.1695556640625,4.917154208420314,-1.8575710853472915,98.03525468551433
Laser2.png,3728.0,1499.659912109375,4.921539767335205,-1.8598216109953871,98.03471146235974
Laser2.png,3729.0,1499.303955078125,4.925943454206977,-1.8613976442942082,98.03453725742956
Laser2.png,3730.0,1499.09521484375,4.930365288823974,-1.8623270404704892,98.03471694990654
Laser2.png,3731.0,1499.1109619140625,4.93481391697942,-1.862270942106948,98.03543585900381
Laser2.png,3732.0,1498.877685546875,4.939232833800742,-1.8633082417723015,98.03555651418402
Laser2.png,3733.0,1498.8668212890625,4.943678338445069,-1.8633690805360101,98.03621144937257
Laser2.png,3734.0,1498.6044921875,4.948093782105802,-1.8645338015867672,98.03626238414937
Laser2.png,3735.0,1498.3995361328125,4.952515821709343,-1.8654467727932456,98.0364510262183
Laser2.png,3736.0,1498.4638671875,4.95697095968431,-1.865177439655926,98.03728671768212
Laser2.png,3737.0,1498.1680908203125,4.961382021554286,-1.8664891034860962,98.03725719238
Laser2.png,3738.0,1498.3157958984375,4.965847421053798,-1.8658536222717095,98.03829327045102
Laser2.png,3739.0,1498.3209228515625,4.970295546157609,-1.8658441770375076,98.03898677157541
Laser2.png,3740.0,1498.532958984375,4.97476858964959,-1.8649263727081788,98.04017731876057
Laser2.png,3741.0,1498.564697265625,4.979220113330374,-1.8647999857738176,98.04093483884454
Laser2.png,3742.0,1498.6424560546875,4.983677321746047,-1.8644717148408647,98.04180285075222
Laser2.png,3743.0,1498.7366943359375,4.988136627019661,-1.8640709620975395,98.04271054085856
Laser2.png,3744.0,1498.874267578125,4.99260131861928,-1.863479882196265,98.0437224018695
Laser2.png,3745.0,1499.258056640625,4.997095886847788,-1.861807757749943,98.0453258351051
Laser2.png,3746.0,1499.42138671875,5.001563943753487,-1.861103671284398,98.04639957336109
Laser2.png,3747.0,1499.75244140625,5.006052679610295,-1.85966300724287,98.04787643353843
Laser2.png,3748.0,1499.86279296875,5.01051444991966,-1.8591913294485647,98.048823013585
Laser2.png,3749.0,1499.8748779296875,5.0149642238577705,-1.859151288348532,98.04953338177418
