X,Y
0.0,1695.1566162109375
1.0,1695.1666259765625
2.0,1695.1971435546875
3.0,1695.1873779296875
4.0,1695.22021484375
5.0,1695.005615234375
6.0,1695.0303955078125
7.0,1694.615966796875
8.0,1694.389892578125
9.0,1694.1724853515625
10.0,1693.989013671875
11.0,1693.7926025390625
12.0,1694.2711181640625
13.0,1694.3330078125
14.0,1694.4466552734375
15.0,1694.749755859375
16.0,1695.0455322265625
17.0,1695.121826171875
18.0,1695.1448974609375
19.0,1694.9617919921875
20.0,1694.918212890625
21.0,1694.8533935546875
22.0,1694.40283203125
23.0,1694.337158203125
24.0,1694.287109375
25.0,1694.2896728515625
26.0,1694.104248046875
27.0,1694.0975341796875
28.0,1694.0557861328125
29.0,1693.773681640625
30.0,1693.79638671875
31.0,1693.3983154296875
32.0,1693.2110595703125
33.0,1693.271484375
34.0,1693.25634765625
35.0,1693.33984375
36.0,1693.7283935546875
37.0,1694.0281982421875
38.0,1694.5382080078125
39.0,1695.0615234375
40.0,1695.3756103515625
41.0,1695.825927734375
42.0,1696.0380859375
43.0,1696.1868896484375
44.0,1696.5198974609375
45.0,1696.5819091796875
46.0,1696.3824462890625
47.0,1696.3294677734375
48.0,1696.01953125
49.0,1695.88916015625
50.0,1695.7857666015625
51.0,1695.895751953125
52.0,1695.64501953125
53.0,1695.577392578125
54.0,1695.705078125
55.0,1695.797119140625
56.0,1695.75048828125
57.0,1695.7418212890625
58.0,1695.759765625
59.0,1696.0416259765625
60.0,1696.3699951171875
61.0,1696.7449951171875
62.0,1696.7706298828125
63.0,1696.8984375
64.0,1696.9029541015625
65.0,1696.6025390625
66.0,1696.3221435546875
67.0,1695.94287109375
68.0,1695.4144287109375
69.0,1695.108642578125
70.0,1694.9332275390625
71.0,1694.8310546875
72.0,1695.0943603515625
73.0,1695.248779296875
74.0,1695.9058837890625
75.0,1696.217041015625
76.0,1696.7779541015625
77.0,1697.0880126953125
78.0,1697.3603515625
79.0,1697.521240234375
80.0,1697.4422607421875
81.0,1697.447021484375
82.0,1697.2525634765625
83.0,1696.991455078125
84.0,1696.7200927734375
85.0,1696.5875244140625
86.0,1696.4765625
87.0,1696.4620361328125
88.0,1696.271728515625
89.0,1696.3153076171875
90.0,1696.4185791015625
91.0,1696.7933349609375
92.0,1696.958984375
93.0,1697.29638671875
94.0,1697.3984375
95.0,1697.630126953125
96.0,1697.600341796875
97.0,1697.477783203125
98.0,1697.3447265625
99.0,1696.9915771484375
100.0,1696.8375244140625
101.0,1696.70654296875
102.0,1696.5726318359375
103.0,1696.285888671875
104.0,1696.2303466796875
105.0,1695.97607421875
106.0,1696.1156005859375
107.0,1696.28662109375
108.0,1696.2391357421875
109.0,1696.1990966796875
110.0,1696.4095458984375
111.0,1696.4444580078125
112.0,1696.53955078125
113.0,1696.907470703125
114.0,1697.12744140625
115.0,1697.384765625
116.0,1697.633056640625
117.0,1698.1156005859375
118.0,1698.380615234375
119.0,1698.603271484375
120.0,1698.720703125
121.0,1698.7764892578125
122.0,1698.73046875
123.0,1698.6104736328125
124.0,1698.30078125
125.0,1698.1527099609375
126.0,1697.9923095703125
127.0,1697.8857421875
128.0,1697.646484375
129.0,1697.61767578125
130.0,1697.4146728515625
131.0,1697.419677734375
132.0,1697.4541015625
133.0,1697.50146484375
134.0,1697.71044921875
135.0,1697.7423095703125
136.0,1697.77880859375
137.0,1697.9573974609375
138.0,1697.9808349609375
139.0,1697.9495849609375
140.0,1697.899169921875
141.0,1697.652099609375
142.0,1697.558349609375
143.0,1697.387939453125
144.0,1697.0452880859375
145.0,1696.683349609375
146.0,1696.5155029296875
147.0,1696.4234619140625
148.0,1696.3621826171875
149.0,1696.5433349609375
150.0,1696.5980224609375
151.0,1696.6707763671875
152.0,1696.964111328125
153.0,1697.022216796875
154.0,1697.013916015625
155.0,1697.137451171875
156.0,1696.8873291015625
157.0,1696.777587890625
158.0,1696.73291015625
159.0,1696.588623046875
160.0,1696.7293701171875
161.0,1697.0538330078125
162.0,1697.235595703125
163.0,1697.3394775390625
164.0,1697.58349609375
165.0,1697.5224609375
166.0,1697.578125
167.0,1697.36669921875
168.0,1696.93505859375
169.0,1696.517578125
170.0,1696.1378173828125
171.0,1696.2900390625
172.0,1696.2979736328125
173.0,1696.392822265625
174.0,1696.55126953125
175.0,1696.6890869140625
176.0,1696.8079833984375
177.0,1696.866455078125
178.0,1696.864501953125
179.0,1697.025146484375
180.0,1696.9169921875
181.0,1696.6077880859375
182.0,1696.326904296875
183.0,1696.20947265625
184.0,1695.9969482421875
185.0,1695.83544921875
186.0,1695.9183349609375
187.0,1696.0574951171875
188.0,1696.2626953125
189.0,1696.7061767578125
190.0,1697.0166015625
191.0,1697.308349609375
192.0,1697.7996826171875
193.0,1697.8231201171875
194.0,1698.1639404296875
195.0,1698.215087890625
196.0,1698.183349609375
197.0,1697.7017822265625
198.0,1697.5728759765625
199.0,1697.43212890625
200.0,1697.30224609375
201.0,1697.4188232421875
202.0,1697.548828125
203.0,1697.5452880859375
204.0,1697.51953125
205.0,1697.6810302734375
206.0,1697.664794921875
207.0,1697.6463623046875
208.0,1697.7723388671875
209.0,1697.6031494140625
210.0,1698.0
211.0,1697.9293212890625
212.0,1698.2935791015625
213.0,1698.5269775390625
214.0,1698.91650390625
215.0,1699.258544921875
216.0,1699.246337890625
217.0,1699.4964599609375
218.0,1699.545166015625
219.0,1699.7650146484375
220.0,1699.7579345703125
221.0,1699.5789794921875
222.0,1699.704345703125
223.0,1699.653076171875
224.0,1699.5699462890625
225.0,1699.4599609375
226.0,1699.33447265625
227.0,1699.0126953125
228.0,1698.873779296875
229.0,1698.7237548828125
230.0,1698.6107177734375
231.0,1698.3431396484375
232.0,1698.065185546875
233.0,1697.94921875
234.0,1697.703125
235.0,1697.442138671875
236.0,1697.393310546875
237.0,1697.40185546875
238.0,1697.23291015625
239.0,1697.2947998046875
240.0,1697.3721923828125
241.0,1697.5185546875
242.0,1697.8511962890625
243.0,1698.0421142578125
244.0,1698.2657470703125
245.0,1698.8712158203125
246.0,1699.108154296875
247.0,1699.3079833984375
248.0,1699.474365234375
249.0,1699.7137451171875
250.0,1699.697998046875
251.0,1699.40771484375
252.0,1699.261962890625
253.0,1699.066162109375
254.0,1698.900390625
255.0,1698.7900390625
256.0,1698.5643310546875
257.0,1698.57470703125
258.0,1698.6376953125
259.0,1698.6983642578125
260.0,1698.8099365234375
261.0,1698.732666015625
262.0,1698.7939453125
263.0,1698.796875
264.0,1699.16943359375
265.0,1699.107666015625
266.0,1698.9986572265625
267.0,1698.8603515625
268.0,1698.9141845703125
269.0,1698.9566650390625
270.0,1698.81201171875
271.0,1698.693359375
272.0,1698.59033203125
273.0,1698.556884765625
274.0,1698.7958984375
275.0,1698.64208984375
276.0,1698.7281494140625
277.0,1698.850830078125
278.0,1698.927490234375
279.0,1698.98095703125
280.0,1698.9683837890625
281.0,1698.708984375
282.0,1698.572265625
283.0,1698.6146240234375
284.0,1698.29296875
285.0,1698.141357421875
286.0,1698.269775390625
287.0,1698.2764892578125
288.0,1698.528076171875
289.0,1698.6702880859375
290.0,1698.861572265625
291.0,1699.1890869140625
292.0,1699.339111328125
293.0,1699.4805908203125
294.0,1699.6766357421875
295.0,1699.7564697265625
296.0,1700.2747802734375
297.0,1700.857666015625
298.0,1701.2998046875
299.0,1701.8978271484375
300.0,1702.276611328125
301.0,1702.6903076171875
302.0,1702.811767578125
303.0,1702.7801513671875
304.0,1702.62841796875
305.0,1702.16552734375
306.0,1702.00048828125
307.0,1701.596923828125
308.0,1701.0438232421875
309.0,1700.33642578125
310.0,1700.1136474609375
311.0,1699.7662353515625
312.0,1699.684326171875
313.0,1699.465087890625
314.0,1699.4871826171875
315.0,1699.709228515625
316.0,1699.7957763671875
317.0,1700.064453125
318.0,1700.33447265625
319.0,1700.4539794921875
320.0,1700.734375
321.0,1701.0135498046875
322.0,1701.3375244140625
323.0,1701.6619873046875
324.0,1702.022705078125
325.0,1702.15478515625
326.0,1702.495849609375
327.0,1702.3699951171875
328.0,1702.21630859375
329.0,1701.821533203125
330.0,1701.560302734375
331.0,1701.2957763671875
332.0,1701.27294921875
333.0,1701.06689453125
334.0,1701.0980224609375
335.0,1701.0220947265625
336.0,1701.1129150390625
337.0,1701.2469482421875
338.0,1701.357177734375
339.0,1701.2783203125
340.0,1701.603271484375
341.0,1701.63671875
342.0,1701.6331787109375
343.0,1701.3753662109375
344.0,1701.2413330078125
345.0,1701.0838623046875
346.0,1700.88623046875
347.0,1700.5078125
348.0,1700.5281982421875
349.0,1700.4013671875
350.0,1700.3499755859375
351.0,1700.40234375
352.0,1700.739013671875
353.0,1701.1551513671875
354.0,1701.61962890625
355.0,1701.8602294921875
356.0,1702.197021484375
357.0,1702.2340087890625
358.0,1702.123779296875
359.0,1701.896728515625
360.0,1701.4598388671875
361.0,1701.3743896484375
362.0,1701.0345458984375
363.0,1700.9364013671875
364.0,1700.92822265625
365.0,1701.029052734375
366.0,1701.1143798828125
367.0,1701.22607421875
368.0,1701.3111572265625
369.0,1701.3756103515625
370.0,1701.2318115234375
371.0,1701.2701416015625
372.0,1701.4381103515625
373.0,1701.238037109375
374.0,1701.1776123046875
375.0,1700.9014892578125
376.0,1700.8106689453125
377.0,1700.6888427734375
378.0,1700.5362548828125
379.0,1700.341552734375
380.0,1700.15625
381.0,1699.783447265625
382.0,1699.5987548828125
383.0,1699.45947265625
384.0,1699.3814697265625
385.0,1699.533935546875
386.0,1699.556640625
387.0,1699.6058349609375
388.0,1699.6197509765625
389.0,1699.572509765625
390.0,1699.2989501953125
391.0,1699.1845703125
392.0,1699.135498046875
393.0,1699.135986328125
394.0,1699.309814453125
395.0,1699.72607421875
396.0,1700.0517578125
397.0,1700.5421142578125
398.0,1700.80419921875
399.0,1701.1414794921875
400.0,1701.2022705078125
401.0,1701.13671875
402.0,1700.984375
403.0,1700.5623779296875
404.0,1700.2537841796875
405.0,1699.9036865234375
406.0,1699.3763427734375
407.0,1699.0340576171875
408.0,1698.720947265625
409.0,1698.3046875
410.0,1698.173095703125
411.0,1698.34814453125
412.0,1698.376220703125
413.0,1698.4501953125
414.0,1698.7669677734375
415.0,1698.8914794921875
416.0,1699.04833984375
417.0,1699.216064453125
418.0,1699.455078125
419.0,1699.5400390625
420.0,1699.8388671875
421.0,1700.1422119140625
422.0,1700.2081298828125
423.0,1700.603759765625
424.0,1700.7100830078125
425.0,1700.79052734375
426.0,1700.76953125
427.0,1700.6820068359375
428.0,1700.7708740234375
429.0,1700.4390869140625
430.0,1700.2869873046875
431.0,1699.9100341796875
432.0,1699.7449951171875
433.0,1699.3594970703125
434.0,1699.2491455078125
435.0,1699.16650390625
436.0,1699.4263916015625
437.0,1699.9991455078125
438.0,1700.468505859375
439.0,1701.141845703125
440.0,1701.4234619140625
441.0,1702.0694580078125
442.0,1702.2457275390625
443.0,1702.5457763671875
444.0,1702.8365478515625
445.0,1702.8046875
446.0,1702.7474365234375
447.0,1702.628173828125
448.0,1702.26416015625
449.0,1702.0447998046875
450.0,1701.8387451171875
451.0,1701.18603515625
452.0,1700.75439453125
453.0,1700.3175048828125
454.0,1699.9248046875
455.0,1699.60595703125
456.0,1699.484130859375
457.0,1699.2373046875
458.0,1699.059814453125
459.0,1699.326416015625
460.0,1699.669921875
461.0,1699.898681640625
462.0,1700.3568115234375
463.0,1700.8056640625
464.0,1701.3062744140625
465.0,1701.78857421875
466.0,1701.994140625
467.0,1702.1739501953125
468.0,1702.44677734375
469.0,1702.4510498046875
470.0,1702.39013671875
471.0,1702.1038818359375
472.0,1701.9949951171875
473.0,1701.89453125
474.0,1701.8551025390625
475.0,1701.8538818359375
476.0,1701.921142578125
477.0,1702.0447998046875
478.0,1702.2181396484375
479.0,1702.606689453125
480.0,1703.0601806640625
481.0,1703.56103515625
482.0,1704.0943603515625
483.0,1704.6304931640625
484.0,1704.9788818359375
485.0,1705.523193359375
486.0,1705.763916015625
487.0,1705.9783935546875
488.0,1706.11474609375
489.0,1706.349365234375
490.0,1706.0831298828125
491.0,1705.738037109375
492.0,1705.53076171875
493.0,1705.2401123046875
494.0,1704.6409912109375
495.0,1703.8038330078125
496.0,1703.5621337890625
497.0,1703.14306640625
498.0,1702.6112060546875
499.0,1702.3594970703125
500.0,1702.3961181640625
501.0,1702.5537109375
502.0,1702.60546875
503.0,1702.725341796875
504.0,1702.6695556640625
505.0,1703.0130615234375
506.0,1703.1783447265625
507.0,1703.3837890625
508.0,1703.32177734375
509.0,1703.218017578125
510.0,1703.03564453125
511.0,1703.034423828125
512.0,1702.76806640625
513.0,1702.7039794921875
514.0,1702.5814208984375
515.0,1702.4373779296875
516.0,1702.26708984375
517.0,1701.9854736328125
518.0,1701.478271484375
519.0,1701.1488037109375
520.0,1700.6776123046875
521.0,1700.111083984375
522.0,1699.8607177734375
523.0,1700.0875244140625
524.0,1700.2181396484375
525.0,1700.430419921875
526.0,1700.6568603515625
527.0,1701.1866455078125
528.0,1701.3428955078125
529.0,1701.64697265625
530.0,1701.9488525390625
531.0,1702.2738037109375
532.0,1702.626220703125
533.0,1702.7626953125
534.0,1703.066650390625
535.0,1703.15771484375
536.0,1703.16552734375
537.0,1703.1297607421875
538.0,1703.0540771484375
539.0,1702.76611328125
540.0,1702.90869140625
541.0,1702.7054443359375
542.0,1702.7498779296875
543.0,1702.6793212890625
544.0,1703.0552978515625
545.0,1703.298828125
546.0,1703.7943115234375
547.0,1704.306396484375
548.0,1704.6357421875
549.0,1704.9765625
550.0,1705.470703125
551.0,1705.7545166015625
552.0,1705.9613037109375
553.0,1706.114990234375
554.0,1706.173583984375
555.0,1706.3094482421875
556.0,1705.959716796875
557.0,1705.6439208984375
558.0,1705.059814453125
559.0,1704.386474609375
560.0,1703.697021484375
561.0,1703.059326171875
562.0,1702.51708984375
563.0,1702.10009765625
564.0,1702.0328369140625
565.0,1702.2119140625
566.0,1702.3104248046875
567.0,1702.4658203125
568.0,1702.847412109375
569.0,1703.0478515625
570.0,1703.427001953125
571.0,1703.541015625
572.0,1703.5750732421875
573.0,1703.510498046875
574.0,1703.359375
575.0,1702.9923095703125
576.0,1702.79833984375
577.0,1702.7174072265625
578.0,1702.6959228515625
579.0,1702.7818603515625
580.0,1702.9605712890625
581.0,1703.345458984375
582.0,1703.56884765625
583.0,1703.9658203125
584.0,1704.350830078125
585.0,1704.527099609375
586.0,1704.7091064453125
587.0,1705.2567138671875
588.0,1705.40283203125
589.0,1705.690673828125
590.0,1705.7291259765625
591.0,1705.695556640625
592.0,1705.7841796875
593.0,1705.63671875
594.0,1705.251708984375
595.0,1705.0447998046875
596.0,1704.8419189453125
597.0,1704.472412109375
598.0,1704.3389892578125
599.0,1704.0548095703125
600.0,1704.2227783203125
601.0,1704.0628662109375
602.0,1704.0927734375
603.0,1704.125732421875
604.0,1704.37060546875
605.0,1704.38525390625
606.0,1704.1776123046875
607.0,1704.1192626953125
608.0,1703.850830078125
609.0,1703.56494140625
610.0,1703.485107421875
611.0,1703.199951171875
612.0,1702.88525390625
613.0,1702.751953125
614.0,1702.623046875
615.0,1702.1207275390625
616.0,1702.2369384765625
617.0,1702.177490234375
618.0,1702.16943359375
619.0,1702.1392822265625
620.0,1702.2845458984375
621.0,1702.0152587890625
622.0,1702.063232421875
623.0,1701.7242431640625
624.0,1701.3348388671875
625.0,1701.1300048828125
626.0,1700.779296875
627.0,1700.4005126953125
628.0,1700.3006591796875
629.0,1700.18603515625
630.0,1700.11181640625
631.0,1700.2467041015625
632.0,1700.2271728515625
633.0,1700.4400634765625
634.0,1700.70556640625
635.0,1700.90576171875
636.0,1700.9244384765625
637.0,1700.9752197265625
638.0,1701.0460205078125
639.0,1701.153076171875
640.0,1701.33984375
641.0,1701.6832275390625
642.0,1702.2813720703125
643.0,1702.7867431640625
644.0,1703.5166015625
645.0,1704.0147705078125
646.0,1704.4029541015625
647.0,1704.4722900390625
648.0,1704.547119140625
649.0,1704.50439453125
650.0,1704.135009765625
651.0,1703.9384765625
652.0,1703.522216796875
653.0,1703.3602294921875
654.0,1703.2454833984375
655.0,1703.4158935546875
656.0,1703.5167236328125
657.0,1704.0799560546875
658.0,1704.3797607421875
659.0,1705.1162109375
660.0,1705.6727294921875
661.0,1706.2659912109375
662.0,1706.8192138671875
663.0,1707.3577880859375
664.0,1707.467529296875
665.0,1707.684326171875
666.0,1707.812744140625
667.0,1707.8089599609375
668.0,1707.72509765625
669.0,1707.5428466796875
670.0,1707.310302734375
671.0,1707.023193359375
672.0,1706.5877685546875
673.0,1706.3734130859375
674.0,1706.0018310546875
675.0,1705.865966796875
676.0,1705.7659912109375
677.0,1705.6463623046875
678.0,1705.3304443359375
679.0,1704.983154296875
680.0,1704.7987060546875
681.0,1704.4407958984375
682.0,1704.3187255859375
683.0,1704.0875244140625
684.0,1703.85888671875
685.0,1703.9141845703125
686.0,1704.0263671875
687.0,1704.1832275390625
688.0,1704.34619140625
689.0,1704.74365234375
690.0,1705.1605224609375
691.0,1705.5606689453125
692.0,1705.777587890625
693.0,1706.105712890625
694.0,1706.184326171875
695.0,1706.3399658203125
696.0,1706.2030029296875
697.0,1706.164794921875
698.0,1705.6934814453125
699.0,1705.2418212890625
700.0,1705.239501953125
701.0,1704.9576416015625
702.0,1704.784423828125
703.0,1704.872802734375
704.0,1705.185546875
705.0,1705.142822265625
706.0,1705.2840576171875
707.0,1705.5782470703125
708.0,1705.6773681640625
709.0,1705.761474609375
710.0,1706.05908203125
711.0,1706.376953125
712.0,1706.530029296875
713.0,1706.88330078125
714.0,1707.019287109375
715.0,1707.2899169921875
716.0,1707.3006591796875
717.0,1707.0587158203125
718.0,1706.8997802734375
719.0,1706.549560546875
720.0,1706.370849609375
721.0,1706.18896484375
722.0,1705.868896484375
723.0,1705.802978515625
724.0,1705.7408447265625
725.0,1705.71826171875
726.0,1705.7857666015625
727.0,1705.7916259765625
728.0,1705.8046875
729.0,1705.804931640625
730.0,1705.848388671875
731.0,1705.8865966796875
732.0,1705.77490234375
733.0,1705.896240234375
734.0,1706.2279052734375
735.0,1706.3602294921875
736.0,1706.6893310546875
737.0,1706.838134765625
738.0,1707.0142822265625
739.0,1707.298095703125
740.0,1707.5836181640625
741.0,1707.5693359375
742.0,1707.669921875
743.0,1707.492431640625
744.0,1707.2318115234375
745.0,1706.792724609375
746.0,1706.568359375
747.0,1706.3734130859375
748.0,1706.011474609375
749.0,1706.1466064453125
750.0,1705.872802734375
751.0,1705.853759765625
752.0,1705.6334228515625
753.0,1705.629638671875
754.0,1705.666748046875
755.0,1705.70849609375
756.0,1705.592041015625
757.0,1705.67236328125
758.0,1705.7369384765625
759.0,1705.7568359375
760.0,1705.50048828125
761.0,1705.3548583984375
762.0,1705.1126708984375
763.0,1704.5968017578125
764.0,1704.2203369140625
765.0,1703.865234375
766.0,1703.6251220703125
767.0,1703.513671875
768.0,1703.5755615234375
769.0,1704.05078125
770.0,1704.6610107421875
771.0,1705.341796875
772.0,1706.0479736328125
773.0,1706.7099609375
774.0,1707.2506103515625
775.0,1707.5111083984375
776.0,1707.6295166015625
777.0,1707.47998046875
778.0,1707.4329833984375
779.0,1706.950439453125
780.0,1706.7525634765625
781.0,1706.3719482421875
782.0,1706.161376953125
783.0,1705.8236083984375
784.0,1705.701416015625
785.0,1705.44580078125
786.0,1705.6119384765625
787.0,1705.6361083984375
788.0,1705.88623046875
789.0,1706.0101318359375
790.0,1706.3465576171875
791.0,1706.7119140625
792.0,1706.868896484375
793.0,1707.2027587890625
794.0,1707.468994140625
795.0,1707.477294921875
796.0,1707.4073486328125
797.0,1707.2813720703125
798.0,1706.90625
799.0,1706.9345703125
800.0,1706.617919921875
801.0,1706.6998291015625
802.0,1706.6492919921875
803.0,1706.4205322265625
804.0,1706.3944091796875
805.0,1706.3934326171875
806.0,1706.1912841796875
807.0,1706.1903076171875
808.0,1706.0133056640625
809.0,1705.8612060546875
810.0,1705.785400390625
811.0,1705.9932861328125
812.0,1706.1905517578125
813.0,1706.574462890625
814.0,1706.8878173828125
815.0,1706.9561767578125
816.0,1707.1864013671875
817.0,1707.61865234375
818.0,1708.29052734375
819.0,1708.4141845703125
820.0,1708.4793701171875
821.0,1708.2685546875
822.0,1708.1744384765625
823.0,1707.848876953125
824.0,1707.66552734375
825.0,1707.4569091796875
826.0,1707.1160888671875
827.0,1706.9884033203125
828.0,1706.8984375
829.0,1706.634033203125
830.0,1706.566650390625
831.0,1706.71728515625
832.0,1706.6322021484375
833.0,1706.5172119140625
834.0,1706.245849609375
835.0,1706.200439453125
836.0,1706.0220947265625
837.0,1705.9180908203125
838.0,1706.0289306640625
839.0,1706.1678466796875
840.0,1706.1978759765625
841.0,1706.4130859375
842.0,1706.652099609375
843.0,1706.8958740234375
844.0,1707.282470703125
845.0,1707.6875
846.0,1708.2396240234375
847.0,1708.5191650390625
848.0,1708.7861328125
849.0,1709.0458984375
850.0,1709.3526611328125
851.0,1709.4925537109375
852.0,1709.638671875
853.0,1709.7559814453125
854.0,1709.8314208984375
855.0,1709.7939453125
856.0,1709.46630859375
857.0,1709.241455078125
858.0,1708.768798828125
859.0,1708.457763671875
860.0,1707.9610595703125
861.0,1707.702880859375
862.0,1707.544189453125
863.0,1707.430908203125
864.0,1707.4014892578125
865.0,1707.4346923828125
866.0,1707.51123046875
867.0,1707.8148193359375
868.0,1707.90478515625
869.0,1708.180908203125
870.0,1708.2615966796875
871.0,1708.3033447265625
872.0,1708.3406982421875
873.0,1708.1119384765625
874.0,1708.0921630859375
875.0,1707.5872802734375
876.0,1707.2879638671875
877.0,1706.941162109375
878.0,1706.634033203125
879.0,1706.337646484375
880.0,1706.3133544921875
881.0,1706.380859375
882.0,1706.6982421875
883.0,1706.890869140625
884.0,1707.286865234375
885.0,1707.480224609375
886.0,1707.83154296875
887.0,1707.940185546875
888.0,1708.0618896484375
889.0,1708.1348876953125
890.0,1708.1953125
891.0,1708.288330078125
892.0,1708.3729248046875
893.0,1708.4769287109375
894.0,1708.80615234375
895.0,1708.7357177734375
896.0,1709.1044921875
897.0,1709.3101806640625
898.0,1709.658447265625
899.0,1709.986572265625
900.0,1710.4022216796875
901.0,1710.580078125
902.0,1710.677490234375
903.0,1710.527587890625
904.0,1710.3851318359375
905.0,1710.269775390625
906.0,1710.1600341796875
907.0,1710.0762939453125
908.0,1709.9615478515625
909.0,1709.814208984375
910.0,1709.6016845703125
911.0,1709.141845703125
912.0,1708.8216552734375
913.0,1708.525390625
914.0,1708.0538330078125
915.0,1707.7763671875
916.0,1707.5970458984375
917.0,1707.44921875
918.0,1707.1895751953125
919.0,1707.4312744140625
920.0,1707.5233154296875
921.0,1707.9022216796875
922.0,1707.9407958984375
923.0,1708.3531494140625
924.0,1708.576171875
925.0,1708.891845703125
926.0,1708.8109130859375
927.0,1708.67041015625
928.0,1708.7196044921875
929.0,1708.616943359375
930.0,1708.7061767578125
931.0,1708.8472900390625
932.0,1708.951171875
933.0,1709.0823974609375
934.0,1709.1392822265625
935.0,1709.1156005859375
936.0,1709.0865478515625
937.0,1709.0601806640625
938.0,1709.0228271484375
939.0,1709.0379638671875
940.0,1709.3326416015625
941.0,1709.4959716796875
942.0,1709.726318359375
943.0,1709.9591064453125
944.0,1710.1802978515625
945.0,1710.3468017578125
946.0,1710.4346923828125
947.0,1710.5032958984375
948.0,1710.4847412109375
949.0,1710.4248046875
950.0,1710.5606689453125
951.0,1710.4844970703125
952.0,1710.4697265625
953.0,1710.4776611328125
954.0,1710.68505859375
955.0,1710.7716064453125
956.0,1710.862548828125
957.0,1710.9329833984375
958.0,1711.02783203125
959.0,1711.09423828125
960.0,1711.1561279296875
961.0,1711.1258544921875
962.0,1711.0496826171875
963.0,1710.8995361328125
964.0,1710.6595458984375
965.0,1710.2154541015625
966.0,1709.9268798828125
967.0,1709.459228515625
968.0,1709.329833984375
969.0,1709.043701171875
970.0,1709.0303955078125
971.0,1708.8350830078125
972.0,1708.8096923828125
973.0,1708.789794921875
974.0,1708.9432373046875
975.0,1708.94287109375
976.0,1708.9720458984375
977.0,1709.0831298828125
978.0,1709.61474609375
979.0,1709.8466796875
980.0,1710.2479248046875
981.0,1710.47802734375
982.0,1710.6595458984375
983.0,1710.928466796875
984.0,1710.9576416015625
985.0,1710.9102783203125
986.0,1710.77978515625
987.0,1710.4774169921875
988.0,1710.176025390625
989.0,1709.969482421875
990.0,1710.0347900390625
991.0,1710.1524658203125
992.0,1710.115478515625
993.0,1710.2532958984375
994.0,1710.323486328125
995.0,1710.2406005859375
996.0,1710.0843505859375
997.0,1709.7796630859375
998.0,1709.38525390625
999.0,1708.9779052734375
1000.0,1708.61962890625
1001.0,1708.3734130859375
1002.0,1708.2615966796875
1003.0,1708.4561767578125
1004.0,1708.6048583984375
1005.0,1708.80712890625
1006.0,1709.0474853515625
1007.0,1709.3619384765625
1008.0,1709.1339111328125
1009.0,1708.78759765625
1010.0,1708.503173828125
1011.0,1708.022705078125
1012.0,1707.564208984375
1013.0,1707.4111328125
1014.0,1707.5662841796875
1015.0,1707.619873046875
1016.0,1707.7196044921875
1017.0,1708.026611328125
1018.0,1708.1298828125
1019.0,1708.44384765625
1020.0,1708.77197265625
1021.0,1708.896728515625
1022.0,1709.080322265625
1023.0,1709.27978515625
1024.0,1709.490234375
1025.0,1709.718017578125
1026.0,1709.9324951171875
1027.0,1710.296630859375
1028.0,1710.4267578125
1029.0,1710.328857421875
1030.0,1710.497802734375
1031.0,1710.4471435546875
1032.0,1710.3472900390625
1033.0,1710.1962890625
1034.0,1709.8309326171875
1035.0,1709.6029052734375
1036.0,1708.9599609375
1037.0,1708.484619140625
1038.0,1708.20751953125
1039.0,1707.7821044921875
1040.0,1707.551025390625
1041.0,1707.6177978515625
1042.0,1707.5965576171875
1043.0,1707.8282470703125
1044.0,1708.02685546875
1045.0,1708.71142578125
1046.0,1709.053466796875
1047.0,1709.8668212890625
1048.0,1710.3116455078125
1049.0,1710.9488525390625
1050.0,1711.3641357421875
1051.0,1711.881591796875
1052.0,1712.2049560546875
1053.0,1712.60205078125
1054.0,1712.7576904296875
1055.0,1712.9873046875
1056.0,1712.995361328125
1057.0,1712.8797607421875
1058.0,1712.6851806640625
1059.0,1712.6524658203125
1060.0,1712.191162109375
1061.0,1711.7589111328125
1062.0,1711.744384765625
1063.0,1711.1666259765625
1064.0,1710.828125
1065.0,1710.5301513671875
1066.0,1710.1993408203125
1067.0,1710.0523681640625
1068.0,1709.857666015625
1069.0,1709.88525390625
1070.0,1709.7626953125
1071.0,1709.699951171875
1072.0,1709.7066650390625
1073.0,1709.8011474609375
1074.0,1709.9276123046875
1075.0,1710.1461181640625
1076.0,1710.1927490234375
1077.0,1710.481201171875
1078.0,1710.9617919921875
1079.0,1711.3017578125
1080.0,1711.704345703125
1081.0,1712.2672119140625
1082.0,1712.82666015625
1083.0,1713.38134765625
1084.0,1713.880859375
1085.0,1714.342041015625
1086.0,1714.73486328125
1087.0,1714.88037109375
1088.0,1715.195068359375
1089.0,1715.0506591796875
1090.0,1715.10498046875
1091.0,1714.8482666015625
1092.0,1714.52783203125
1093.0,1714.346435546875
1094.0,1713.903076171875
1095.0,1713.60498046875
1096.0,1713.1126708984375
1097.0,1712.8636474609375
1098.0,1712.712158203125
1099.0,1712.638671875
1100.0,1712.88134765625
1101.0,1713.029296875
1102.0,1713.65283203125
1103.0,1713.8673095703125
1104.0,1714.2313232421875
1105.0,1714.4693603515625
1106.0,1714.372802734375
1107.0,1713.9879150390625
1108.0,1713.7193603515625
1109.0,1713.220703125
1110.0,1712.7105712890625
1111.0,1712.28662109375
1112.0,1711.955322265625
1113.0,1711.7130126953125
1114.0,1711.531982421875
1115.0,1711.59033203125
1116.0,1711.651611328125
1117.0,1711.7216796875
1118.0,1711.767578125
1119.0,1711.768798828125
1120.0,1711.775634765625
1121.0,1711.738037109375
1122.0,1711.68798828125
1123.0,1711.795654296875
1124.0,1711.7008056640625
1125.0,1711.5491943359375
1126.0,1711.4139404296875
1127.0,1711.2764892578125
1128.0,1711.1871337890625
1129.0,1710.9432373046875
1130.0,1710.77978515625
1131.0,1711.014892578125
1132.0,1710.8868408203125
1133.0,1710.968017578125
1134.0,1711.2474365234375
1135.0,1711.282958984375
1136.0,1711.5164794921875
1137.0,1711.7315673828125
1138.0,1711.7412109375
1139.0,1711.746337890625
1140.0,1711.897705078125
1141.0,1711.76025390625
1142.0,1711.5465087890625
1143.0,1711.07421875
1144.0,1710.7857666015625
1145.0,1710.343017578125
1146.0,1710.124267578125
1147.0,1709.819091796875
1148.0,1709.638671875
1149.0,1709.761474609375
1150.0,1709.989501953125
1151.0,1710.5380859375
1152.0,1710.961669921875
1153.0,1711.624755859375
1154.0,1712.09521484375
1155.0,1712.4959716796875
1156.0,1713.0135498046875
1157.0,1713.240966796875
1158.0,1713.52001953125
1159.0,1713.7503662109375
1160.0,1713.612060546875
1161.0,1713.4219970703125
1162.0,1712.9884033203125
1163.0,1712.3544921875
1164.0,1712.107421875
1165.0,1711.4736328125
1166.0,1711.524658203125
1167.0,1711.2716064453125
1168.0,1711.543701171875
1169.0,1711.72900390625
1170.0,1712.0391845703125
1171.0,1712.4403076171875
1172.0,1713.209716796875
1173.0,1713.5897216796875
1174.0,1714.1014404296875
1175.0,1714.77490234375
1176.0,1714.93603515625
1177.0,1715.0416259765625
1178.0,1715.029296875
1179.0,1714.9256591796875
1180.0,1714.794677734375
1181.0,1714.622314453125
1182.0,1714.4521484375
1183.0,1714.4853515625
1184.0,1714.167724609375
1185.0,1714.0882568359375
1186.0,1713.800048828125
1187.0,1713.2789306640625
1188.0,1713.118408203125
1189.0,1712.632080078125
1190.0,1711.94287109375
1191.0,1711.66796875
1192.0,1711.258544921875
1193.0,1711.2337646484375
1194.0,1711.5513916015625
1195.0,1711.82568359375
1196.0,1712.389892578125
1197.0,1712.72265625
1198.0,1713.244873046875
1199.0,1713.6793212890625
1200.0,1714.028564453125
1201.0,1714.022216796875
1202.0,1713.975830078125
1203.0,1713.66748046875
1204.0,1713.3343505859375
1205.0,1713.216796875
1206.0,1713.0882568359375
1207.0,1713.0382080078125
1208.0,1712.97216796875
1209.0,1712.7679443359375
1210.0,1712.75634765625
1211.0,1712.7451171875
1212.0,1712.441162109375
1213.0,1712.0421142578125
1214.0,1711.97412109375
1215.0,1711.407470703125
1216.0,1710.760009765625
1217.0,1710.569580078125
1218.0,1710.254150390625
1219.0,1710.0830078125
1220.0,1710.1571044921875
1221.0,1710.4002685546875
1222.0,1711.0177001953125
1223.0,1711.563720703125
1224.0,1712.357421875
1225.0,1713.116455078125
1226.0,1713.8204345703125
1227.0,1714.5723876953125
1228.0,1715.0267333984375
1229.0,1715.107177734375
1230.0,1715.233642578125
1231.0,1715.071044921875
1232.0,1714.7899169921875
1233.0,1714.4871826171875
1234.0,1713.949462890625
1235.0,1713.647705078125
1236.0,1713.388671875
1237.0,1712.9984130859375
1238.0,1712.728759765625
1239.0,1712.7508544921875
1240.0,1712.8297119140625
1241.0,1712.958251953125
1242.0,1713.1126708984375
1243.0,1713.419189453125
1244.0,1713.5245361328125
1245.0,1713.5784912109375
1246.0,1713.7845458984375
1247.0,1713.7523193359375
1248.0,1713.8853759765625
1249.0,1713.8067626953125
1250.0,1713.916259765625
1251.0,1713.8626708984375
1252.0,1713.80126953125
1253.0,1713.7239990234375
1254.0,1713.6649169921875
1255.0,1713.6087646484375
1256.0,1713.3883056640625
1257.0,1713.428955078125
1258.0,1713.5264892578125
1259.0,1713.8525390625
1260.0,1713.9935302734375
1261.0,1714.1163330078125
1262.0,1714.1658935546875
1263.0,1714.170166015625
1264.0,1714.0484619140625
1265.0,1713.8946533203125
1266.0,1713.718017578125
1267.0,1713.4027099609375
1268.0,1713.3624267578125
1269.0,1713.3939208984375
1270.0,1713.3382568359375
1271.0,1713.5440673828125
1272.0,1713.785400390625
1273.0,1714.0274658203125
1274.0,1714.0738525390625
1275.0,1714.4427490234375
1276.0,1714.756591796875
1277.0,1714.8193359375
1278.0,1714.845458984375
1279.0,1715.023681640625
1280.0,1714.8172607421875
1281.0,1714.762939453125
1282.0,1714.677001953125
1283.0,1714.5594482421875
1284.0,1714.20556640625
1285.0,1713.952392578125
1286.0,1713.469970703125
1287.0,1713.1436767578125
1288.0,1712.67041015625
1289.0,1712.490966796875
1290.0,1712.3818359375
1291.0,1712.19580078125
1292.0,1712.2205810546875
1293.0,1712.259033203125
1294.0,1712.0604248046875
1295.0,1712.208984375
1296.0,1712.0972900390625
1297.0,1711.7359619140625
1298.0,1711.7288818359375
1299.0,1711.50634765625
1300.0,1711.5096435546875
1301.0,1711.3580322265625
1302.0,1711.064697265625
1303.0,1711.22021484375
1304.0,1711.168701171875
1305.0,1711.1103515625
1306.0,1710.866455078125
1307.0,1711.0032958984375
1308.0,1710.732666015625
1309.0,1710.6512451171875
1310.0,1710.135009765625
1311.0,1710.05029296875
1312.0,1710.043701171875
1313.0,1710.32421875
1314.0,1710.72216796875
1315.0,1711.275390625
1316.0,1712.08056640625
1317.0,1712.5491943359375
1318.0,1713.422607421875
1319.0,1713.939453125
1320.0,1714.57177734375
1321.0,1715.1746826171875
1322.0,1715.748046875
1323.0,1715.8690185546875
1324.0,1716.0911865234375
1325.0,1716.19091796875
1326.0,1716.208740234375
1327.0,1716.121826171875
1328.0,1715.91259765625
1329.0,1715.2391357421875
1330.0,1714.8651123046875
1331.0,1714.2880859375
1332.0,1713.509521484375
1333.0,1713.22412109375
1334.0,1713.0059814453125
1335.0,1712.8819580078125
1336.0,1713.028564453125
1337.0,1713.23388671875
1338.0,1713.2784423828125
1339.0,1713.5157470703125
1340.0,1713.756103515625
1341.0,1713.9805908203125
1342.0,1714.311767578125
1343.0,1714.706787109375
1344.0,1715.1551513671875
1345.0,1715.260009765625
1346.0,1715.556884765625
1347.0,1715.6002197265625
1348.0,1715.4197998046875
1349.0,1715.1500244140625
1350.0,1714.97216796875
1351.0,1714.5352783203125
1352.0,1714.196044921875
1353.0,1713.9464111328125
1354.0,1713.86328125
1355.0,1713.86865234375
1356.0,1714.374755859375
1357.0,1714.9041748046875
1358.0,1715.391357421875
1359.0,1716.07275390625
1360.0,1716.232666015625
1361.0,1716.5352783203125
1362.0,1716.7769775390625
1363.0,1716.7154541015625
1364.0,1716.568115234375
1365.0,1716.34228515625
1366.0,1715.8765869140625
1367.0,1715.557373046875
1368.0,1715.0518798828125
1369.0,1714.767333984375
1370.0,1714.5255126953125
1371.0,1714.3170166015625
1372.0,1713.9886474609375
1373.0,1713.8997802734375
1374.0,1713.9078369140625
1375.0,1713.976318359375
1376.0,1714.16259765625
1377.0,1714.37890625
1378.0,1714.8382568359375
1379.0,1715.0626220703125
1380.0,1715.2427978515625
1381.0,1715.3836669921875
1382.0,1715.6966552734375
1383.0,1715.8243408203125
1384.0,1716.003662109375
1385.0,1716.60791015625
1386.0,1717.018310546875
1387.0,1717.4561767578125
1388.0,1717.638671875
1389.0,1717.953857421875
1390.0,1718.2166748046875
1391.0,1718.02099609375
1392.0,1717.984375
1393.0,1718.1358642578125
1394.0,1717.8836669921875
1395.0,1717.8118896484375
1396.0,1717.5045166015625
1397.0,1717.129150390625
1398.0,1716.7177734375
1399.0,1716.4451904296875
1400.0,1715.9761962890625
1401.0,1715.625
1402.0,1715.334716796875
1403.0,1715.132080078125
1404.0,1715.170166015625
1405.0,1715.4356689453125
1406.0,1715.48779296875
1407.0,1715.5692138671875
1408.0,1715.84375
1409.0,1716.1248779296875
1410.0,1716.172119140625
1411.0,1716.5762939453125
1412.0,1716.5863037109375
1413.0,1716.54248046875
1414.0,1716.477783203125
1415.0,1716.35009765625
1416.0,1716.009765625
1417.0,1715.697509765625
1418.0,1715.63623046875
1419.0,1715.564697265625
1420.0,1715.816650390625
1421.0,1716.0172119140625
1422.0,1716.7149658203125
1423.0,1717.318359375
1424.0,1717.9931640625
1425.0,1718.830810546875
1426.0,1720.8773193359375
1427.0,1721.370361328125
1428.0,1721.5361328125
1429.0,1721.67431640625
1430.0,1721.2664794921875
1431.0,1719.802978515625
1432.0,1719.001953125
1433.0,1717.943603515625
1434.0,1717.33056640625
1435.0,1716.6651611328125
1436.0,1716.1282958984375
1437.0,1716.001220703125
1438.0,1716.1485595703125
1439.0,1716.360595703125
1440.0,1716.4307861328125
1441.0,1716.54541015625
1442.0,1716.85986328125
1443.0,1716.8076171875
1444.0,1716.8912353515625
1445.0,1717.12158203125
1446.0,1717.081787109375
1447.0,1716.968505859375
1448.0,1716.8038330078125
1449.0,1716.593505859375
1450.0,1716.359130859375
1451.0,1716.335693359375
1452.0,1716.1396484375
1453.0,1715.8345947265625
1454.0,1715.7862548828125
1455.0,1715.5675048828125
1456.0,1715.604736328125
1457.0,1715.4775390625
1458.0,1715.347412109375
1459.0,1715.5780029296875
1460.0,1715.6951904296875
1461.0,1715.85791015625
1462.0,1716.2508544921875
1463.0,1716.59033203125
1464.0,1717.0806884765625
1465.0,1717.357177734375
1466.0,1717.9368896484375
1467.0,1718.167236328125
1468.0,1718.481689453125
1469.0,1718.51806640625
1470.0,1718.1522216796875
1471.0,1717.9888916015625
1472.0,1717.677734375
1473.0,1717.382080078125
1474.0,1717.30224609375
1475.0,1717.02978515625
1476.0,1716.9432373046875
1477.0,1716.4683837890625
1478.0,1716.1939697265625
1479.0,1716.147216796875
1480.0,1715.985595703125
1481.0,1716.0377197265625
1482.0,1716.1640625
1483.0,1716.29443359375
1484.0,1716.642822265625
1485.0,1716.80224609375
1486.0,1717.389404296875
1487.0,1717.60009765625
1488.0,1718.00146484375
1489.0,1718.4395751953125
1490.0,1718.6767578125
1491.0,1718.854736328125
1492.0,1718.9281005859375
1493.0,1718.855224609375
1494.0,1718.46728515625
1495.0,1718.3868408203125
1496.0,1717.8953857421875
1497.0,1717.6778564453125
1498.0,1717.69775390625
1499.0,1717.6993408203125
1500.0,1717.595947265625
1501.0,1717.8751220703125
1502.0,1717.9383544921875
1503.0,1717.98193359375
1504.0,1718.17822265625
1505.0,1718.0545654296875
1506.0,1717.8876953125
1507.0,1717.6572265625
1508.0,1717.3592529296875
1509.0,1717.054931640625
1510.0,1716.5167236328125
1511.0,1716.0819091796875
1512.0,1715.732421875
1513.0,1715.55029296875
1514.0,1715.6414794921875
1515.0,1715.8846435546875
1516.0,1716.206787109375
1517.0,1716.7567138671875
1518.0,1717.1551513671875
1519.0,1717.990478515625
1520.0,1718.666015625
1521.0,1719.363037109375
1522.0,1719.953125
1523.0,1720.47998046875
1524.0,1720.6680908203125
1525.0,1720.9183349609375
1526.0,1720.817138671875
1527.0,1720.44970703125
1528.0,1720.01171875
1529.0,1719.791748046875
1530.0,1719.590576171875
1531.0,1719.230224609375
1532.0,1719.096435546875
1533.0,1718.7755126953125
1534.0,1718.6954345703125
1535.0,1718.5946044921875
1536.0,1718.5418701171875
1537.0,1718.4649658203125
1538.0,1718.3931884765625
1539.0,1718.0982666015625
1540.0,1718.015380859375
1541.0,1717.9354248046875
1542.0,1717.850341796875
1543.0,1717.788818359375
1544.0,1717.73388671875
1545.0,1717.7440185546875
1546.0,1717.7705078125
1547.0,1717.8226318359375
1548.0,1718.0936279296875
1549.0,1718.20166015625
1550.0,1718.357666015625
1551.0,1718.5791015625
1552.0,1718.994873046875
1553.0,1719.318115234375
1554.0,1719.62841796875
1555.0,1720.0
1556.0,1720.311767578125
1557.0,1720.72509765625
1558.0,1720.908203125
1559.0,1720.919189453125
1560.0,1721.06298828125
1561.0,1720.912109375
1562.0,1720.7132568359375
1563.0,1720.44873046875
1564.0,1720.346923828125
1565.0,1719.8377685546875
1566.0,1719.5272216796875
1567.0,1719.25537109375
1568.0,1719.02734375
1569.0,1718.888427734375
1570.0,1719.0533447265625
1571.0,1719.037841796875
1572.0,1719.32421875
1573.0,1719.212158203125
1574.0,1719.3330078125
1575.0,1719.267578125
1576.0,1719.144775390625
1577.0,1719.2005615234375
1578.0,1718.9989013671875
1579.0,1719.1558837890625
1580.0,1718.8538818359375
1581.0,1718.71875
1582.0,1718.609619140625
1583.0,1718.51123046875
1584.0,1718.298583984375
1585.0,1718.3238525390625
1586.0,1718.4503173828125
1587.0,1718.6470947265625
1588.0,1718.8961181640625
1589.0,1719.400390625
1590.0,1719.86962890625
1591.0,1720.3043212890625
1592.0,1720.5938720703125
1593.0,1720.5997314453125
1594.0,1720.632568359375
1595.0,1720.4107666015625
1596.0,1719.9146728515625
1597.0,1719.5899658203125
1598.0,1719.0672607421875
1599.0,1718.806640625
1600.0,1718.5711669921875
1601.0,1717.970947265625
1602.0,1717.792724609375
1603.0,1717.4942626953125
1604.0,1717.146728515625
1605.0,1716.8741455078125
1606.0,1716.59228515625
1607.0,1716.491455078125
1608.0,1716.11376953125
1609.0,1715.7371826171875
1610.0,1715.544189453125
1611.0,1715.3638916015625
1612.0,1715.2178955078125
1613.0,1715.127685546875
1614.0,1715.1126708984375
1615.0,1715.14794921875
1616.0,1715.0584716796875
1617.0,1715.59326171875
1618.0,1715.73779296875
1619.0,1715.861328125
1620.0,1716.37353515625
1621.0,1716.47265625
1622.0,1716.5545654296875
1623.0,1716.886474609375
1624.0,1717.018310546875
1625.0,1717.21728515625
1626.0,1717.522705078125
1627.0,1718.037353515625
1628.0,1718.4384765625
1629.0,1718.82470703125
1630.0,1719.1864013671875
1631.0,1719.4017333984375
1632.0,1719.5517578125
1633.0,1719.3411865234375
1634.0,1719.439453125
1635.0,1719.2838134765625
1636.0,1719.0966796875
1637.0,1718.884765625
1638.0,1718.6837158203125
1639.0,1718.686279296875
1640.0,1718.268310546875
1641.0,1717.919921875
1642.0,1717.773193359375
1643.0,1717.45458984375
1644.0,1717.1689453125
1645.0,1716.9168701171875
1646.0,1716.6917724609375
1647.0,1716.6551513671875
1648.0,1716.673828125
1649.0,1716.6959228515625
1650.0,1716.929443359375
1651.0,1717.2091064453125
1652.0,1717.2862548828125
1653.0,1717.7750244140625
1654.0,1717.8646240234375
1655.0,1718.1448974609375
1656.0,1718.3074951171875
1657.0,1718.6497802734375
1658.0,1718.990234375
1659.0,1718.8905029296875
1660.0,1719.1845703125
1661.0,1719.2044677734375
1662.0,1719.0052490234375
1663.0,1718.95166015625
1664.0,1718.635009765625
1665.0,1718.540771484375
1666.0,1718.4730224609375
1667.0,1718.3851318359375
1668.0,1718.2947998046875
1669.0,1718.3779296875
1670.0,1718.3031005859375
1671.0,1718.417724609375
1672.0,1718.3914794921875
1673.0,1718.4853515625
1674.0,1718.7935791015625
1675.0,1718.991943359375
1676.0,1719.316162109375
1677.0,1719.4549560546875
1678.0,1719.9622802734375
1679.0,1720.486572265625
1680.0,1720.7388916015625
1681.0,1721.146484375
1682.0,1721.307861328125
1683.0,1721.43212890625
1684.0,1721.7120361328125
1685.0,1721.9488525390625
1686.0,1721.7445068359375
1687.0,1721.89794921875
1688.0,1721.818603515625
1689.0,1721.5150146484375
1690.0,1721.4520263671875
1691.0,1721.1771240234375
1692.0,1721.101806640625
1693.0,1721.033447265625
1694.0,1720.976806640625
1695.0,1720.797119140625
1696.0,1720.8074951171875
1697.0,1720.8350830078125
1698.0,1720.8819580078125
1699.0,1720.943359375
1700.0,1721.2138671875
1701.0,1721.0909423828125
1702.0,1721.1739501953125
1703.0,1721.2813720703125
1704.0,1721.718017578125
1705.0,1721.61767578125
1706.0,1721.872314453125
1707.0,1721.89892578125
1708.0,1721.9422607421875
1709.0,1721.7757568359375
1710.0,1721.5587158203125
1711.0,1721.070068359375
1712.0,1720.7314453125
1713.0,1720.6153564453125
1714.0,1720.2818603515625
1715.0,1720.2044677734375
1716.0,1720.215087890625
1717.0,1720.3529052734375
1718.0,1720.4793701171875
1719.0,1720.9022216796875
1720.0,1721.353759765625
1721.0,1721.8173828125
1722.0,1722.2044677734375
1723.0,1722.6961669921875
1724.0,1722.968994140625
1725.0,1722.9930419921875
1726.0,1722.9705810546875
1727.0,1722.90771484375
1728.0,1722.7943115234375
1729.0,1722.677734375
1730.0,1722.3289794921875
1731.0,1722.19775390625
1732.0,1721.918701171875
1733.0,1721.9163818359375
1734.0,1721.9886474609375
1735.0,1722.13916015625
1736.0,1722.4803466796875
1737.0,1722.8817138671875
1738.0,1723.20751953125
1739.0,1723.326416015625
1740.0,1723.42138671875
1741.0,1723.489990234375
1742.0,1723.339599609375
1743.0,1723.35498046875
1744.0,1723.1124267578125
1745.0,1722.8204345703125
1746.0,1722.6661376953125
1747.0,1722.2701416015625
1748.0,1721.980712890625
1749.0,1721.6475830078125
1750.0,1721.1287841796875
1751.0,1720.778564453125
1752.0,1720.5050048828125
1753.0,1720.1328125
1754.0,1720.0830078125
1755.0,1720.103759765625
1756.0,1720.0567626953125
1757.0,1720.41357421875
1758.0,1720.3883056640625
1759.0,1720.653076171875
1760.0,1720.663330078125
1761.0,1720.8140869140625
1762.0,1720.7166748046875
1763.0,1720.5791015625
1764.0,1720.3995361328125
1765.0,1720.3963623046875
1766.0,1720.232421875
1767.0,1719.9007568359375
1768.0,1719.8369140625
1769.0,1719.7708740234375
1770.0,1719.9822998046875
1771.0,1720.027587890625
1772.0,1720.29150390625
1773.0,1720.3201904296875
1774.0,1720.3077392578125
1775.0,1720.55322265625
1776.0,1720.3045654296875
1777.0,1720.47119140625
1778.0,1720.21923828125
1779.0,1720.18408203125
1780.0,1719.9453125
1781.0,1719.88671875
1782.0,1719.634033203125
1783.0,1719.567626953125
1784.0,1719.32568359375
1785.0,1719.313720703125
1786.0,1718.9681396484375
1787.0,1718.8536376953125
1788.0,1718.849853515625
1789.0,1719.0765380859375
1790.0,1719.6280517578125
1791.0,1720.189697265625
1792.0,1720.9803466796875
1793.0,1722.0020751953125
1794.0,1722.732666015625
1795.0,1723.2064208984375
1796.0,1723.610107421875
1797.0,1723.756591796875
1798.0,1723.840087890625
1799.0,1723.857421875
1800.0,1723.84814453125
1801.0,1723.7999267578125
1802.0,1723.511474609375
1803.0,1723.444091796875
1804.0,1723.31298828125
1805.0,1723.1832275390625
1806.0,1723.0166015625
1807.0,1722.811279296875
1808.0,1722.605712890625
1809.0,1722.4481201171875
1810.0,1722.252197265625
1811.0,1722.102294921875
1812.0,1721.812744140625
1813.0,1721.7530517578125
1814.0,1721.723388671875
1815.0,1721.7186279296875
1816.0,1721.73779296875
1817.0,1721.720703125
1818.0,1721.5164794921875
1819.0,1721.677734375
1820.0,1721.6600341796875
1821.0,1721.8197021484375
1822.0,1721.857177734375
1823.0,1722.117919921875
1824.0,1722.2491455078125
1825.0,1722.6240234375
1826.0,1722.801025390625
1827.0,1722.97900390625
1828.0,1723.0413818359375
1829.0,1723.10400390625
1830.0,1723.092529296875
1831.0,1722.830810546875
1832.0,1722.755126953125
1833.0,1722.6953125
1834.0,1722.46923828125
1835.0,1722.6025390625
1836.0,1722.6317138671875
1837.0,1722.6390380859375
1838.0,1722.67138671875
1839.0,1722.6812744140625
1840.0,1722.6826171875
1841.0,1722.65283203125
1842.0,1722.4140625
1843.0,1722.1580810546875
1844.0,1722.0457763671875
1845.0,1721.933349609375
1846.0,1721.825927734375
1847.0,1721.5810546875
1848.0,1721.5601806640625
1849.0,1721.660400390625
1850.0,1721.8609619140625
1851.0,1722.3740234375
1852.0,1722.9910888671875
1853.0,1723.4835205078125
1854.0,1724.3829345703125
1855.0,1725.0592041015625
1856.0,1725.6470947265625
1857.0,1725.9752197265625
1858.0,1726.4014892578125
1859.0,1726.7025146484375
1860.0,1726.780029296875
1861.0,1726.8955078125
1862.0,1726.7757568359375
1863.0,1726.560546875
1864.0,1726.1292724609375
1865.0,1725.83349609375
1866.0,1725.564697265625
1867.0,1725.07568359375
1868.0,1724.77587890625
1869.0,1724.527099609375
1870.0,1724.1314697265625
1871.0,1723.79248046875
1872.0,1723.6954345703125
1873.0,1723.6605224609375
1874.0,1723.4713134765625
1875.0,1723.4415283203125
1876.0,1723.4261474609375
1877.0,1723.4317626953125
1878.0,1723.5953369140625
1879.0,1723.60009765625
1880.0,1723.4569091796875
1881.0,1723.4544677734375
1882.0,1723.459228515625
1883.0,1723.50048828125
1884.0,1723.5245361328125
1885.0,1723.534423828125
1886.0,1723.7857666015625
1887.0,1723.7774658203125
1888.0,1723.985107421875
1889.0,1724.1356201171875
1890.0,1723.964599609375
1891.0,1723.7298583984375
1892.0,1723.2149658203125
1893.0,1722.6531982421875
1894.0,1722.3494873046875
1895.0,1721.9227294921875
1896.0,1721.85693359375
1897.0,1722.330322265625
1898.0,1722.4732666015625
1899.0,1722.970703125
1900.0,1723.2210693359375
1901.0,1723.641357421875
1902.0,1723.8785400390625
1903.0,1724.0703125
1904.0,1724.0543212890625
1905.0,1724.22802734375
1906.0,1724.201171875
1907.0,1724.5330810546875
1908.0,1724.464599609375
1909.0,1724.34912109375
1910.0,1724.59228515625
1911.0,1724.6004638671875
1912.0,1724.592041015625
1913.0,1724.58740234375
1914.0,1724.61767578125
1915.0,1724.879638671875
1916.0,1724.9251708984375
1917.0,1724.717529296875
1918.0,1724.927490234375
1919.0,1724.827392578125
1920.0,1724.7130126953125
1921.0,1724.33935546875
1922.0,1724.2965087890625
1923.0,1724.1051025390625
1924.0,1723.898193359375
1925.0,1723.7486572265625
1926.0,1723.6629638671875
1927.0,1723.73681640625
1928.0,1724.105224609375
1929.0,1724.42529296875
1930.0,1725.271240234375
1931.0,1725.86572265625
1932.0,1726.5042724609375
1933.0,1727.249755859375
1934.0,1727.800048828125
1935.0,1728.1279296875
1936.0,1728.33349609375
1937.0,1728.204345703125
1938.0,1728.1334228515625
1939.0,1727.98095703125
1940.0,1727.647705078125
1941.0,1727.4984130859375
1942.0,1727.306640625
1943.0,1726.965576171875
1944.0,1727.03076171875
1945.0,1726.873291015625
1946.0,1726.5302734375
1947.0,1726.4239501953125
1948.0,1726.3385009765625
1949.0,1726.084716796875
1950.0,1726.3326416015625
1951.0,1726.388916015625
1952.0,1726.485107421875
1953.0,1726.887939453125
1954.0,1727.012939453125
1955.0,1727.59375
1956.0,1727.7010498046875
1957.0,1727.9774169921875
1958.0,1727.984375
1959.0,1728.0032958984375
1960.0,1727.955078125
1961.0,1728.1102294921875
1962.0,1727.79833984375
1963.0,1727.6611328125
1964.0,1727.2249755859375
1965.0,1726.753662109375
1966.0,1726.213134765625
1967.0,1725.6844482421875
1968.0,1725.048583984375
1969.0,1724.4989013671875
1970.0,1724.4757080078125
1971.0,1724.7291259765625
1972.0,1725.04736328125
1973.0,1725.4044189453125
1974.0,1725.789794921875
1975.0,1726.17578125
1976.0,1726.3607177734375
1977.0,1726.5328369140625
1978.0,1726.6785888671875
1979.0,1726.7947998046875
1980.0,1726.887939453125
1981.0,1727.011474609375
1982.0,1727.1229248046875
1983.0,1727.2388916015625
1984.0,1727.591064453125
1985.0,1727.7711181640625
1986.0,1728.171875
1987.0,1728.7445068359375
1988.0,1728.9046630859375
1989.0,1729.240478515625
1990.0,1729.481689453125
1991.0,1729.4967041015625
1992.0,1729.2154541015625
1993.0,1728.849609375
1994.0,1727.7247314453125
1995.0,1727.371337890625
1996.0,1726.830810546875
1997.0,1726.54248046875
1998.0,1726.352294921875
1999.0,1726.2642822265625
2000.0,1726.4417724609375
2001.0,1726.610595703125
2002.0,1726.6241455078125
2003.0,1726.6669921875
2004.0,1726.6630859375
2005.0,1726.4642333984375
2006.0,1726.4454345703125
2007.0,1726.46826171875
2008.0,1726.502197265625
2009.0,1726.3907470703125
2010.0,1726.7012939453125
2011.0,1726.8800048828125
2012.0,1727.2442626953125
2013.0,1727.3480224609375
2014.0,1727.6434326171875
2015.0,1727.42578125
2016.0,1727.3211669921875
2017.0,1727.1029052734375
2018.0,1726.8341064453125
2019.0,1726.432861328125
2020.0,1726.21728515625
2021.0,1725.90625
2022.0,1726.0240478515625
2023.0,1726.0291748046875
2024.0,1726.017822265625
2025.0,1726.01953125
2026.0,1726.2105712890625
2027.0,1726.2464599609375
2028.0,1726.4398193359375
2029.0,1726.255615234375
2030.0,1726.513916015625
2031.0,1726.557373046875
2032.0,1726.6683349609375
2033.0,1726.8065185546875
2034.0,1726.8348388671875
2035.0,1727.11767578125
2036.0,1727.267333984375
2037.0,1727.3687744140625
2038.0,1727.4068603515625
2039.0,1727.307373046875
2040.0,1727.13232421875
2041.0,1726.765380859375
2042.0,1726.5472412109375
2043.0,1726.7904052734375
2044.0,1726.7333984375
2045.0,1726.681640625
2046.0,1726.675537109375
2047.0,1726.66162109375
2048.0,1726.6737060546875
2049.0,1726.70068359375
2050.0,1726.5457763671875
2051.0,1726.6224365234375
2052.0,1726.7501220703125
2053.0,1726.6793212890625
2054.0,1726.8114013671875
2055.0,1726.9384765625
2056.0,1727.00830078125
2057.0,1727.058349609375
2058.0,1727.1064453125
2059.0,1727.1448974609375
2060.0,1727.185546875
2061.0,1727.18408203125
2062.0,1727.1685791015625
2063.0,1727.178466796875
2064.0,1727.1641845703125
2065.0,1727.1898193359375
2066.0,1727.2584228515625
2067.0,1727.4102783203125
2068.0,1727.798828125
2069.0,1728.0751953125
2070.0,1728.554931640625
2071.0,1728.7353515625
2072.0,1729.0396728515625
2073.0,1729.2454833984375
2074.0,1729.1610107421875
2075.0,1729.0615234375
2076.0,1728.951171875
2077.0,1728.8123779296875
2078.0,1728.6767578125
2079.0,1728.489501953125
2080.0,1728.1474609375
2081.0,1727.8260498046875
2082.0,1727.479736328125
2083.0,1727.325439453125
2084.0,1727.2091064453125
2085.0,1726.9383544921875
2086.0,1726.9205322265625
2087.0,1727.015869140625
2088.0,1727.169921875
2089.0,1727.594482421875
2090.0,1727.7919921875
2091.0,1728.16357421875
2092.0,1728.04052734375
2093.0,1727.986083984375
2094.0,1727.84814453125
2095.0,1727.6856689453125
2096.0,1727.5157470703125
2097.0,1727.5694580078125
2098.0,1727.5277099609375
2099.0,1727.5093994140625
2100.0,1727.6759033203125
2101.0,1727.6939697265625
2102.0,1727.892578125
2103.0,1727.6697998046875
2104.0,1727.649169921875
2105.0,1727.6474609375
2106.0,1727.4168701171875
2107.0,1727.5928955078125
2108.0,1727.5240478515625
2109.0,1727.6575927734375
2110.0,1727.63720703125
2111.0,1727.8868408203125
2112.0,1728.0513916015625
2113.0,1728.516845703125
2114.0,1728.8671875
2115.0,1729.2535400390625
2116.0,1729.6494140625
2117.0,1729.9759521484375
2118.0,1730.1771240234375
2119.0,1730.2913818359375
2120.0,1730.3236083984375
2121.0,1730.089111328125
2122.0,1729.9683837890625
2123.0,1729.8057861328125
2124.0,1729.6424560546875
2125.0,1729.5091552734375
2126.0,1729.371337890625
2127.0,1729.3056640625
2128.0,1729.06640625
2129.0,1729.2313232421875
2130.0,1729.409912109375
2131.0,1729.357421875
2132.0,1729.1043701171875
2133.0,1728.96923828125
2134.0,1728.8172607421875
2135.0,1728.3756103515625
2136.0,1727.95703125
2137.0,1727.3056640625
2138.0,1727.0252685546875
2139.0,1726.589111328125
2140.0,1726.3348388671875
2141.0,1725.9622802734375
2142.0,1725.82177734375
2143.0,1725.7410888671875
2144.0,1725.7359619140625
2145.0,1725.7779541015625
2146.0,1725.8690185546875
2147.0,1725.7974853515625
2148.0,1726.100341796875
2149.0,1726.436279296875
2150.0,1726.6605224609375
2151.0,1727.1304931640625
2152.0,1727.4903564453125
2153.0,1728.06494140625
2154.0,1728.5169677734375
2155.0,1729.3760986328125
2156.0,1729.988525390625
2157.0,1730.306396484375
2158.0,1730.7333984375
2159.0,1730.8128662109375
2160.0,1730.815185546875
2161.0,1730.74072265625
2162.0,1730.6026611328125
2163.0,1730.427734375
2164.0,1730.02978515625
2165.0,1729.85400390625
2166.0,1729.5384521484375
2167.0,1729.4678955078125
2168.0,1729.4617919921875
2169.0,1729.4542236328125
2170.0,1729.2547607421875
2171.0,1729.2109375
2172.0,1729.359375
2173.0,1729.0689697265625
2174.0,1728.92333984375
2175.0,1728.8126220703125
2176.0,1728.6724853515625
2177.0,1728.712646484375
2178.0,1728.6136474609375
2179.0,1728.6790771484375
2180.0,1728.7398681640625
2181.0,1728.6292724609375
2182.0,1728.49609375
2183.0,1728.3819580078125
2184.0,1728.2418212890625
2185.0,1728.1722412109375
2186.0,1727.90673828125
2187.0,1727.9007568359375
2188.0,1727.9698486328125
2189.0,1728.09375
2190.0,1728.3182373046875
2191.0,1728.568603515625
2192.0,1728.876953125
2193.0,1729.4224853515625
2194.0,1729.9677734375
2195.0,1730.2166748046875
2196.0,1730.6676025390625
2197.0,1731.085693359375
2198.0,1731.45556640625
2199.0,1731.6080322265625
2200.0,1731.659423828125
2201.0,1731.7421875
2202.0,1731.7578125
2203.0,1731.72265625
2204.0,1731.944091796875
2205.0,1731.7359619140625
2206.0,1731.978515625
2207.0,1732.0208740234375
2208.0,1732.03173828125
2209.0,1732.06298828125
2210.0,1731.8524169921875
2211.0,1731.7728271484375
2212.0,1731.4395751953125
2213.0,1731.0599365234375
2214.0,1730.8858642578125
2215.0,1730.4698486328125
2216.0,1730.1087646484375
2217.0,1730.1796875
2218.0,1730.1256103515625
2219.0,1730.326416015625
2220.0,1730.3984375
2221.0,1730.48828125
2222.0,1730.5543212890625
2223.0,1730.637451171875
2224.0,1730.6436767578125
2225.0,1730.699951171875
2226.0,1730.920166015625
2227.0,1730.94970703125
2228.0,1730.974853515625
2229.0,1730.8973388671875
2230.0,1730.7744140625
2231.0,1730.59912109375
2232.0,1730.3983154296875
2233.0,1730.03564453125
2234.0,1729.690673828125
2235.0,1729.580322265625
2236.0,1729.5419921875
2237.0,1729.565673828125
2238.0,1729.6461181640625
2239.0,1730.1636962890625
2240.0,1730.1500244140625
2241.0,1730.5009765625
2242.0,1730.64501953125
2243.0,1730.9429931640625
2244.0,1730.9901123046875
2245.0,1731.0089111328125
2246.0,1731.01513671875
2247.0,1730.815185546875
2248.0,1730.8431396484375
2249.0,1730.503173828125
2250.0,1730.601806640625
2251.0,1730.3424072265625
2252.0,1730.6636962890625
2253.0,1730.7379150390625
2254.0,1730.521484375
2255.0,1730.4010009765625
2256.0,1730.191162109375
2257.0,1729.7340087890625
2258.0,1729.425048828125
2259.0,1729.322021484375
2260.0,1728.9364013671875
2261.0,1728.9737548828125
2262.0,1728.9517822265625
2263.0,1729.2161865234375
2264.0,1729.35498046875
2265.0,1729.7471923828125
2266.0,1729.9644775390625
2267.0,1730.1915283203125
2268.0,1730.1651611328125
2269.0,1730.27685546875
2270.0,1730.324462890625
2271.0,1730.3240966796875
2272.0,1730.5
2273.0,1730.4697265625
2274.0,1730.4708251953125
2275.0,1730.786865234375
2276.0,1730.7835693359375
2277.0,1730.9398193359375
2278.0,1730.9547119140625
2279.0,1730.9661865234375
2280.0,1731.04345703125
2281.0,1731.1351318359375
2282.0,1731.247802734375
2283.0,1731.35302734375
2284.0,1731.45263671875
2285.0,1731.3560791015625
2286.0,1731.3780517578125
2287.0,1731.3935546875
2288.0,1731.1705322265625
2289.0,1731.118896484375
2290.0,1731.0333251953125
2291.0,1730.785400390625
2292.0,1730.73095703125
2293.0,1730.7315673828125
2294.0,1730.939697265625
2295.0,1730.95263671875
2296.0,1730.9832763671875
2297.0,1731.2010498046875
2298.0,1731.1458740234375
2299.0,1731.309326171875
2300.0,1731.2403564453125
2301.0,1731.1734619140625
2302.0,1731.148681640625
2303.0,1731.12109375
2304.0,1731.335693359375
2305.0,1731.3243408203125
2306.0,1731.282470703125
2307.0,1731.1697998046875
2308.0,1730.8592529296875
2309.0,1730.71875
2310.0,1730.3963623046875
2311.0,1730.358642578125
2312.0,1730.37646484375
2313.0,1730.4866943359375
2314.0,1730.62353515625
2315.0,1730.974365234375
2316.0,1731.1224365234375
2317.0,1731.0302734375
2318.0,1731.2340087890625
2319.0,1731.0382080078125
2320.0,1731.034423828125
2321.0,1731.037841796875
2322.0,1731.1405029296875
2323.0,1731.302490234375
2324.0,1731.7476806640625
2325.0,1731.8983154296875
2326.0,1732.3912353515625
2327.0,1732.683349609375
2328.0,1733.1083984375
2329.0,1733.497802734375
2330.0,1733.58984375
2331.0,1733.599365234375
2332.0,1733.5010986328125
2333.0,1733.3363037109375
2334.0,1733.1253662109375
2335.0,1732.8809814453125
2336.0,1732.5252685546875
2337.0,1732.3714599609375
2338.0,1732.2974853515625
2339.0,1732.125244140625
2340.0,1732.0440673828125
2341.0,1732.3291015625
2342.0,1732.4237060546875
2343.0,1732.4945068359375
2344.0,1732.3314208984375
2345.0,1732.687255859375
2346.0,1732.3907470703125
2347.0,1732.48388671875
2348.0,1732.5179443359375
2349.0,1732.3570556640625
2350.0,1731.985107421875
2351.0,1731.9869384765625
2352.0,1731.8193359375
2353.0,1731.6251220703125
2354.0,1731.1998291015625
2355.0,1731.066162109375
2356.0,1730.72802734375
2357.0,1730.91162109375
2358.0,1730.9903564453125
2359.0,1730.9873046875
2360.0,1731.3096923828125
2361.0,1731.7598876953125
2362.0,1732.1805419921875
2363.0,1732.48388671875
2364.0,1733.0955810546875
2365.0,1733.6964111328125
2366.0,1733.9969482421875
2367.0,1734.2623291015625
2368.0,1734.6947021484375
2369.0,1734.8321533203125
2370.0,1735.1719970703125
2371.0,1735.349365234375
2372.0,1735.3575439453125
2373.0,1735.493896484375
2374.0,1735.388427734375
2375.0,1735.253662109375
2376.0,1735.119873046875
2377.0,1734.973388671875
2378.0,1734.8922119140625
2379.0,1735.054931640625
2380.0,1735.095703125
2381.0,1735.157958984375
2382.0,1735.4080810546875
2383.0,1735.4256591796875
2384.0,1735.59716796875
2385.0,1735.5084228515625
2386.0,1735.1802978515625
2387.0,1735.042236328125
2388.0,1734.875
2389.0,1734.7271728515625
2390.0,1734.60986328125
2391.0,1734.5164794921875
2392.0,1734.4837646484375
2393.0,1734.27197265625
2394.0,1734.20361328125
2395.0,1733.9466552734375
2396.0,1733.851806640625
2397.0,1733.7149658203125
2398.0,1733.6138916015625
2399.0,1733.3646240234375
2400.0,1733.5557861328125
2401.0,1733.641845703125
2402.0,1733.9486083984375
2403.0,1734.1798095703125
2404.0,1734.3968505859375
2405.0,1734.814453125
2406.0,1735.052978515625
2407.0,1735.220947265625
2408.0,1735.3106689453125
2409.0,1735.1485595703125
2410.0,1735.099853515625
2411.0,1734.831787109375
2412.0,1734.76513671875
2413.0,1734.75537109375
2414.0,1734.823486328125
2415.0,1734.9461669921875
2416.0,1735.06591796875
2417.0,1735.190185546875
2418.0,1735.2451171875
2419.0,1735.48486328125
2420.0,1735.4324951171875
2421.0,1735.5802001953125
2422.0,1735.4759521484375
2423.0,1735.547119140625
2424.0,1735.588623046875
2425.0,1735.421875
2426.0,1735.2432861328125
2427.0,1734.8524169921875
2428.0,1734.23486328125
2429.0,1733.987548828125
2430.0,1733.700927734375
2431.0,1733.21044921875
2432.0,1733.175048828125
2433.0,1732.942626953125
2434.0,1732.760009765625
2435.0,1732.6514892578125
2436.0,1732.7757568359375
2437.0,1732.859130859375
2438.0,1732.795166015625
2439.0,1733.0631103515625
2440.0,1733.36376953125
2441.0,1733.5250244140625
2442.0,1733.7132568359375
2443.0,1734.100341796875
2444.0,1734.3807373046875
2445.0,1734.6588134765625
2446.0,1734.992919921875
2447.0,1735.0438232421875
2448.0,1735.0206298828125
2449.0,1734.73583984375
2450.0,1734.596923828125
2451.0,1734.6285400390625
2452.0,1734.497802734375
2453.0,1734.2071533203125
2454.0,1734.1376953125
2455.0,1734.058349609375
2456.0,1733.8497314453125
2457.0,1733.8052978515625
2458.0,1733.693115234375
2459.0,1733.5582275390625
2460.0,1733.4246826171875
2461.0,1733.196533203125
2462.0,1732.7864990234375
2463.0,1732.5380859375
2464.0,1732.271728515625
2465.0,1732.0611572265625
2466.0,1731.7462158203125
2467.0,1731.5577392578125
2468.0,1731.656494140625
2469.0,1731.8563232421875
2470.0,1732.33203125
2471.0,1732.8546142578125
2472.0,1733.3736572265625
2473.0,1733.685791015625
2474.0,1733.946044921875
2475.0,1734.17626953125
2476.0,1734.3077392578125
2477.0,1734.3939208984375
2478.0,1734.4617919921875
2479.0,1734.729248046875
2480.0,1734.790771484375
2481.0,1735.2939453125
2482.0,1735.4302978515625
2483.0,1735.7713623046875
2484.0,1736.043212890625
2485.0,1736.082763671875
2486.0,1736.0135498046875
2487.0,1735.82275390625
2488.0,1735.3167724609375
2489.0,1734.8148193359375
2490.0,1734.2535400390625
2491.0,1733.9500732421875
2492.0,1733.7034912109375
2493.0,1733.5877685546875
2494.0,1733.6014404296875
2495.0,1733.5035400390625
2496.0,1733.9376220703125
2497.0,1734.2203369140625
2498.0,1734.699462890625
2499.0,1734.723388671875
2500.0,1735.104736328125
2501.0,1735.2003173828125
2502.0,1735.474365234375
2503.0,1735.4381103515625
2504.0,1735.3695068359375
2505.0,1735.2176513671875
2506.0,1735.0545654296875
2507.0,1735.29443359375
2508.0,1735.1729736328125
2509.0,1735.0794677734375
2510.0,1735.2945556640625
2511.0,1735.13671875
2512.0,1735.45166015625
2513.0,1735.379150390625
2514.0,1735.5234375
2515.0,1735.468017578125
2516.0,1735.457763671875
2517.0,1735.4986572265625
2518.0,1735.8546142578125
2519.0,1736.0458984375
2520.0,1736.037109375
2521.0,1736.0836181640625
2522.0,1736.0123291015625
2523.0,1735.76220703125
2524.0,1735.4442138671875
2525.0,1735.034423828125
2526.0,1734.6494140625
2527.0,1734.18798828125
2528.0,1734.0634765625
2529.0,1734.1363525390625
2530.0,1734.403564453125
2531.0,1734.9683837890625
2532.0,1735.650390625
2533.0,1736.305908203125
2534.0,1736.6568603515625
2535.0,1736.8338623046875
2536.0,1737.0416259765625
2537.0,1736.9237060546875
2538.0,1736.70458984375
2539.0,1736.272216796875
2540.0,1736.0133056640625
2541.0,1735.8009033203125
2542.0,1735.690673828125
2543.0,1735.6866455078125
2544.0,1735.7598876953125
2545.0,1736.0421142578125
2546.0,1736.1466064453125
2547.0,1736.27197265625
2548.0,1736.5321044921875
2549.0,1736.572021484375
2550.0,1736.6051025390625
2551.0,1736.5965576171875
2552.0,1736.6273193359375
2553.0,1736.446044921875
2554.0,1736.460693359375
2555.0,1736.5369873046875
2556.0,1736.4610595703125
2557.0,1736.613525390625
2558.0,1736.78076171875
2559.0,1736.937255859375
2560.0,1737.262939453125
2561.0,1737.5726318359375
2562.0,1737.7314453125
2563.0,1738.0958251953125
2564.0,1738.513671875
2565.0,1738.9949951171875
2566.0,1739.6162109375
2567.0,1739.8193359375
2568.0,1739.91650390625
2569.0,1740.107666015625
2570.0,1739.9609375
2571.0,1739.8087158203125
2572.0,1739.598388671875
2573.0,1739.2198486328125
2574.0,1738.9373779296875
2575.0,1738.900634765625
2576.0,1738.7344970703125
2577.0,1738.7457275390625
2578.0,1738.53466796875
2579.0,1738.4732666015625
2580.0,1738.3421630859375
2581.0,1738.1397705078125
2582.0,1737.8470458984375
2583.0,1737.3369140625
2584.0,1736.9481201171875
2585.0,1736.5791015625
2586.0,1736.2733154296875
2587.0,1735.868896484375
2588.0,1735.7601318359375
2589.0,1735.539794921875
2590.0,1735.4168701171875
2591.0,1735.55712890625
2592.0,1735.716796875
2593.0,1735.7086181640625
2594.0,1735.816162109375
2595.0,1735.6566162109375
2596.0,1735.431884765625
2597.0,1735.3243408203125
2598.0,1734.92431640625
2599.0,1734.498779296875
2600.0,1734.30126953125
2601.0,1733.9005126953125
2602.0,1733.7611083984375
2603.0,1733.8994140625
2604.0,1733.8348388671875
2605.0,1733.8524169921875
2606.0,1733.855224609375
2607.0,1733.80419921875
2608.0,1733.758056640625
2609.0,1733.6171875
2610.0,1733.48291015625
2611.0,1733.29443359375
2612.0,1732.9522705078125
2613.0,1732.8060302734375
2614.0,1732.9345703125
2615.0,1732.675537109375
2616.0,1732.8465576171875
2617.0,1733.0257568359375
2618.0,1733.255126953125
2619.0,1733.299560546875
2620.0,1733.58349609375
2621.0,1733.9017333984375
2622.0,1734.1185302734375
2623.0,1734.6336669921875
2624.0,1735.0638427734375
2625.0,1735.73193359375
2626.0,1736.2603759765625
2627.0,1736.7613525390625
2628.0,1737.365234375
2629.0,1737.6517333984375
2630.0,1737.7740478515625
2631.0,1737.8006591796875
2632.0,1737.708740234375
2633.0,1737.3697509765625
2634.0,1737.2222900390625
2635.0,1737.0723876953125
2636.0,1736.715576171875
2637.0,1736.56494140625
2638.0,1736.4757080078125
2639.0,1736.4156494140625
2640.0,1736.406005859375
2641.0,1736.3759765625
2642.0,1736.3656005859375
2643.0,1736.317138671875
2644.0,1736.4097900390625
2645.0,1736.3106689453125
2646.0,1736.271240234375
2647.0,1736.2353515625
2648.0,1736.093017578125
2649.0,1736.38037109375
2650.0,1736.53857421875
2651.0,1736.9638671875
2652.0,1737.17041015625
2653.0,1737.7689208984375
2654.0,1737.8870849609375
2655.0,1737.9580078125
2656.0,1737.958984375
2657.0,1737.8798828125
2658.0,1737.3145751953125
2659.0,1737.08154296875
2660.0,1736.83349609375
2661.0,1736.632080078125
2662.0,1736.667724609375
2663.0,1736.8216552734375
2664.0,1737.095458984375
2665.0,1737.4521484375
2666.0,1737.8406982421875
2667.0,1738.064453125
2668.0,1738.226318359375
2669.0,1738.355224609375
2670.0,1738.548828125
2671.0,1738.315185546875
2672.0,1738.07470703125
2673.0,1737.9552001953125
2674.0,1737.7913818359375
2675.0,1737.44140625
2676.0,1737.1336669921875
2677.0,1736.8526611328125
2678.0,1736.8465576171875
2679.0,1736.7257080078125
2680.0,1736.842041015625
2681.0,1737.20166015625
2682.0,1737.578857421875
2683.0,1737.69091796875
2684.0,1737.7244873046875
2685.0,1737.8570556640625
2686.0,1737.687255859375
2687.0,1737.26513671875
2688.0,1737.298828125
2689.0,1736.915283203125
2690.0,1736.866943359375
2691.0,1736.861328125
2692.0,1736.757080078125
2693.0,1736.8880615234375
2694.0,1737.238525390625
2695.0,1737.411865234375
2696.0,1737.596435546875
2697.0,1737.7677001953125
2698.0,1737.9464111328125
2699.0,1738.3231201171875
2700.0,1738.4298095703125
2701.0,1738.2371826171875
2702.0,1737.9586181640625
2703.0,1737.7371826171875
2704.0,1737.468994140625
2705.0,1737.1646728515625
2706.0,1736.8917236328125
2707.0,1736.524658203125
2708.0,1736.6544189453125
2709.0,1736.6954345703125
2710.0,1736.6419677734375
2711.0,1737.0003662109375
2712.0,1737.157958984375
2713.0,1737.132568359375
2714.0,1737.451904296875
2715.0,1737.5330810546875
2716.0,1737.7967529296875
2717.0,1737.607666015625
2718.0,1737.8577880859375
2719.0,1737.69921875
2720.0,1737.9906005859375
2721.0,1738.0616455078125
2722.0,1738.353271484375
2723.0,1738.4197998046875
2724.0,1738.66845703125
2725.0,1738.8529052734375
2726.0,1739.019287109375
2727.0,1738.77099609375
2728.0,1738.914794921875
2729.0,1738.9119873046875
2730.0,1738.85498046875
2731.0,1738.5819091796875
2732.0,1738.242431640625
2733.0,1737.9881591796875
2734.0,1737.6396484375
2735.0,1737.1190185546875
2736.0,1736.6405029296875
2737.0,1736.216064453125
2738.0,1736.142333984375
2739.0,1736.1680908203125
2740.0,1736.3646240234375
2741.0,1736.6217041015625
2742.0,1736.9210205078125
2743.0,1737.2515869140625
2744.0,1737.741943359375
2745.0,1738.0662841796875
2746.0,1738.424560546875
2747.0,1739.1842041015625
2748.0,1739.8118896484375
2749.0,1740.458740234375
2750.0,1741.12890625
2751.0,1741.9481201171875
2752.0,1742.494140625
2753.0,1742.7489013671875
2754.0,1743.0775146484375
2755.0,1743.312255859375
2756.0,1743.2310791015625
2757.0,1742.86669921875
2758.0,1742.4586181640625
2759.0,1742.0433349609375
2760.0,1741.806884765625
2761.0,1741.40234375
2762.0,1741.243896484375
2763.0,1741.099609375
2764.0,1740.77783203125
2765.0,1740.6295166015625
2766.0,1740.4710693359375
2767.0,1740.304443359375
2768.0,1739.9422607421875
2769.0,1740.0128173828125
2770.0,1740.041015625
2771.0,1740.376220703125
2772.0,1740.6632080078125
2773.0,1741.0240478515625
2774.0,1741.6248779296875
2775.0,1742.18359375
2776.0,1742.2969970703125
2777.0,1742.66455078125
2778.0,1742.708984375
2779.0,1742.7734375
2780.0,1742.8345947265625
2781.0,1742.7528076171875
2782.0,1742.8531494140625
2783.0,1742.490966796875
2784.0,1742.26318359375
2785.0,1741.726806640625
2786.0,1741.2010498046875
2787.0,1740.90869140625
2788.0,1740.4898681640625
2789.0,1740.3441162109375
2790.0,1740.2742919921875
2791.0,1740.2052001953125
2792.0,1740.1756591796875
2793.0,1740.079345703125
2794.0,1739.92578125
2795.0,1739.8209228515625
2796.0,1739.7005615234375
2797.0,1739.60888671875
2798.0,1739.5958251953125
2799.0,1739.8177490234375
2800.0,1740.0865478515625
2801.0,1740.18310546875
2802.0,1740.241455078125
2803.0,1740.4722900390625
2804.0,1740.44921875
2805.0,1740.3929443359375
2806.0,1740.369384765625
2807.0,1740.5133056640625
2808.0,1740.5615234375
2809.0,1740.46728515625
2810.0,1740.579345703125
2811.0,1740.86181640625
2812.0,1740.79736328125
2813.0,1740.846435546875
2814.0,1740.65625
2815.0,1740.5892333984375
2816.0,1740.099853515625
2817.0,1739.9342041015625
2818.0,1739.7901611328125
2819.0,1739.3004150390625
2820.0,1739.4554443359375
2821.0,1739.50048828125
2822.0,1739.6151123046875
2823.0,1739.995849609375
2824.0,1740.4180908203125
2825.0,1740.8162841796875
2826.0,1741.1832275390625
2827.0,1741.475341796875
2828.0,1741.500732421875
2829.0,1741.6904296875
2830.0,1741.6650390625
2831.0,1741.6884765625
2832.0,1741.682373046875
2833.0,1741.907470703125
2834.0,1741.9278564453125
2835.0,1741.7442626953125
2836.0,1741.5213623046875
2837.0,1741.418701171875
2838.0,1741.0665283203125
2839.0,1740.5030517578125
2840.0,1740.15234375
2841.0,1740.0206298828125
2842.0,1739.93603515625
2843.0,1739.893310546875
2844.0,1739.9019775390625
2845.0,1739.938720703125
2846.0,1740.1514892578125
2847.0,1740.1666259765625
2848.0,1740.213623046875
2849.0,1740.3291015625
2850.0,1740.7242431640625
2851.0,1740.974853515625
2852.0,1741.270751953125
2853.0,1741.74658203125
2854.0,1741.988037109375
2855.0,1742.3411865234375
2856.0,1742.370361328125
2857.0,1742.47900390625
2858.0,1742.2840576171875
2859.0,1741.843017578125
2860.0,1741.7449951171875
2861.0,1741.290283203125
2862.0,1741.120849609375
2863.0,1740.818115234375
2864.0,1740.74267578125
2865.0,1740.681640625
2866.0,1740.6365966796875
2867.0,1740.6171875
2868.0,1740.575927734375
2869.0,1740.5687255859375
2870.0,1740.602783203125
2871.0,1740.5029296875
2872.0,1740.7730712890625
2873.0,1740.9388427734375
2874.0,1740.94580078125
2875.0,1741.3431396484375
2876.0,1741.63671875
2877.0,1741.902587890625
2878.0,1742.20703125
2879.0,1742.6812744140625
2880.0,1742.8931884765625
2881.0,1743.0047607421875
2882.0,1743.2144775390625
2883.0,1743.080322265625
2884.0,1743.0250244140625
2885.0,1742.325439453125
2886.0,1741.967041015625
2887.0,1741.604248046875
2888.0,1741.066650390625
2889.0,1740.7540283203125
2890.0,1740.30078125
2891.0,1740.13818359375
2892.0,1739.9901123046875
2893.0,1739.8885498046875
2894.0,1740.0123291015625
2895.0,1739.995849609375
2896.0,1740.1043701171875
2897.0,1740.4229736328125
2898.0,1740.5831298828125
2899.0,1740.7564697265625
2900.0,1740.8424072265625
2901.0,1740.8514404296875
2902.0,1740.7718505859375
2903.0,1740.3857421875
2904.0,1740.14013671875
2905.0,1739.9144287109375
2906.0,1739.7254638671875
2907.0,1739.5596923828125
2908.0,1739.7421875
2909.0,1740.2857666015625
2910.0,1740.6539306640625
2911.0,1740.7838134765625
2912.0,1740.9385986328125
2913.0,1741.295166015625
2914.0,1741.174072265625
2915.0,1741.35986328125
2916.0,1741.4822998046875
2917.0,1741.5081787109375
2918.0,1741.9246826171875
2919.0,1742.02197265625
2920.0,1742.454833984375
2921.0,1742.72314453125
2922.0,1742.9715576171875
2923.0,1743.224609375
2924.0,1743.6138916015625
2925.0,1743.9566650390625
2926.0,1744.296630859375
2927.0,1744.6319580078125
2928.0,1744.813720703125
2929.0,1744.9873046875
2930.0,1745.5482177734375
2931.0,1745.5526123046875
2932.0,1745.7294921875
2933.0,1745.662353515625
2934.0,1745.553466796875
2935.0,1745.5177001953125
2936.0,1745.3995361328125
2937.0,1745.226318359375
2938.0,1744.80126953125
2939.0,1744.362548828125
2940.0,1743.937255859375
2941.0,1743.982421875
2942.0,1743.674560546875
2943.0,1743.451904296875
2944.0,1743.455810546875
2945.0,1743.4671630859375
2946.0,1743.41845703125
2947.0,1743.3516845703125
2948.0,1743.22265625
2949.0,1743.0283203125
2950.0,1742.77099609375
2951.0,1742.478271484375
2952.0,1742.2041015625
2953.0,1741.985107421875
2954.0,1741.7850341796875
2955.0,1741.468994140625
2956.0,1741.3895263671875
2957.0,1741.1480712890625
2958.0,1741.337890625
2959.0,1741.1884765625
2960.0,1741.2208251953125
2961.0,1741.34765625
2962.0,1741.5023193359375
2963.0,1741.8992919921875
2964.0,1742.1466064453125
2965.0,1742.41064453125
2966.0,1742.822998046875
2967.0,1743.2032470703125
2968.0,1743.3294677734375
2969.0,1743.801025390625
2970.0,1743.8817138671875
2971.0,1744.090576171875
2972.0,1744.2818603515625
2973.0,1744.239990234375
2974.0,1744.1605224609375
2975.0,1744.0858154296875
2976.0,1743.79296875
2977.0,1743.774169921875
2978.0,1743.552978515625
2979.0,1743.593017578125
2980.0,1743.634765625
2981.0,1743.474853515625
2982.0,1743.4952392578125
2983.0,1743.439208984375
2984.0,1743.420166015625
2985.0,1743.4005126953125
2986.0,1743.3865966796875
2987.0,1743.4110107421875
2988.0,1743.462646484375
2989.0,1743.7125244140625
2990.0,1743.770751953125
2991.0,1743.810546875
2992.0,1743.604736328125
2993.0,1743.3812255859375
2994.0,1743.3125
2995.0,1743.2493896484375
2996.0,1743.1962890625
2997.0,1743.01171875
2998.0,1743.0999755859375
2999.0,1743.286865234375
3000.0,1743.583251953125
3001.0,1743.9248046875
3002.0,1744.5018310546875
3003.0,1744.9984130859375
3004.0,1745.3970947265625
3005.0,1745.6656494140625
3006.0,1745.989990234375
3007.0,1745.822998046875
3008.0,1745.781982421875
3009.0,1745.3671875
3010.0,1745.1549072265625
3011.0,1744.774169921875
3012.0,1744.4293212890625
3013.0,1744.102783203125
3014.0,1743.870361328125
3015.0,1743.9171142578125
3016.0,1744.015869140625
3017.0,1744.37548828125
3018.0,1744.77783203125
3019.0,1745.16015625
3020.0,1745.3056640625
3021.0,1745.5938720703125
3022.0,1745.5701904296875
3023.0,1745.28662109375
3024.0,1745.03759765625
3025.0,1744.502197265625
3026.0,1743.907470703125
3027.0,1743.2847900390625
3028.0,1742.7330322265625
3029.0,1742.42919921875
3030.0,1742.1361083984375
3031.0,1742.151123046875
3032.0,1742.2918701171875
3033.0,1742.6583251953125
3034.0,1743.052734375
3035.0,1743.227294921875
3036.0,1743.5704345703125
3037.0,1743.7047119140625
3038.0,1743.592529296875
3039.0,1743.7080078125
3040.0,1743.802001953125
3041.0,1743.8865966796875
3042.0,1744.11767578125
3043.0,1743.88818359375
3044.0,1743.7884521484375
3045.0,1743.607666015625
3046.0,1743.413818359375
3047.0,1743.235107421875
3048.0,1743.1112060546875
3049.0,1743.4505615234375
3050.0,1743.599853515625
3051.0,1744.1451416015625
3052.0,1744.810546875
3053.0,1745.57373046875
3054.0,1745.9920654296875
3055.0,1746.5955810546875
3056.0,1746.6822509765625
3057.0,1746.761962890625
3058.0,1746.6845703125
3059.0,1746.4281005859375
3060.0,1745.965576171875
3061.0,1745.654541015625
3062.0,1745.3873291015625
3063.0,1745.2081298828125
3064.0,1745.0748291015625
3065.0,1745.209228515625
3066.0,1745.0206298828125
3067.0,1745.0418701171875
3068.0,1745.0965576171875
3069.0,1745.3583984375
3070.0,1745.289306640625
3071.0,1745.3927001953125
3072.0,1745.4853515625
3073.0,1745.556884765625
3074.0,1745.3414306640625
3075.0,1745.412353515625
3076.0,1745.075927734375
3077.0,1744.8868408203125
3078.0,1744.9053955078125
3079.0,1744.8310546875
3080.0,1745.037109375
3081.0,1745.320068359375
3082.0,1745.4849853515625
3083.0,1745.86767578125
3084.0,1746.2408447265625
3085.0,1746.6304931640625
3086.0,1746.776123046875
3087.0,1746.91162109375
3088.0,1747.03369140625
3089.0,1747.116943359375
3090.0,1747.1776123046875
3091.0,1747.185546875
3092.0,1746.963134765625
3093.0,1747.06298828125
3094.0,1746.960693359375
3095.0,1746.8441162109375
3096.0,1746.72509765625
3097.0,1746.4375
3098.0,1746.531982421875
3099.0,1746.2783203125
3100.0,1746.224365234375
3101.0,1745.982421875
3102.0,1746.1878662109375
3103.0,1746.243408203125
3104.0,1746.5478515625
3105.0,1746.9268798828125
3106.0,1747.1815185546875
3107.0,1747.6055908203125
3108.0,1747.8302001953125
3109.0,1748.0164794921875
3110.0,1748.3228759765625
3111.0,1748.3043212890625
3112.0,1747.99853515625
3113.0,1747.8182373046875
3114.0,1747.401611328125
3115.0,1747.0440673828125
3116.0,1746.7491455078125
3117.0,1746.5341796875
3118.0,1746.3953857421875
3119.0,1746.486083984375
3120.0,1746.3719482421875
3121.0,1746.439453125
3122.0,1746.2542724609375
3123.0,1746.1943359375
3124.0,1746.064208984375
3125.0,1746.201904296875
3126.0,1746.0736083984375
3127.0,1745.9852294921875
3128.0,1746.1602783203125
3129.0,1746.3829345703125
3130.0,1746.5489501953125
3131.0,1747.0040283203125
3132.0,1747.534912109375
3133.0,1747.909912109375
3134.0,1748.493896484375
3135.0,1748.835693359375
3136.0,1749.15283203125
3137.0,1749.3712158203125
3138.0,1749.6776123046875
3139.0,1749.6806640625
3140.0,1749.6094970703125
3141.0,1749.2408447265625
3142.0,1749.1201171875
3143.0,1748.5958251953125
3144.0,1748.2266845703125
3145.0,1747.8619384765625
3146.0,1747.7547607421875
3147.0,1747.34423828125
3148.0,1747.2135009765625
3149.0,1747.247802734375
3150.0,1747.323974609375
3151.0,1747.477783203125
3152.0,1747.404541015625
3153.0,1747.5496826171875
3154.0,1747.530517578125
3155.0,1747.64599609375
3156.0,1747.793701171875
3157.0,1747.9718017578125
3158.0,1748.1610107421875
3159.0,1748.366943359375
3160.0,1748.58837890625
3161.0,1748.841796875
3162.0,1749.0753173828125
3163.0,1749.5506591796875
3164.0,1749.8074951171875
3165.0,1750.2642822265625
3166.0,1750.64013671875
3167.0,1750.9156494140625
3168.0,1750.8773193359375
3169.0,1750.73681640625
3170.0,1750.47314453125
3171.0,1750.171875
3172.0,1749.655029296875
3173.0,1749.1876220703125
3174.0,1748.9703369140625
3175.0,1748.668212890625
3176.0,1748.824951171875
3177.0,1748.890625
3178.0,1748.982177734375
3179.0,1749.112060546875
3180.0,1749.3638916015625
3181.0,1749.36279296875
3182.0,1749.233642578125
3183.0,1748.9996337890625
3184.0,1748.837890625
3185.0,1748.4443359375
3186.0,1747.8531494140625
3187.0,1747.3349609375
3188.0,1746.87158203125
3189.0,1746.7432861328125
3190.0,1746.473876953125
3191.0,1746.4598388671875
3192.0,1746.5115966796875
3193.0,1746.781982421875
3194.0,1746.7066650390625
3195.0,1746.8555908203125
3196.0,1746.967529296875
3197.0,1747.0699462890625
3198.0,1747.3956298828125
3199.0,1747.520751953125
3200.0,1747.6904296875
3201.0,1747.921630859375
3202.0,1748.429931640625
3203.0,1748.80224609375
3204.0,1749.428955078125
3205.0,1750.1728515625
3206.0,1750.6600341796875
3207.0,1751.20849609375
3208.0,1751.2655029296875
3209.0,1751.184814453125
3210.0,1750.75830078125
3211.0,1750.20458984375
3212.0,1749.578369140625
3213.0,1748.7587890625
3214.0,1748.1171875
3215.0,1747.495361328125
3216.0,1747.15673828125
3217.0,1746.7198486328125
3218.0,1746.603515625
3219.0,1746.6524658203125
3220.0,1746.6632080078125
3221.0,1747.2154541015625
3222.0,1747.893310546875
3223.0,1748.61376953125
3224.0,1749.0875244140625
3225.0,1749.6961669921875
3226.0,1749.8785400390625
3227.0,1749.9061279296875
3228.0,1749.7423095703125
3229.0,1749.4693603515625
3230.0,1749.134033203125
3231.0,1748.592529296875
3232.0,1748.32958984375
3233.0,1747.925048828125
3234.0,1747.9637451171875
3235.0,1747.892822265625
3236.0,1747.855224609375
3237.0,1747.7177734375
3238.0,1747.930908203125
3239.0,1747.76611328125
3240.0,1747.78076171875
3241.0,1747.7808837890625
3242.0,1747.566650390625
3243.0,1747.7286376953125
3244.0,1747.73095703125
3245.0,1747.8004150390625
3246.0,1748.05615234375
3247.0,1748.1829833984375
3248.0,1748.4451904296875
3249.0,1748.695068359375
3250.0,1748.8826904296875
3251.0,1748.809326171875
3252.0,1748.697509765625
3253.0,1748.8203125
3254.0,1748.5167236328125
3255.0,1748.472900390625
3256.0,1748.4853515625
3257.0,1748.3165283203125
3258.0,1748.1612548828125
3259.0,1748.429931640625
3260.0,1748.2574462890625
3261.0,1748.0457763671875
3262.0,1748.0782470703125
3263.0,1747.876220703125
3264.0,1747.894775390625
3265.0,1748.099609375
3266.0,1748.0860595703125
3267.0,1748.057373046875
3268.0,1747.9984130859375
3269.0,1747.9422607421875
3270.0,1747.702880859375
3271.0,1747.7359619140625
3272.0,1748.015380859375
3273.0,1748.343505859375
3274.0,1748.6778564453125
3275.0,1748.796875
3276.0,1749.3328857421875
3277.0,1749.4849853515625
3278.0,1749.6224365234375
3279.0,1749.935791015625
3280.0,1749.997314453125
3281.0,1750.0653076171875
3282.0,1750.232421875
3283.0,1750.1883544921875
3284.0,1750.06396484375
3285.0,1749.7801513671875
3286.0,1749.8414306640625
3287.0,1749.743896484375
3288.0,1749.8870849609375
3289.0,1749.7130126953125
3290.0,1749.9835205078125
3291.0,1750.34130859375
3292.0,1750.560546875
3293.0,1750.822998046875
3294.0,1751.076416015625
3295.0,1751.5216064453125
3296.0,1751.681396484375
3297.0,1751.7786865234375
3298.0,1751.9404296875
3299.0,1751.63623046875
3300.0,1751.4552001953125
3301.0,1751.115966796875
3302.0,1751.013427734375
3303.0,1750.7681884765625
3304.0,1750.711181640625
3305.0,1750.50048828125
3306.0,1750.4183349609375
3307.0,1750.16064453125
3308.0,1750.04833984375
3309.0,1749.9447021484375
3310.0,1749.884521484375
3311.0,1749.7144775390625
3312.0,1749.7396240234375
3313.0,1749.8681640625
3314.0,1749.993408203125
3315.0,1750.1761474609375
3316.0,1750.3760986328125
3317.0,1750.8203125
3318.0,1751.07080078125
3319.0,1751.362060546875
3320.0,1751.8642578125
3321.0,1752.1627197265625
3322.0,1752.448974609375
3323.0,1752.8619384765625
3324.0,1752.9263916015625
3325.0,1752.9002685546875
3326.0,1752.5086669921875
3327.0,1752.2554931640625
3328.0,1751.9588623046875
3329.0,1751.6549072265625
3330.0,1751.508056640625
3331.0,1751.4171142578125
3332.0,1751.6510009765625
3333.0,1751.9544677734375
3334.0,1752.0753173828125
3335.0,1752.38623046875
3336.0,1752.4659423828125
3337.0,1752.503173828125
3338.0,1752.5203857421875
3339.0,1752.491943359375
3340.0,1752.60888671875
3341.0,1752.4976806640625
3342.0,1752.137939453125
3343.0,1751.928466796875
3344.0,1751.6739501953125
3345.0,1751.2164306640625
3346.0,1750.749755859375
3347.0,1750.4296875
3348.0,1750.16943359375
3349.0,1749.7947998046875
3350.0,1749.64453125
3351.0,1749.5767822265625
3352.0,1749.460205078125
3353.0,1749.5921630859375
3354.0,1749.94287109375
3355.0,1749.942626953125
3356.0,1750.322509765625
3357.0,1750.274658203125
3358.0,1750.560302734375
3359.0,1750.39794921875
3360.0,1750.398193359375
3361.0,1750.407470703125
3362.0,1750.4676513671875
3363.0,1750.3599853515625
3364.0,1750.513427734375
3365.0,1750.6986083984375
3366.0,1751.1605224609375
3367.0,1751.3868408203125
3368.0,1751.3536376953125
3369.0,1751.4202880859375
3370.0,1751.363525390625
3371.0,1751.35302734375
3372.0,1750.9564208984375
3373.0,1750.8519287109375
3374.0,1750.42529296875
3375.0,1750.3790283203125
3376.0,1750.201416015625
3377.0,1750.0491943359375
3378.0,1749.7371826171875
3379.0,1749.6214599609375
3380.0,1749.5433349609375
3381.0,1749.44189453125
3382.0,1749.3909912109375
3383.0,1749.42919921875
3384.0,1749.5831298828125
3385.0,1749.9718017578125
3386.0,1750.4298095703125
3387.0,1750.941162109375
3388.0,1751.482177734375
3389.0,1751.8170166015625
3390.0,1752.443115234375
3391.0,1752.8094482421875
3392.0,1752.8984375
3393.0,1752.8837890625
3394.0,1752.6358642578125
3395.0,1752.562255859375
3396.0,1752.3349609375
3397.0,1752.343017578125
3398.0,1752.3399658203125
3399.0,1752.7620849609375
3400.0,1753.310302734375
3401.0,1753.739990234375
3402.0,1754.370849609375
3403.0,1754.7537841796875
3404.0,1754.8800048828125
3405.0,1755.2509765625
3406.0,1755.240478515625
3407.0,1755.1097412109375
3408.0,1754.618896484375
3409.0,1753.817626953125
3410.0,1753.1427001953125
3411.0,1752.2052001953125
3412.0,1751.4427490234375
3413.0,1750.7847900390625
3414.0,1750.2332763671875
3415.0,1749.8502197265625
3416.0,1749.825927734375
3417.0,1749.954833984375
3418.0,1750.199951171875
3419.0,1750.71923828125
3420.0,1751.234130859375
3421.0,1751.90087890625
3422.0,1752.0240478515625
3423.0,1752.292724609375
3424.0,1752.4619140625
3425.0,1752.4095458984375
3426.0,1752.5274658203125
3427.0,1752.6903076171875
3428.0,1752.741455078125
3429.0,1752.8411865234375
3430.0,1753.1455078125
3431.0,1753.3233642578125
3432.0,1753.458251953125
3433.0,1753.7427978515625
3434.0,1753.8359375
3435.0,1753.697021484375
3436.0,1753.908447265625
3437.0,1754.125
3438.0,1753.9559326171875
3439.0,1753.9683837890625
3440.0,1754.0343017578125
3441.0,1754.1134033203125
3442.0,1754.0328369140625
3443.0,1754.10546875
3444.0,1754.1837158203125
3445.0,1754.1817626953125
3446.0,1754.083984375
3447.0,1753.8819580078125
3448.0,1753.145751953125
3449.0,1752.72607421875
3450.0,1752.0682373046875
3451.0,1751.3961181640625
3452.0,1750.813720703125
3453.0,1750.49365234375
3454.0,1750.2978515625
3455.0,1750.186279296875
3456.0,1750.3924560546875
3457.0,1750.66748046875
3458.0,1751.0565185546875
3459.0,1751.546875
3460.0,1752.0755615234375
3461.0,1752.62890625
3462.0,1753.0389404296875
3463.0,1753.2581787109375
3464.0,1753.65283203125
3465.0,1753.9827880859375
3466.0,1754.407958984375
3467.0,1754.3466796875
3468.0,1754.3760986328125
3469.0,1754.107177734375
3470.0,1753.7030029296875
3471.0,1753.512939453125
3472.0,1753.2781982421875
3473.0,1753.741455078125
3474.0,1753.9351806640625
3475.0,1754.2130126953125
3476.0,1754.32763671875
3477.0,1754.501953125
3478.0,1754.5257568359375
3479.0,1754.9283447265625
3480.0,1754.9329833984375
3481.0,1755.270751953125
3482.0,1755.3399658203125
3483.0,1755.342529296875
3484.0,1755.2894287109375
3485.0,1755.1866455078125
3486.0,1755.0672607421875
3487.0,1755.0052490234375
3488.0,1755.0333251953125
3489.0,1755.140869140625
3490.0,1755.428466796875
3491.0,1755.8057861328125
3492.0,1756.4342041015625
3493.0,1756.856689453125
3494.0,1757.439453125
3495.0,1757.65283203125
3496.0,1757.7545166015625
3497.0,1757.93408203125
3498.0,1757.76123046875
3499.0,1757.5516357421875
3500.0,1757.3209228515625
3501.0,1756.86376953125
3502.0,1756.461181640625
3503.0,1756.247802734375
3504.0,1755.8909912109375
3505.0,1755.7744140625
3506.0,1755.6951904296875
3507.0,1755.7064208984375
3508.0,1755.755615234375
3509.0,1755.82177734375
3510.0,1755.9100341796875
3511.0,1755.9644775390625
3512.0,1755.7613525390625
3513.0,1755.6839599609375
3514.0,1755.52392578125
3515.0,1755.5
3516.0,1755.2392578125
3517.0,1754.9755859375
3518.0,1754.7156982421875
3519.0,1754.7110595703125
3520.0,1754.5537109375
3521.0,1754.4462890625
3522.0,1754.3709716796875
3523.0,1754.3062744140625
3524.0,1754.2652587890625
3525.0,1754.245361328125
3526.0,1754.260498046875
3527.0,1754.3143310546875
3528.0,1754.271728515625
3529.0,1754.4539794921875
3530.0,1754.7225341796875
3531.0,1755.232177734375
3532.0,1755.5750732421875
3533.0,1755.898681640625
3534.0,1756.18798828125
3535.0,1756.5513916015625
3536.0,1756.62890625
3537.0,1756.74755859375
3538.0,1756.5836181640625
3539.0,1756.3345947265625
3540.0,1755.875
3541.0,1755.638916015625
3542.0,1755.6392822265625
3543.0,1755.60205078125
3544.0,1755.6790771484375
3545.0,1755.8973388671875
3546.0,1756.166015625
3547.0,1756.6575927734375
3548.0,1757.1429443359375
3549.0,1757.38916015625
3550.0,1757.7838134765625
3551.0,1757.869140625
3552.0,1757.8753662109375
3553.0,1757.7872314453125
3554.0,1757.4210205078125
3555.0,1757.1822509765625
3556.0,1756.913818359375
3557.0,1756.6304931640625
3558.0,1756.185302734375
3559.0,1755.9698486328125
3560.0,1755.6422119140625
3561.0,1755.3341064453125
3562.0,1755.1558837890625
3563.0,1754.8531494140625
3564.0,1754.99853515625
3565.0,1755.109375
3566.0,1755.1611328125
3567.0,1755.1671142578125
3568.0,1755.102294921875
3569.0,1755.216552734375
3570.0,1754.873779296875
3571.0,1754.9716796875
3572.0,1755.108642578125
3573.0,1754.8856201171875
3574.0,1755.11669921875
3575.0,1755.4400634765625
3576.0,1755.6739501953125
3577.0,1756.1097412109375
3578.0,1756.5750732421875
3579.0,1757.1279296875
3580.0,1757.0252685546875
3581.0,1756.94970703125
3582.0,1756.8157958984375
3583.0,1756.46484375
3584.0,1756.067626953125
3585.0,1755.8626708984375
3586.0,1755.5037841796875
3587.0,1755.322509765625
3588.0,1755.024658203125
3589.0,1754.8936767578125
3590.0,1754.7196044921875
3591.0,1754.43603515625
3592.0,1754.3140869140625
3593.0,1754.28369140625
3594.0,1754.4647216796875
3595.0,1754.8135986328125
3596.0,1755.04931640625
3597.0,1755.368896484375
3598.0,1755.7479248046875
3599.0,1756.1356201171875
3600.0,1756.4593505859375
3601.0,1756.56982421875
3602.0,1756.77978515625
3603.0,1756.886962890625
3604.0,1756.8680419921875
3605.0,1756.7930908203125
3606.0,1756.666748046875
3607.0,1756.6190185546875
3608.0,1756.3931884765625
3609.0,1756.164306640625
3610.0,1756.1778564453125
3611.0,1756.07861328125
3612.0,1756.0924072265625
3613.0,1756.1641845703125
3614.0,1756.398681640625
3615.0,1756.494384765625
3616.0,1756.30810546875
3617.0,1756.2200927734375
3618.0,1755.914306640625
3619.0,1755.9149169921875
3620.0,1755.5115966796875
3621.0,1755.3192138671875
3622.0,1755.164306640625
3623.0,1755.2333984375
3624.0,1755.1641845703125
3625.0,1755.3079833984375
3626.0,1755.259033203125
3627.0,1755.26025390625
3628.0,1755.2410888671875
3629.0,1755.0950927734375
3630.0,1755.1246337890625
3631.0,1755.1875
3632.0,1755.26220703125
3633.0,1755.548583984375
3634.0,1755.708984375
3635.0,1756.114990234375
3636.0,1756.1990966796875
3637.0,1756.636962890625
3638.0,1756.978515625
3639.0,1757.3118896484375
3640.0,1757.769287109375
3641.0,1757.97705078125
3642.0,1758.08251953125
3643.0,1758.019775390625
3644.0,1757.9007568359375
3645.0,1757.7261962890625
3646.0,1757.5455322265625
3647.0,1757.591064453125
3648.0,1757.5181884765625
3649.0,1757.53564453125
3650.0,1757.856201171875
3651.0,1758.03515625
3652.0,1758.306640625
3653.0,1758.7789306640625
3654.0,1759.2567138671875
3655.0,1759.4510498046875
3656.0,1759.5577392578125
3657.0,1759.767333984375
3658.0,1759.6865234375
3659.0,1759.3724365234375
3660.0,1759.0816650390625
3661.0,1759.019775390625
3662.0,1759.025390625
3663.0,1759.072509765625
3664.0,1758.9345703125
3665.0,1758.9632568359375
3666.0,1758.9097900390625
3667.0,1758.597900390625
3668.0,1758.386962890625
3669.0,1757.9332275390625
3670.0,1757.448974609375
3671.0,1757.1751708984375
3672.0,1756.7344970703125
3673.0,1756.5047607421875
3674.0,1756.3411865234375
3675.0,1756.423828125
3676.0,1756.38818359375
3677.0,1756.4234619140625
3678.0,1756.678466796875
3679.0,1756.8487548828125
3680.0,1756.9703369140625
3681.0,1757.06591796875
3682.0,1757.10107421875
3683.0,1756.9296875
3684.0,1757.0435791015625
3685.0,1756.7763671875
3686.0,1756.499755859375
3687.0,1756.0889892578125
3688.0,1755.8953857421875
3689.0,1755.847900390625
3690.0,1755.786865234375
3691.0,1755.67431640625
3692.0,1755.706787109375
3693.0,1755.581298828125
3694.0,1755.6998291015625
3695.0,1755.862060546875
3696.0,1756.10400390625
3697.0,1756.2490234375
3698.0,1756.841796875
3699.0,1757.30810546875
3700.0,1757.6226806640625
3701.0,1757.9537353515625
3702.0,1758.2401123046875
3703.0,1758.439208984375
3704.0,1758.15625
3705.0,1758.14990234375
3706.0,1758.0740966796875
3707.0,1757.9208984375
3708.0,1757.557861328125
3709.0,1757.3399658203125
3710.0,1757.15869140625
3711.0,1756.99560546875
3712.0,1757.043701171875
3713.0,1756.997802734375
3714.0,1757.0269775390625
3715.0,1757.1319580078125
3716.0,1757.29248046875
3717.0,1757.66455078125
3718.0,1758.0155029296875
3719.0,1758.1153564453125
3720.0,1758.297607421875
3721.0,1758.0548095703125
3722.0,1758.076416015625
3723.0,1757.7672119140625
3724.0,1757.4251708984375
3725.0,1757.070068359375
3726.0,1756.7391357421875
3727.0,1756.4598388671875
3728.0,1756.36376953125
3729.0,1756.17822265625
3730.0,1756.2081298828125
3731.0,1756.3558349609375
3732.0,1756.5855712890625
3733.0,1756.846923828125
3734.0,1757.299560546875
3735.0,1757.541259765625
3736.0,1758.1573486328125
3737.0,1758.347900390625
3738.0,1758.93017578125
3739.0,1759.145751953125
3740.0,1759.3919677734375
3741.0,1759.8724365234375
3742.0,1760.3914794921875
3743.0,1760.8992919921875
3744.0,1761.33203125
3745.0,1761.6949462890625
3746.0,1761.7802734375
3747.0,1761.7701416015625
3748.0,1761.679443359375
3749.0,1761.5052490234375
3750.0,1761.1151123046875
3751.0,1760.6544189453125
3752.0,1760.3695068359375
3753.0,1760.113037109375
3754.0,1759.8890380859375
3755.0,1759.72900390625
3756.0,1759.633056640625
3757.0,1759.569580078125
3758.0,1759.2908935546875
3759.0,1759.169677734375
3760.0,1758.7706298828125
3761.0,1758.496826171875
3762.0,1758.2342529296875
3763.0,1757.9306640625
3764.0,1757.8062744140625
3765.0,1757.5478515625
3766.0,1757.368896484375
3767.0,1757.1029052734375
3768.0,1757.137451171875
3769.0,1757.28466796875
3770.0,1757.5487060546875
3771.0,1757.846923828125
3772.0,1758.19384765625
3773.0,1758.6854248046875
3774.0,1758.7325439453125
3775.0,1759.0841064453125
3776.0,1759.1575927734375
3777.0,1759.1693115234375
3778.0,1758.862060546875
3779.0,1758.685546875
3780.0,1758.440185546875
3781.0,1757.7493896484375
3782.0,1757.501953125
3783.0,1757.3199462890625
3784.0,1757.488525390625
3785.0,1757.6005859375
3786.0,1758.0706787109375
3787.0,1758.65625
3788.0,1759.238037109375
3789.0,1759.5751953125
3790.0,1759.9783935546875
3791.0,1760.022216796875
3792.0,1759.76171875
3793.0,1759.5325927734375
3794.0,1758.9281005859375
3795.0,1758.4664306640625
3796.0,1758.2529296875
3797.0,1758.105712890625
3798.0,1757.8575439453125
3799.0,1757.8597412109375
3800.0,1758.0819091796875
3801.0,1757.8988037109375
3802.0,1757.9349365234375
3803.0,1757.7747802734375
3804.0,1757.7965087890625
3805.0,1758.0360107421875
3806.0,1758.1082763671875
3807.0,1758.4757080078125
3808.0,1759.637939453125
3809.0,1760.2896728515625
3810.0,1760.774169921875
3811.0,1761.48046875
3812.0,1761.6837158203125
3813.0,1762.2958984375
3814.0,1762.6064453125
3815.0,1762.608154296875
3816.0,1763.0755615234375
3817.0,1763.4332275390625
3818.0,1763.4976806640625
3819.0,1763.4630126953125
3820.0,1763.336181640625
3821.0,1763.1036376953125
3822.0,1762.7723388671875
3823.0,1762.1904296875
3824.0,1761.755126953125
3825.0,1761.32470703125
3826.0,1760.728759765625
3827.0,1760.3502197265625
3828.0,1760.0345458984375
3829.0,1759.7564697265625
3830.0,1759.3321533203125
3831.0,1759.1202392578125
3832.0,1758.989501953125
3833.0,1758.928466796875
3834.0,1758.9344482421875
3835.0,1759.27001953125
3836.0,1759.304443359375
3837.0,1759.79345703125
3838.0,1760.1375732421875
3839.0,1760.5020751953125
3840.0,1760.8095703125
3841.0,1761.0994873046875
3842.0,1761.426513671875
3843.0,1761.512939453125
3844.0,1761.3292236328125
3845.0,1761.440185546875
3846.0,1761.3167724609375
3847.0,1761.1942138671875
3848.0,1761.0355224609375
3849.0,1761.1080322265625
3850.0,1760.8890380859375
3851.0,1761.120849609375
3852.0,1761.23486328125
3853.0,1761.6016845703125
3854.0,1761.622314453125
3855.0,1762.0333251953125
3856.0,1762.477294921875
3857.0,1762.7581787109375
3858.0,1763.2353515625
3859.0,1763.52734375
3860.0,1763.7850341796875
3861.0,1763.9803466796875
3862.0,1764.077880859375
3863.0,1764.0391845703125
3864.0,1763.6759033203125
3865.0,1763.4141845703125
3866.0,1762.8687744140625
3867.0,1762.47998046875
3868.0,1761.791259765625
3869.0,1761.5380859375
3870.0,1761.4010009765625
3871.0,1761.2481689453125
3872.0,1761.563720703125
3873.0,1761.79345703125
3874.0,1762.0771484375
3875.0,1762.1591796875
3876.0,1762.5906982421875
3877.0,1762.998046875
3878.0,1763.1551513671875
3879.0,1763.291259765625
3880.0,1763.4140625
3881.0,1763.6707763671875
3882.0,1763.772705078125
3883.0,1763.8782958984375
3884.0,1764.00732421875
3885.0,1764.302001953125
3886.0,1764.2906494140625
3887.0,1764.62158203125
3888.0,1764.8922119140625
3889.0,1764.8824462890625
3890.0,1764.9693603515625
3891.0,1764.6767578125
3892.0,1764.498291015625
3893.0,1764.3082275390625
3894.0,1764.1024169921875
3895.0,1763.8477783203125
3896.0,1763.4287109375
3897.0,1763.147705078125
3898.0,1762.6749267578125
3899.0,1762.5780029296875
3900.0,1762.24169921875
3901.0,1762.322021484375
3902.0,1762.3365478515625
3903.0,1762.597412109375
3904.0,1762.5491943359375
3905.0,1762.8985595703125
3906.0,1763.1285400390625
3907.0,1763.189208984375
3908.0,1763.4927978515625
3909.0,1763.93310546875
3910.0,1764.176025390625
3911.0,1764.3525390625
3912.0,1764.6441650390625
3913.0,1764.6458740234375
3914.0,1764.3741455078125
3915.0,1764.2557373046875
3916.0,1764.12841796875
3917.0,1764.0111083984375
3918.0,1763.759521484375
3919.0,1763.96630859375
3920.0,1764.2249755859375
3921.0,1764.2958984375
3922.0,1764.3690185546875
3923.0,1764.42724609375
3924.0,1764.4779052734375
3925.0,1764.5438232421875
3926.0,1764.6337890625
3927.0,1764.806640625
3928.0,1765.006103515625
3929.0,1765.2178955078125
3930.0,1765.416748046875
3931.0,1765.5235595703125
3932.0,1765.533935546875
3933.0,1765.4287109375
3934.0,1765.25146484375
3935.0,1764.876220703125
3936.0,1764.6978759765625
3937.0,1764.7587890625
3938.0,1764.6890869140625
3939.0,1764.8997802734375
3940.0,1765.376708984375
3941.0,1765.268798828125
3942.0,1765.508544921875
3943.0,1765.4935302734375
3944.0,1765.39599609375
3945.0,1765.26904296875
3946.0,1764.9136962890625
3947.0,1764.729736328125
3948.0,1764.573974609375
3949.0,1764.4676513671875
3950.0,1764.4542236328125
3951.0,1764.522216796875
3952.0,1764.6641845703125
3953.0,1764.879150390625
3954.0,1765.116455078125
3955.0,1765.5048828125
3956.0,1765.6275634765625
3957.0,1765.7022705078125
3958.0,1765.506591796875
3959.0,1765.2109375
3960.0,1765.0218505859375
3961.0,1764.83984375
3962.0,1764.665283203125
3963.0,1764.56640625
3964.0,1764.3365478515625
3965.0,1764.31884765625
3966.0,1764.41796875
3967.0,1764.51416015625
3968.0,1764.6358642578125
3969.0,1764.761474609375
3970.0,1765.067626953125
3971.0,1765.1376953125
3972.0,1765.19921875
3973.0,1765.3489990234375
3974.0,1765.3232421875
3975.0,1765.2432861328125
3976.0,1765.10546875
3977.0,1764.951904296875
3978.0,1764.6082763671875
3979.0,1764.4149169921875
3980.0,1764.0692138671875
3981.0,1763.9049072265625
3982.0,1763.495361328125
3983.0,1763.341064453125
3984.0,1763.0133056640625
3985.0,1762.921630859375
3986.0,1762.86376953125
3987.0,1762.930908203125
3988.0,1763.075439453125
3989.0,1763.254150390625
3990.0,1763.4639892578125
3991.0,1763.6429443359375
3992.0,1764.0257568359375
3993.0,1764.405517578125
3994.0,1764.5684814453125
3995.0,1764.6851806640625
3996.0,1764.7872314453125
3997.0,1765.029541015625
3998.0,1765.202392578125
3999.0,1765.0889892578125
4000.0,1764.8758544921875
4001.0,1764.59228515625
4002.0,1764.298583984375
4003.0,1763.96923828125
4004.0,1763.68896484375
4005.0,1763.5181884765625
4006.0,1763.4320068359375
4007.0,1763.4254150390625
4008.0,1763.5592041015625
4009.0,1763.7166748046875
4010.0,1763.860595703125
4011.0,1764.0316162109375
4012.0,1764.1119384765625
4013.0,1764.1279296875
4014.0,1763.85205078125
4015.0,1763.7042236328125
4016.0,1763.46728515625
4017.0,1763.06396484375
4018.0,1763.071044921875
4019.0,1762.9676513671875
4020.0,1762.97607421875
4021.0,1763.26806640625
4022.0,1763.467041015625
4023.0,1763.904296875
4024.0,1764.1590576171875
4025.0,1764.3914794921875
4026.0,1764.35986328125
4027.0,1764.48876953125
4028.0,1764.5384521484375
4029.0,1764.35205078125
4030.0,1764.340087890625
4031.0,1764.3118896484375
4032.0,1764.2628173828125
4033.0,1764.0474853515625
4034.0,1764.0252685546875
4035.0,1764.0050048828125
4036.0,1764.1490478515625
4037.0,1764.363525390625
4038.0,1764.3780517578125
4039.0,1764.6278076171875
4040.0,1764.910400390625
4041.0,1765.2344970703125
4042.0,1765.5889892578125
4043.0,1765.79736328125
4044.0,1766.0186767578125
4045.0,1766.0562744140625
4046.0,1766.195068359375
4047.0,1766.1080322265625
4048.0,1766.065185546875
4049.0,1765.9820556640625
4050.0,1765.6514892578125
4051.0,1765.515380859375
4052.0,1765.2091064453125
4053.0,1764.977783203125
4054.0,1765.01806640625
4055.0,1765.0946044921875
4056.0,1765.2423095703125
4057.0,1765.3565673828125
4058.0,1765.4664306640625
4059.0,1765.7476806640625
4060.0,1765.782470703125
4061.0,1765.81787109375
4062.0,1766.0216064453125
4063.0,1766.045654296875
4064.0,1765.9091796875
4065.0,1765.9713134765625
4066.0,1766.0364990234375
4067.0,1766.1156005859375
4068.0,1766.4056396484375
4069.0,1766.57861328125
4070.0,1767.01904296875
4071.0,1767.457275390625
4072.0,1767.779052734375
4073.0,1768.2421875
4074.0,1768.4549560546875
4075.0,1768.7303466796875
4076.0,1768.7281494140625
4077.0,1768.5447998046875
4078.0,1768.292724609375
4079.0,1767.768310546875
4080.0,1767.387451171875
4081.0,1767.001708984375
4082.0,1766.4825439453125
4083.0,1766.162353515625
4084.0,1766.2796630859375
4085.0,1766.0948486328125
4086.0,1766.1971435546875
4087.0,1766.139892578125
4088.0,1765.97412109375
4089.0,1765.9725341796875
4090.0,1765.956787109375
4091.0,1765.7530517578125
4092.0,1765.7318115234375
4093.0,1765.76318359375
4094.0,1765.676025390625
4095.0,1765.9912109375
4096.0,1766.238037109375
4097.0,1766.54638671875
4098.0,1766.6878662109375
4099.0,1767.142822265625
4100.0,1767.5013427734375
4101.0,1767.5501708984375
4102.0,1767.5223388671875
4103.0,1767.645263671875
4104.0,1767.5283203125
4105.0,1767.471923828125
4106.0,1767.411865234375
4107.0,1767.35205078125
4108.0,1767.096923828125
4109.0,1766.9586181640625
4110.0,1766.6727294921875
4111.0,1766.5303955078125
4112.0,1766.414306640625
4113.0,1766.248046875
4114.0,1766.325927734375
4115.0,1766.6141357421875
4116.0,1766.781494140625
4117.0,1766.9580078125
4118.0,1767.3043212890625
4119.0,1767.431884765625
4120.0,1767.322021484375
4121.0,1767.332275390625
4122.0,1767.2802734375
4123.0,1766.953857421875
4124.0,1766.619140625
4125.0,1766.6444091796875
4126.0,1766.3663330078125
4127.0,1766.328369140625
4128.0,1766.3350830078125
4129.0,1766.5548095703125
4130.0,1766.6259765625
4131.0,1766.70361328125
4132.0,1766.7325439453125
4133.0,1766.927490234375
4134.0,1766.738525390625
4135.0,1766.735107421875
4136.0,1766.695068359375
4137.0,1766.6571044921875
4138.0,1766.605224609375
4139.0,1766.3837890625
4140.0,1766.5301513671875
4141.0,1766.30859375
4142.0,1766.485595703125
4143.0,1766.5489501953125
4144.0,1766.6966552734375
4145.0,1767.055419921875
4146.0,1767.28564453125
4147.0,1767.6617431640625
4148.0,1767.791748046875
4149.0,1767.939697265625
4150.0,1767.788818359375
4151.0,1767.3804931640625
4152.0,1767.068359375
4153.0,1766.763671875
4154.0,1766.52734375
4155.0,1766.253173828125
4156.0,1766.2598876953125
4157.0,1766.588134765625
4158.0,1766.8145751953125
4159.0,1767.282958984375
4160.0,1767.557861328125
4161.0,1768.001220703125
4162.0,1768.207763671875
4163.0,1768.16552734375
4164.0,1768.440185546875
4165.0,1768.5052490234375
4166.0,1768.5224609375
4167.0,1768.516357421875
4168.0,1768.481201171875
4169.0,1768.281005859375
4170.0,1768.2384033203125
4171.0,1768.22900390625
4172.0,1768.235595703125
4173.0,1768.294921875
4174.0,1768.388427734375
4175.0,1768.4852294921875
4176.0,1768.591796875
4177.0,1768.6558837890625
4178.0,1768.6673583984375
4179.0,1768.778076171875
4180.0,1768.6221923828125
4181.0,1768.401123046875
4182.0,1768.011474609375
4183.0,1767.8406982421875
4184.0,1767.7520751953125
4185.0,1767.787353515625
4186.0,1768.0704345703125
4187.0,1768.2259521484375
4188.0,1768.3873291015625
4189.0,1768.532470703125
4190.0,1768.5989990234375
4191.0,1768.60693359375
4192.0,1768.77978515625
4193.0,1768.76123046875
4194.0,1768.759033203125
4195.0,1768.797119140625
4196.0,1768.72705078125
4197.0,1768.8900146484375
4198.0,1769.3553466796875
4199.0,1769.64453125
4200.0,1769.998291015625
4201.0,1770.30859375
4202.0,1770.5970458984375
4203.0,1770.7940673828125
4204.0,1771.0631103515625
4205.0,1771.10791015625
4206.0,1771.0413818359375
4207.0,1770.9173583984375
4208.0,1770.9161376953125
4209.0,1770.7247314453125
4210.0,1770.4989013671875
4211.0,1770.455078125
4212.0,1770.0469970703125
4213.0,1769.8531494140625
4214.0,1769.69384765625
4215.0,1769.60791015625
4216.0,1769.3934326171875
4217.0,1769.4375
4218.0,1769.5496826171875
4219.0,1769.6727294921875
4220.0,1769.6383056640625
4221.0,1769.73681640625
4222.0,1769.7991943359375
4223.0,1769.772705078125
4224.0,1769.5281982421875
4225.0,1769.4228515625
4226.0,1769.092529296875
4227.0,1768.8111572265625
4228.0,1768.542236328125
4229.0,1768.30859375
4230.0,1768.356689453125
4231.0,1768.388916015625
4232.0,1768.6990966796875
4233.0,1769.013916015625
4234.0,1769.433837890625
4235.0,1770.0970458984375
4236.0,1770.7208251953125
4237.0,1771.102294921875
4238.0,1771.6334228515625
4239.0,1771.9066162109375
4240.0,1771.743896484375
4241.0,1771.7833251953125
4242.0,1771.5419921875
4243.0,1771.388916015625
4244.0,1771.1068115234375
4245.0,1770.5693359375
4246.0,1769.9683837890625
4247.0,1769.3341064453125
4248.0,1768.7733154296875
4249.0,1768.249755859375
4250.0,1767.831787109375
4251.0,1767.809326171875
4252.0,1767.6866455078125
4253.0,1767.603515625
4254.0,1767.7359619140625
4255.0,1767.741943359375
4256.0,1767.5924072265625
4257.0,1767.9088134765625
4258.0,1768.075927734375
4259.0,1768.54345703125
4260.0,1768.9990234375
4261.0,1769.259521484375
4262.0,1769.6324462890625
4263.0,1769.5882568359375
4264.0,1769.8319091796875
4265.0,1769.862548828125
4266.0,1769.6795654296875
4267.0,1769.691162109375
4268.0,1769.560546875
4269.0,1769.6343994140625
4270.0,1769.5777587890625
4271.0,1769.9111328125
4272.0,1770.09326171875
4273.0,1770.4805908203125
4274.0,1770.91015625
4275.0,1771.135009765625
4276.0,1771.39697265625
4277.0,1771.8466796875
4278.0,1772.02490234375
4279.0,1772.296630859375
4280.0,1772.247314453125
4281.0,1772.037353515625
4282.0,1771.620361328125
4283.0,1770.90771484375
4284.0,1770.2392578125
4285.0,1769.4293212890625
4286.0,1768.6942138671875
4287.0,1768.04833984375
4288.0,1767.726806640625
4289.0,1767.371337890625
4290.0,1767.1485595703125
4291.0,1767.221435546875
4292.0,1767.4066162109375
4293.0,1767.607421875
4294.0,1768.05419921875
4295.0,1768.2960205078125
4296.0,1768.6490478515625
4297.0,1768.9761962890625
4298.0,1769.03955078125
4299.0,1769.2723388671875
4300.0,1769.106201171875
4301.0,1769.37939453125
4302.0,1769.5252685546875
4303.0,1769.7562255859375
4304.0,1770.516357421875
4305.0,1771.006591796875
4306.0,1771.7958984375
4307.0,1772.602783203125
4308.0,1773.225341796875
4309.0,1773.7706298828125
4310.0,1774.3050537109375
4311.0,1774.486572265625
4312.0,1774.442626953125
4313.0,1774.039794921875
4314.0,1773.5257568359375
4315.0,1773.1478271484375
4316.0,1772.7469482421875
4317.0,1772.28369140625
4318.0,1772.0439453125
4319.0,1771.8941650390625
4320.0,1771.8519287109375
4321.0,1772.0496826171875
4322.0,1772.1593017578125
4323.0,1772.5474853515625
4324.0,1772.990234375
4325.0,1773.4775390625
4326.0,1773.767822265625
4327.0,1774.212646484375
4328.0,1774.3919677734375
4329.0,1774.4598388671875
4330.0,1774.416015625
4331.0,1773.9439697265625
4332.0,1773.8048095703125
4333.0,1773.8671875
4334.0,1773.8226318359375
4335.0,1773.702880859375
4336.0,1773.823486328125
4337.0,1774.0
4338.0,1774.3546142578125
4339.0,1774.4365234375
4340.0,1774.577880859375
4341.0,1774.4063720703125
4342.0,1774.1033935546875
4343.0,1773.289306640625
4344.0,1772.63134765625
4345.0,1772.1829833984375
4346.0,1771.6142578125
4347.0,1771.1240234375
4348.0,1770.779052734375
4349.0,1770.735107421875
4350.0,1770.980712890625
4351.0,1770.955810546875
4352.0,1771.189208984375
4353.0,1771.4163818359375
4354.0,1771.650390625
4355.0,1771.8636474609375
4356.0,1772.0438232421875
4357.0,1772.37158203125
4358.0,1772.4151611328125
4359.0,1772.60107421875
4360.0,1772.547119140625
4361.0,1772.5009765625
4362.0,1772.601318359375
4363.0,1772.4879150390625
4364.0,1772.322509765625
4365.0,1772.1309814453125
4366.0,1771.7249755859375
4367.0,1771.5128173828125
4368.0,1771.338623046875
4369.0,1771.21875
4370.0,1770.97412109375
4371.0,1770.79736328125
4372.0,1770.81494140625
4373.0,1770.8294677734375
4374.0,1770.5965576171875
4375.0,1770.2933349609375
4376.0,1770.1024169921875
4377.0,1769.9036865234375
4378.0,1769.756591796875
4379.0,1769.6610107421875
4380.0,1769.820556640625
4381.0,1769.8648681640625
4382.0,1769.9747314453125
4383.0,1770.1259765625
4384.0,1770.2581787109375
4385.0,1770.427978515625
4386.0,1770.60986328125
4387.0,1770.9476318359375
4388.0,1771.1297607421875
4389.0,1771.3095703125
4390.0,1771.623046875
4391.0,1771.7574462890625
4392.0,1771.85400390625
4393.0,1771.904296875
4394.0,1771.9105224609375
4395.0,1772.057861328125
4396.0,1771.9766845703125
4397.0,1771.7078857421875
4398.0,1771.406982421875
4399.0,1771.2314453125
4400.0,1770.815185546875
4401.0,1770.3880615234375
4402.0,1770.1005859375
4403.0,1769.852294921875
4404.0,1769.4918212890625
4405.0,1769.407470703125
4406.0,1769.4910888671875
4407.0,1769.697265625
4408.0,1770.050048828125
4409.0,1770.8802490234375
4410.0,1771.40380859375
4411.0,1772.14013671875
4412.0,1772.98583984375
4413.0,1773.4129638671875
4414.0,1773.88916015625
4415.0,1774.2548828125
4416.0,1774.2786865234375
4417.0,1774.183349609375
4418.0,1774.1956787109375
4419.0,1773.926025390625
4420.0,1773.4140625
4421.0,1773.06396484375
4422.0,1772.5616455078125
4423.0,1772.0943603515625
4424.0,1771.4923095703125
4425.0,1771.2559814453125
4426.0,1770.69873046875
4427.0,1770.46923828125
4428.0,1770.027587890625
4429.0,1769.75439453125
4430.0,1769.486328125
4431.0,1769.2559814453125
4432.0,1769.323974609375
4433.0,1769.73583984375
4434.0,1770.4093017578125
4435.0,1771.0457763671875
4436.0,1771.5679931640625
4437.0,1772.0567626953125
4438.0,1772.4969482421875
4439.0,1772.834716796875
4440.0,1773.2322998046875
4441.0,1773.32275390625
4442.0,1773.50390625
4443.0,1773.4384765625
4444.0,1773.3612060546875
4445.0,1773.2757568359375
4446.0,1773.20166015625
4447.0,1772.96728515625
4448.0,1772.87646484375
4449.0,1772.7562255859375
4450.0,1772.6024169921875
4451.0,1772.4139404296875
4452.0,1772.2156982421875
4453.0,1772.0186767578125
4454.0,1771.842529296875
4455.0,1771.6558837890625
4456.0,1771.4532470703125
4457.0,1771.05859375
4458.0,1771.08154296875
4459.0,1770.763916015625
4460.0,1770.519287109375
4461.0,1770.5445556640625
4462.0,1770.65625
4463.0,1770.8670654296875
4464.0,1771.29345703125
4465.0,1771.7996826171875
4466.0,1772.1453857421875
4467.0,1772.86962890625
4468.0,1773.359619140625
4469.0,1773.758544921875
4470.0,1773.8704833984375
4471.0,1773.8953857421875
4472.0,1773.8565673828125
4473.0,1773.559814453125
4474.0,1773.107177734375
4475.0,1772.86083984375
4476.0,1772.65234375
4477.0,1772.6610107421875
4478.0,1772.6927490234375
4479.0,1772.565185546875
4480.0,1772.8350830078125
4481.0,1772.9420166015625
4482.0,1773.2081298828125
4483.0,1773.46435546875
4484.0,1773.6944580078125
4485.0,1774.1513671875
4486.0,1774.4530029296875
4487.0,1774.446044921875
4488.0,1774.82958984375
4489.0,1775.0546875
4490.0,1775.4781494140625
4491.0,1775.7220458984375
4492.0,1775.951416015625
4493.0,1776.17138671875
4494.0,1776.518310546875
4495.0,1776.6917724609375
4496.0,1776.8536376953125
4497.0,1776.982421875
4498.0,1776.905029296875
4499.0,1776.9405517578125
4500.0,1776.68798828125
4501.0,1776.3487548828125
4502.0,1776.1309814453125
4503.0,1775.8726806640625
4504.0,1775.6864013671875
4505.0,1775.5513916015625
4506.0,1775.550537109375
4507.0,1775.6719970703125
4508.0,1775.8939208984375
4509.0,1776.1776123046875
4510.0,1776.6273193359375
4511.0,1776.8817138671875
4512.0,1777.2506103515625
4513.0,1777.5252685546875
4514.0,1777.53857421875
4515.0,1777.5350341796875
4516.0,1777.46484375
4517.0,1777.4100341796875
4518.0,1777.295166015625
4519.0,1776.9722900390625
4520.0,1776.605224609375
4521.0,1776.3519287109375
4522.0,1775.8759765625
4523.0,1775.4356689453125
4524.0,1775.23876953125
4525.0,1774.9814453125
4526.0,1774.99462890625
4527.0,1775.2628173828125
4528.0,1775.361572265625
4529.0,1775.4239501953125
4530.0,1775.38134765625
4531.0,1775.435302734375
4532.0,1775.0631103515625
4533.0,1775.043212890625
4534.0,1774.6846923828125
4535.0,1774.367431640625
4536.0,1774.269287109375
4537.0,1773.9755859375
4538.0,1773.88134765625
4539.0,1773.667236328125
4540.0,1773.69921875
4541.0,1773.73974609375
4542.0,1774.0367431640625
4543.0,1774.1708984375
4544.0,1774.49658203125
4545.0,1774.7967529296875
4546.0,1774.8465576171875
4547.0,1775.0244140625
4548.0,1775.16259765625
4549.0,1775.0716552734375
4550.0,1774.9990234375
4551.0,1774.9398193359375
4552.0,1774.9603271484375
4553.0,1775.01513671875
4554.0,1775.10400390625
4555.0,1775.2333984375
4556.0,1775.5858154296875
4557.0,1775.755859375
4558.0,1775.91552734375
4559.0,1776.0762939453125
4560.0,1776.200927734375
4561.0,1776.2994384765625
4562.0,1776.318359375
4563.0,1776.2994384765625
4564.0,1776.22802734375
4565.0,1776.094482421875
4566.0,1775.9232177734375
4567.0,1775.574951171875
4568.0,1775.4464111328125
4569.0,1775.3692626953125
4570.0,1775.1710205078125
4571.0,1775.2384033203125
4572.0,1775.35546875
4573.0,1775.4932861328125
4574.0,1775.7880859375
4575.0,1775.849365234375
4576.0,1775.8388671875
4577.0,1776.138671875
4578.0,1775.9921875
4579.0,1775.773681640625
4580.0,1775.4912109375
4581.0,1775.016357421875
4582.0,1774.5880126953125
4583.0,1774.2578125
4584.0,1774.2568359375
4585.0,1774.437744140625
4586.0,1774.7679443359375
4587.0,1775.394287109375
4588.0,1775.9239501953125
4589.0,1776.48388671875
4590.0,1777.35546875
4591.0,1777.7625732421875
4592.0,1778.1956787109375
4593.0,1778.507568359375
4594.0,1778.5228271484375
4595.0,1778.4581298828125
4596.0,1778.3548583984375
4597.0,1778.27587890625
4598.0,1778.189697265625
4599.0,1778.1495361328125
4600.0,1777.9327392578125
4601.0,1777.9129638671875
4602.0,1777.882080078125
4603.0,1777.8193359375
4604.0,1777.5567626953125
4605.0,1777.456787109375
4606.0,1777.3675537109375
4607.0,1777.2860107421875
4608.0,1777.4124755859375
4609.0,1777.36181640625
4610.0,1777.33935546875
4611.0,1777.285888671875
4612.0,1777.3797607421875
4613.0,1777.0791015625
4614.0,1776.9071044921875
4615.0,1776.730712890625
4616.0,1776.58349609375
4617.0,1776.483154296875
4618.0,1776.23291015625
4619.0,1776.0771484375
4620.0,1775.9683837890625
4621.0,1776.07470703125
4622.0,1776.038330078125
4623.0,1776.197021484375
4624.0,1776.3428955078125
4625.0,1776.4525146484375
4626.0,1776.5455322265625
4627.0,1776.6041259765625
4628.0,1776.8226318359375
4629.0,1776.8238525390625
4630.0,1776.774169921875
4631.0,1776.85400390625
4632.0,1776.7470703125
4633.0,1776.415771484375
4634.0,1776.2686767578125
4635.0,1776.489990234375
4636.0,1776.415771484375
4637.0,1776.462646484375
4638.0,1776.7845458984375
4639.0,1777.187744140625
4640.0,1777.6839599609375
4641.0,1778.03125
4642.0,1778.49755859375
4643.0,1778.698974609375
4644.0,1778.79736328125
4645.0,1778.8011474609375
4646.0,1778.579833984375
4647.0,1778.4915771484375
4648.0,1778.204345703125
4649.0,1778.0762939453125
4650.0,1777.9339599609375
4651.0,1777.63427734375
4652.0,1777.4888916015625
4653.0,1777.331298828125
4654.0,1777.37109375
4655.0,1777.278564453125
4656.0,1777.39892578125
4657.0,1777.435791015625
4658.0,1777.497802734375
4659.0,1777.9495849609375
4660.0,1778.06787109375
4661.0,1778.3387451171875
4662.0,1778.22265625
4663.0,1778.447509765625
4664.0,1778.4627685546875
4665.0,1778.4620361328125
4666.0,1778.44873046875
4667.0,1778.4158935546875
4668.0,1778.3543701171875
4669.0,1778.0867919921875
4670.0,1777.949462890625
4671.0,1777.7882080078125
4672.0,1777.602783203125
4673.0,1777.3746337890625
4674.0,1776.9613037109375
4675.0,1776.588134765625
4676.0,1776.236572265625
4677.0,1776.16552734375
4678.0,1775.9864501953125
4679.0,1776.1092529296875
4680.0,1776.3597412109375
4681.0,1776.88916015625
4682.0,1777.3131103515625
4683.0,1778.11083984375
4684.0,1778.4906005859375
4685.0,1778.9287109375
4686.0,1779.06884765625
4687.0,1779.104736328125
4688.0,1779.0120849609375
4689.0,1778.671875
4690.0,1778.4561767578125
4691.0,1778.03466796875
4692.0,1777.631591796875
4693.0,1777.4210205078125
4694.0,1777.079833984375
4695.0,1777.013427734375
4696.0,1777.013427734375
4697.0,1777.0697021484375
4698.0,1777.543701171875
4699.0,1777.6746826171875
4700.0,1777.798583984375
4701.0,1778.1142578125
4702.0,1778.065673828125
4703.0,1778.3538818359375
4704.0,1778.455810546875
4705.0,1778.359619140625
4706.0,1778.584228515625
4707.0,1778.6129150390625
4708.0,1778.6136474609375
4709.0,1778.5609130859375
4710.0,1778.509765625
4711.0,1778.4365234375
4712.0,1778.3681640625
4713.0,1778.319580078125
4714.0,1778.499267578125
4715.0,1778.365478515625
4716.0,1778.4439697265625
4717.0,1778.5380859375
4718.0,1778.619873046875
4719.0,1778.63671875
4720.0,1778.62548828125
4721.0,1778.540283203125
4722.0,1778.23291015625
4723.0,1778.2493896484375
4724.0,1778.1046142578125
4725.0,1777.94140625
4726.0,1777.77294921875
4727.0,1777.6212158203125
4728.0,1777.51025390625
4729.0,1777.4476318359375
4730.0,1777.5992431640625
4731.0,1777.47607421875
4732.0,1777.6033935546875
4733.0,1777.7178955078125
4734.0,1777.653564453125
4735.0,1777.91162109375
4736.0,1777.9974365234375
4737.0,1777.89794921875
4738.0,1778.1978759765625
4739.0,1778.361083984375
4740.0,1778.779052734375
4741.0,1779.0533447265625
4742.0,1779.350830078125
4743.0,1779.8311767578125
4744.0,1780.1138916015625
4745.0,1780.544921875
4746.0,1780.718505859375
4747.0,1781.0223388671875
4748.0,1781.29248046875
4749.0,1781.301025390625
4750.0,1781.265625
4751.0,1781.200439453125
4752.0,1781.0982666015625
4753.0,1780.9788818359375
4754.0,1780.8128662109375
4755.0,1780.4061279296875
4756.0,1779.94482421875
4757.0,1779.44970703125
4758.0,1778.755615234375
4759.0,1778.464599609375
4760.0,1778.244873046875
4761.0,1777.9267578125
4762.0,1778.0374755859375
4763.0,1778.0303955078125
4764.0,1778.029541015625
4765.0,1778.0682373046875
4766.0,1778.288330078125
4767.0,1778.328369140625
4768.0,1778.3792724609375
4769.0,1778.4273681640625
4770.0,1778.2779541015625
4771.0,1778.5208740234375
4772.0,1778.5355224609375
4773.0,1778.721923828125
4774.0,1778.70458984375
4775.0,1778.677001953125
4776.0,1778.6617431640625
4777.0,1779.0220947265625
4778.0,1779.015869140625
4779.0,1779.0289306640625
4780.0,1779.2578125
4781.0,1779.3018798828125
4782.0,1779.3265380859375
4783.0,1779.59375
4784.0,1779.64501953125
4785.0,1779.5311279296875
4786.0,1779.605712890625
4787.0,1779.351806640625
4788.0,1779.24267578125
4789.0,1779.2822265625
4790.0,1779.0828857421875
4791.0,1779.0045166015625
4792.0,1778.8828125
4793.0,1778.5858154296875
4794.0,1778.48486328125
4795.0,1778.4599609375
4796.0,1778.6783447265625
4797.0,1778.7857666015625
4798.0,1779.1280517578125
4799.0,1779.33349609375
4800.0,1779.7686767578125
4801.0,1780.0335693359375
4802.0,1780.495849609375
4803.0,1780.770263671875
4804.0,1780.9949951171875
4805.0,1781.319580078125
4806.0,1781.217529296875
4807.0,1781.192138671875
4808.0,1781.0653076171875
4809.0,1781.04296875
4810.0,1780.6566162109375
4811.0,1780.424560546875
4812.0,1780.031005859375
4813.0,1779.883544921875
4814.0,1779.8238525390625
4815.0,1779.81591796875
4816.0,1779.9093017578125
4817.0,1780.0400390625
4818.0,1780.1859130859375
4819.0,1780.4818115234375
4820.0,1780.5362548828125
4821.0,1780.4764404296875
4822.0,1780.31884765625
4823.0,1780.0736083984375
4824.0,1779.79736328125
4825.0,1779.3359375
4826.0,1778.923095703125
4827.0,1778.8795166015625
4828.0,1778.5743408203125
4829.0,1778.3349609375
4830.0,1778.1495361328125
4831.0,1778.0372314453125
4832.0,1778.305908203125
4833.0,1778.46484375
4834.0,1779.019287109375
4835.0,1779.4342041015625
4836.0,1779.68798828125
4837.0,1780.2923583984375
4838.0,1780.530517578125
4839.0,1780.7552490234375
4840.0,1781.319580078125
4841.0,1781.5330810546875
4842.0,1781.74658203125
4843.0,1782.1456298828125
4844.0,1782.3079833984375
4845.0,1782.631591796875
4846.0,1782.708251953125
4847.0,1782.7095947265625
4848.0,1782.699462890625
4849.0,1782.476806640625
4850.0,1782.4652099609375
4851.0,1782.488037109375
4852.0,1782.5531005859375
4853.0,1782.65380859375
4854.0,1782.9395751953125
4855.0,1783.0338134765625
4856.0,1782.8780517578125
4857.0,1782.6328125
4858.0,1782.4547119140625
4859.0,1782.0872802734375
4860.0,1781.8599853515625
4861.0,1781.6396484375
4862.0,1781.458740234375
4863.0,1781.30126953125
4864.0,1781.0380859375
4865.0,1780.9935302734375
4866.0,1780.978271484375
4867.0,1780.8441162109375
4868.0,1780.940185546875
4869.0,1781.07568359375
4870.0,1781.2315673828125
4871.0,1781.3853759765625
4872.0,1781.698974609375
4873.0,1781.6207275390625
4874.0,1781.8748779296875
4875.0,1781.9178466796875
4876.0,1782.174072265625
4877.0,1782.2374267578125
4878.0,1782.304443359375
4879.0,1782.332275390625
4880.0,1782.4742431640625
4881.0,1782.3719482421875
4882.0,1782.0595703125
4883.0,1781.895751953125
4884.0,1781.543701171875
4885.0,1781.39013671875
4886.0,1781.0660400390625
4887.0,1780.9290771484375
4888.0,1780.7623291015625
4889.0,1780.3929443359375
4890.0,1780.1986083984375
4891.0,1779.9620361328125
4892.0,1779.541748046875
4893.0,1779.3260498046875
4894.0,1779.1722412109375
4895.0,1779.0771484375
4896.0,1779.055419921875
4897.0,1779.1016845703125
4898.0,1779.2059326171875
4899.0,1779.362548828125
4900.0,1779.7108154296875
4901.0,1779.9134521484375
4902.0,1780.1220703125
4903.0,1780.308349609375
4904.0,1780.2860107421875
4905.0,1780.4210205078125
4906.0,1780.551025390625
4907.0,1780.8201904296875
4908.0,1780.9373779296875
4909.0,1781.2626953125
4910.0,1781.639404296875
4911.0,1782.009765625
4912.0,1782.1888427734375
4913.0,1782.5087890625
4914.0,1782.5308837890625
4915.0,1782.65478515625
4916.0,1782.50390625
4917.0,1782.284423828125
4918.0,1781.862548828125
4919.0,1781.603759765625
4920.0,1781.1795654296875
4921.0,1780.9674072265625
4922.0,1780.651123046875
4923.0,1780.3717041015625
4924.0,1780.1387939453125
4925.0,1779.9287109375
4926.0,1779.9139404296875
4927.0,1779.6868896484375
4928.0,1779.4207763671875
4929.0,1779.343994140625
4930.0,1779.275634765625
4931.0,1779.4093017578125
4932.0,1779.5855712890625
4933.0,1780.0499267578125
4934.0,1780.37255859375
4935.0,1780.76220703125
4936.0,1781.179443359375
4937.0,1781.5435791015625
4938.0,1782.0230712890625
4939.0,1782.0498046875
4940.0,1782.0081787109375
4941.0,1782.0545654296875
4942.0,1781.6806640625
4943.0,1781.5035400390625
4944.0,1781.150390625
4945.0,1780.8685302734375
4946.0,1780.8232421875
4947.0,1780.661865234375
4948.0,1780.6854248046875
4949.0,1780.5458984375
4950.0,1780.4010009765625
4951.0,1780.4317626953125
4952.0,1780.46826171875
4953.0,1780.479736328125
4954.0,1780.6695556640625
4955.0,1780.671875
4956.0,1780.84375
4957.0,1780.83251953125
4958.0,1781.02783203125
4959.0,1781.2437744140625
4960.0,1781.3092041015625
4961.0,1781.4346923828125
4962.0,1781.58837890625
4963.0,1781.936279296875
4964.0,1782.103759765625
4965.0,1782.2740478515625
4966.0,1782.2193603515625
4967.0,1782.338623046875
4968.0,1782.2158203125
4969.0,1782.233154296875
4970.0,1782.0589599609375
4971.0,1782.04248046875
4972.0,1782.0474853515625
4973.0,1782.10400390625
4974.0,1782.208251953125
4975.0,1782.3359375
4976.0,1782.4705810546875
4977.0,1782.577880859375
4978.0,1782.6151123046875
4979.0,1782.745361328125
4980.0,1782.59326171875
4981.0,1782.3779296875
4982.0,1782.1317138671875
4983.0,1781.9158935546875
4984.0,1781.7271728515625
4985.0,1781.5985107421875
4986.0,1781.52734375
4987.0,1781.5257568359375
4988.0,1781.791259765625
4989.0,1781.8983154296875
4990.0,1782.45166015625
4991.0,1782.633056640625
4992.0,1782.783935546875
4993.0,1783.1116943359375
4994.0,1783.1915283203125
4995.0,1783.201171875
4996.0,1783.1798095703125
4997.0,1782.73193359375
4998.0,1782.63427734375
4999.0,1782.5245361328125
5000.0,1782.2734375
5001.0,1782.286376953125
5002.0,1782.36279296875
5003.0,1782.725830078125
5004.0,1783.1497802734375
5005.0,1783.6031494140625
5006.0,1783.8497314453125
5007.0,1784.2354736328125
5008.0,1784.348876953125
5009.0,1784.3741455078125
5010.0,1784.1527099609375
5011.0,1784.048583984375
5012.0,1783.710205078125
5013.0,1783.3304443359375
5014.0,1782.95556640625
5015.0,1782.589111328125
5016.0,1782.4256591796875
5017.0,1782.1473388671875
5018.0,1782.1077880859375
5019.0,1782.1536865234375
5020.0,1782.249267578125
5021.0,1782.55322265625
5022.0,1782.725341796875
5023.0,1783.09765625
5024.0,1783.2764892578125
5025.0,1783.458740234375
5026.0,1783.6075439453125
5027.0,1783.9154052734375
5028.0,1784.0323486328125
5029.0,1784.1064453125
5030.0,1784.2000732421875
5031.0,1784.2310791015625
5032.0,1784.2496337890625
5033.0,1784.1998291015625
5034.0,1784.093505859375
5035.0,1783.90625
5036.0,1783.52783203125
5037.0,1783.3387451171875
5038.0,1783.1392822265625
5039.0,1783.0045166015625
5040.0,1782.943359375
5041.0,1783.0797119140625
5042.0,1782.992431640625
5043.0,1783.2662353515625
5044.0,1783.4468994140625
5045.0,1783.672607421875
5046.0,1783.9444580078125
5047.0,1784.236572265625
5048.0,1784.52978515625
5049.0,1784.993896484375
5050.0,1785.227783203125
5051.0,1785.566650390625
5052.0,1786.009521484375
5053.0,1786.013916015625
5054.0,1785.949462890625
5055.0,1785.6575927734375
5056.0,1785.755615234375
5057.0,1785.439697265625
5058.0,1785.327392578125
5059.0,1785.2354736328125
5060.0,1785.14306640625
5061.0,1785.0516357421875
5062.0,1785.115478515625
5063.0,1784.8658447265625
5064.0,1784.7889404296875
5065.0,1784.5830078125
5066.0,1784.5587158203125
5067.0,1784.5633544921875
5068.0,1784.406494140625
5069.0,1784.4349365234375
5070.0,1784.435791015625
5071.0,1784.422607421875
5072.0,1784.4219970703125
5073.0,1784.2100830078125
5074.0,1783.7310791015625
5075.0,1783.3822021484375
5076.0,1782.98388671875
5077.0,1782.77783203125
5078.0,1782.6429443359375
5079.0,1782.5491943359375
5080.0,1782.5489501953125
5081.0,1782.790771484375
5082.0,1783.110107421875
5083.0,1783.279052734375
5084.0,1783.8033447265625
5085.0,1783.9425048828125
5086.0,1784.3880615234375
5087.0,1784.4073486328125
5088.0,1784.4830322265625
5089.0,1784.368408203125
5090.0,1784.3709716796875
5091.0,1784.2393798828125
5092.0,1784.1392822265625
5093.0,1783.8876953125
5094.0,1784.0474853515625
5095.0,1784.1044921875
5096.0,1784.0201416015625
5097.0,1784.1468505859375
5098.0,1784.454833984375
5099.0,1784.41455078125
5100.0,1784.578125
5101.0,1784.72998046875
5102.0,1784.847412109375
5103.0,1784.7637939453125
5104.0,1784.657958984375
5105.0,1784.3111572265625
5106.0,1784.1029052734375
5107.0,1783.874267578125
5108.0,1783.650390625
5109.0,1783.558837890625
5110.0,1783.2872314453125
5111.0,1783.0299072265625
5112.0,1783.1220703125
5113.0,1782.9893798828125
5114.0,1782.8017578125
5115.0,1782.60400390625
5116.0,1782.40966796875
5117.0,1782.261962890625
5118.0,1782.1641845703125
5119.0,1782.1177978515625
5120.0,1782.505859375
5121.0,1782.7174072265625
5122.0,1783.1256103515625
5123.0,1783.170166015625
5124.0,1783.279052734375
5125.0,1783.6708984375
5126.0,1783.8978271484375
5127.0,1784.158935546875
5128.0,1784.5736083984375
5129.0,1784.7373046875
5130.0,1784.8494873046875
5131.0,1784.886474609375
5132.0,1784.8857421875
5133.0,1784.8955078125
5134.0,1784.8853759765625
5135.0,1784.85009765625
5136.0,1784.62841796875
5137.0,1784.5164794921875
5138.0,1784.3829345703125
5139.0,1784.026611328125
5140.0,1783.81884765625
5141.0,1783.6231689453125
5142.0,1783.286376953125
5143.0,1783.13134765625
5144.0,1782.8250732421875
5145.0,1782.72216796875
5146.0,1782.667236328125
5147.0,1782.501220703125
5148.0,1782.6112060546875
5149.0,1783.0509033203125
5150.0,1783.4619140625
5151.0,1784.12451171875
5152.0,1784.71484375
5153.0,1785.646240234375
5154.0,1786.365478515625
5155.0,1787.154296875
5156.0,1787.647216796875
5157.0,1788.0250244140625
5158.0,1788.2799072265625
5159.0,1788.001708984375
5160.0,1787.7498779296875
5161.0,1787.160400390625
5162.0,1786.468505859375
5163.0,1785.9365234375
5164.0,1785.2803955078125
5165.0,1784.92529296875
5166.0,1784.777099609375
5167.0,1784.718017578125
5168.0,1784.967529296875
5169.0,1785.4781494140625
5170.0,1785.7266845703125
5171.0,1786.0679931640625
5172.0,1786.03466796875
5173.0,1786.0506591796875
5174.0,1785.818603515625
5175.0,1785.556640625
5176.0,1785.3387451171875
5177.0,1784.951416015625
5178.0,1784.8135986328125
5179.0,1784.59765625
5180.0,1784.7786865234375
5181.0,1784.88525390625
5182.0,1784.89892578125
5183.0,1785.287353515625
5184.0,1785.5574951171875
5185.0,1785.814697265625
5186.0,1786.041015625
5187.0,1786.1890869140625
5188.0,1786.0948486328125
5189.0,1786.10888671875
5190.0,1785.880126953125
5191.0,1785.8050537109375
5192.0,1785.751220703125
5193.0,1785.520751953125
5194.0,1785.4993896484375
5195.0,1785.5048828125
5196.0,1785.690673828125
5197.0,1785.669189453125
5198.0,1785.7706298828125
5199.0,1785.7364501953125
5200.0,1785.6844482421875
5201.0,1785.603759765625
5202.0,1785.7230224609375
5203.0,1785.54638671875
5204.0,1785.5174560546875
5205.0,1785.5142822265625
5206.0,1785.681640625
5207.0,1785.6796875
5208.0,1785.67333984375
5209.0,1785.8077392578125
5210.0,1785.773193359375
5211.0,1785.5789794921875
5212.0,1785.752685546875
5213.0,1785.62548828125
5214.0,1785.7215576171875
5215.0,1785.8414306640625
5216.0,1786.00634765625
5217.0,1786.364013671875
5218.0,1786.6722412109375
5219.0,1786.5670166015625
5220.0,1786.74658203125
5221.0,1786.650634765625
5222.0,1786.2552490234375
5223.0,1785.94775390625
5224.0,1785.4407958984375
5225.0,1785.147216796875
5226.0,1784.9375
5227.0,1784.835693359375
5228.0,1784.6845703125
5229.0,1784.78125
5230.0,1784.916748046875
5231.0,1785.05419921875
5232.0,1785.1746826171875
5233.0,1785.2783203125
5234.0,1785.189697265625
5235.0,1785.4857177734375
5236.0,1785.80517578125
5237.0,1786.16259765625
5238.0,1786.4010009765625
5239.0,1786.860107421875
5240.0,1787.3641357421875
5241.0,1787.8662109375
5242.0,1788.31884765625
5243.0,1788.72705078125
5244.0,1788.880615234375
5245.0,1788.9423828125
5246.0,1788.910400390625
5247.0,1788.7911376953125
5248.0,1788.606689453125
5249.0,1788.369140625
5250.0,1787.9102783203125
5251.0,1787.560546875
5252.0,1786.892822265625
5253.0,1786.57177734375
5254.0,1786.2940673828125
5255.0,1785.89892578125
5256.0,1785.8077392578125
5257.0,1785.642333984375
5258.0,1785.736083984375
5259.0,1785.837890625
5260.0,1786.1072998046875
5261.0,1786.1153564453125
5262.0,1785.862548828125
5263.0,1785.6583251953125
5264.0,1785.1986083984375
5265.0,1784.820556640625
5266.0,1784.256591796875
5267.0,1783.9189453125
5268.0,1783.49609375
5269.0,1783.395263671875
5270.0,1783.2965087890625
5271.0,1783.8876953125
5272.0,1784.4124755859375
5273.0,1784.81689453125
5274.0,1785.365234375
5275.0,1785.895751953125
5276.0,1786.3934326171875
5277.0,1786.7044677734375
5278.0,1787.1527099609375
5279.0,1787.4036865234375
5280.0,1787.60302734375
5281.0,1787.73828125
5282.0,1787.9666748046875
5283.0,1787.731689453125
5284.0,1787.607421875
5285.0,1787.414306640625
5286.0,1787.0023193359375
5287.0,1786.731201171875
5288.0,1786.30810546875
5289.0,1786.0732421875
5290.0,1785.70947265625
5291.0,1785.5516357421875
5292.0,1785.4559326171875
5293.0,1785.418212890625
5294.0,1785.4376220703125
5295.0,1785.469970703125
5296.0,1785.507568359375
5297.0,1785.500244140625
5298.0,1785.431884765625
5299.0,1785.307373046875
5300.0,1784.9630126953125
5301.0,1784.799560546875
5302.0,1784.6851806640625
5303.0,1784.4552001953125
5304.0,1784.4842529296875
5305.0,1784.7772216796875
5306.0,1785.005859375
5307.0,1785.4613037109375
5308.0,1785.93017578125
5309.0,1786.2381591796875
5310.0,1786.533203125
5311.0,1786.915771484375
5312.0,1787.0599365234375
5313.0,1787.123779296875
5314.0,1787.12109375
5315.0,1787.046875
5316.0,1786.7706298828125
5317.0,1786.645751953125
5318.0,1786.5567626953125
5319.0,1786.49755859375
5320.0,1786.510986328125
5321.0,1786.5787353515625
5322.0,1786.7216796875
5323.0,1787.0845947265625
5324.0,1787.2857666015625
5325.0,1787.6656494140625
5326.0,1787.984130859375
5327.0,1788.22900390625
5328.0,1788.187255859375
5329.0,1788.065185546875
5330.0,1787.8931884765625
5331.0,1787.689697265625
5332.0,1787.4847412109375
5333.0,1787.1484375
5334.0,1786.9866943359375
5335.0,1786.872314453125
5336.0,1786.5306396484375
5337.0,1786.186279296875
5338.0,1785.7874755859375
5339.0,1785.362548828125
5340.0,1785.1474609375
5341.0,1784.7529296875
5342.0,1784.5972900390625
5343.0,1784.3748779296875
5344.0,1784.408935546875
5345.0,1784.5133056640625
5346.0,1785.05615234375
5347.0,1785.3018798828125
5348.0,1785.7791748046875
5349.0,1786.3077392578125
5350.0,1786.677001953125
5351.0,1787.2113037109375
5352.0,1787.528564453125
5353.0,1787.8193359375
5354.0,1788.3818359375
5355.0,1788.487548828125
5356.0,1788.474365234375
5357.0,1788.1868896484375
5358.0,1787.9801025390625
5359.0,1787.5186767578125
5360.0,1787.2164306640625
5361.0,1786.77490234375
5362.0,1786.3583984375
5363.0,1785.9837646484375
5364.0,1785.8394775390625
5365.0,1785.533447265625
5366.0,1785.38330078125
5367.0,1785.232177734375
5368.0,1785.0615234375
5369.0,1784.7401123046875
5370.0,1784.7724609375
5371.0,1784.7222900390625
5372.0,1784.739501953125
5373.0,1785.00634765625
5374.0,1785.1947021484375
5375.0,1785.631591796875
5376.0,1786.291259765625
5377.0,1786.626220703125
5378.0,1786.9725341796875
5379.0,1787.3258056640625
5380.0,1787.82568359375
5381.0,1788.1182861328125
5382.0,1788.1495361328125
5383.0,1788.249267578125
5384.0,1788.220947265625
5385.0,1787.8460693359375
5386.0,1787.48974609375
5387.0,1786.844970703125
5388.0,1786.2845458984375
5389.0,1785.5625
5390.0,1784.95849609375
5391.0,1784.6572265625
5392.0,1784.396484375
5393.0,1784.468994140625
5394.0,1784.67138671875
5395.0,1785.0096435546875
5396.0,1785.509765625
5397.0,1785.8568115234375
5398.0,1786.4776611328125
5399.0,1786.813720703125
5400.0,1786.829833984375
5401.0,1786.7869873046875
5402.0,1786.8819580078125
5403.0,1786.5982666015625
5404.0,1786.529296875
5405.0,1786.6573486328125
5406.0,1786.6337890625
5407.0,1786.660888671875
5408.0,1786.893798828125
5409.0,1786.9351806640625
5410.0,1786.9383544921875
5411.0,1786.9019775390625
5412.0,1786.7904052734375
5413.0,1786.59814453125
5414.0,1786.3448486328125
5415.0,1785.824462890625
5416.0,1785.50732421875
5417.0,1784.9954833984375
5418.0,1784.5430908203125
5419.0,1784.100830078125
5420.0,1783.9608154296875
5421.0,1783.875
5422.0,1783.833984375
5423.0,1783.664794921875
5424.0,1783.6885986328125
5425.0,1783.7864990234375
5426.0,1783.930419921875
5427.0,1784.3355712890625
5428.0,1784.818603515625
5429.0,1785.3663330078125
5430.0,1785.93896484375
5431.0,1786.3447265625
5432.0,1786.6827392578125
5433.0,1786.9730224609375
5434.0,1787.1849365234375
5435.0,1787.325439453125
5436.0,1787.1802978515625
5437.0,1786.97021484375
5438.0,1786.9102783203125
5439.0,1786.66064453125
5440.0,1786.894287109375
5441.0,1787.059814453125
5442.0,1787.5120849609375
5443.0,1788.0523681640625
5444.0,1788.6978759765625
5445.0,1789.324951171875
5446.0,1789.7698974609375
5447.0,1790.26708984375
5448.0,1790.404052734375
5449.0,1790.3939208984375
5450.0,1789.950927734375
5451.0,1789.546142578125
5452.0,1789.043701171875
5453.0,1788.3455810546875
5454.0,1787.712158203125
5455.0,1787.3017578125
5456.0,1787.0267333984375
5457.0,1786.8936767578125
5458.0,1787.0728759765625
5459.0,1787.3115234375
5460.0,1787.64111328125
5461.0,1787.80810546875
5462.0,1787.9775390625
5463.0,1788.0992431640625
5464.0,1788.36669921875
5465.0,1788.3045654296875
5466.0,1787.943115234375
5467.0,1787.236328125
5468.0,1786.78759765625
5469.0,1786.11767578125
5470.0,1785.66748046875
5471.0,1784.9229736328125
5472.0,1784.7078857421875
5473.0,1784.6468505859375
5474.0,1784.80712890625
5475.0,1785.13720703125
5476.0,1785.629638671875
5477.0,1786.411865234375
5478.0,1787.1966552734375
5479.0,1787.747802734375
5480.0,1788.350830078125
5481.0,1788.6859130859375
5482.0,1788.91455078125
5483.0,1788.8592529296875
5484.0,1788.8983154296875
5485.0,1788.87841796875
5486.0,1788.7908935546875
5487.0,1788.6361083984375
5488.0,1788.2474365234375
5489.0,1787.9598388671875
5490.0,1787.4970703125
5491.0,1787.0460205078125
5492.0,1786.657958984375
5493.0,1786.54150390625
5494.0,1786.2843017578125
5495.0,1786.265625
