X,Y
0.0,2233.3544921875
1.0,2233.390869140625
2.0,2233.452392578125
3.0,2233.4951171875
4.0,2233.622314453125
5.0,2233.539794921875
6.0,2233.67724609375
7.0,2233.814697265625
8.0,2234.2802734375
9.0,2234.404052734375
10.0,2234.699462890625
11.0,2234.95458984375
12.0,2234.958251953125
13.0,2235.13134765625
14.0,2235.113037109375
15.0,2235.306884765625
16.0,2235.2958984375
17.0,2235.307373046875
18.0,2235.368896484375
19.0,2235.446044921875
20.0,2235.484130859375
21.0,2235.7255859375
22.0,2235.75341796875
23.0,2235.48388671875
24.0,2235.470703125
25.0,2235.19189453125
26.0,2235.13330078125
27.0,2235.021484375
28.0,2234.716796875
29.0,2234.402587890625
30.0,2234.348876953125
31.0,2234.27685546875
32.0,2234.213623046875
33.0,2234.2080078125
34.0,2234.454345703125
35.0,2234.167724609375
36.0,2234.463134765625
37.0,2234.484619140625
38.0,2234.55615234375
39.0,2234.62548828125
40.0,2234.71826171875
41.0,2234.77294921875
42.0,2234.84619140625
43.0,2234.88623046875
44.0,2234.90283203125
45.0,2234.966064453125
46.0,2234.93603515625
47.0,2234.96240234375
48.0,2234.47998046875
49.0,2234.4716796875
50.0,2234.448974609375
51.0,2234.48046875
52.0,2234.54541015625
53.0,2234.626708984375
54.0,2234.730224609375
55.0,2235.281982421875
56.0,2235.439453125
57.0,2235.508544921875
58.0,2235.59521484375
59.0,2235.705810546875
60.0,2236.0185546875
61.0,2236.071044921875
62.0,2236.1640625
63.0,2236.191650390625
64.0,2236.20849609375
65.0,2236.389404296875
66.0,2236.33154296875
67.0,2236.27490234375
68.0,2236.205810546875
69.0,2236.3759765625
70.0,2236.31396484375
71.0,2236.327880859375
72.0,2236.3447265625
73.0,2236.5849609375
74.0,2236.60888671875
75.0,2236.61328125
76.0,2236.662109375
77.0,2236.64697265625
78.0,2236.69140625
79.0,2236.66796875
80.0,2236.401611328125
81.0,2236.11328125
82.0,2236.069580078125
83.0,2236.0185546875
84.0,2235.72705078125
85.0,2235.7255859375
86.0,2235.960693359375
87.0,2235.9794921875
88.0,2236.027587890625
89.0,2235.84326171875
90.0,2236.083251953125
91.0,2236.079345703125
92.0,2235.990478515625
93.0,2235.6552734375
94.0,2235.537109375
95.0,2235.404541015625
96.0,2235.25927734375
97.0,2235.12890625
98.0,2234.875
99.0,2234.861572265625
100.0,2234.884765625
101.0,2234.966064453125
102.0,2235.097900390625
103.0,2235.47119140625
104.0,2235.609130859375
105.0,2235.957763671875
106.0,2236.0673828125
107.0,2236.168701171875
108.0,2236.206298828125
109.0,2236.514404296875
110.0,2236.56884765625
111.0,2236.601318359375
112.0,2236.856689453125
113.0,2236.947265625
114.0,2237.052001953125
115.0,2237.0693359375
116.0,2237.084716796875
117.0,2237.04541015625
118.0,2237.00439453125
119.0,2236.7060546875
120.0,2236.624755859375
121.0,2236.50830078125
122.0,2236.161865234375
123.0,2236.03857421875
124.0,2235.724853515625
125.0,2235.7109375
126.0,2235.928466796875
127.0,2235.732421875
128.0,2235.7822265625
129.0,2236.114990234375
130.0,2236.20166015625
131.0,2236.330810546875
132.0,2236.479248046875
133.0,2236.59765625
134.0,2236.747802734375
135.0,2237.086669921875
136.0,2237.128173828125
137.0,2237.41845703125
138.0,2237.3701171875
139.0,2237.325927734375
140.0,2237.279296875
141.0,2237.142822265625
142.0,2237.0673828125
143.0,2236.909912109375
144.0,2236.826171875
145.0,2236.81005859375
146.0,2236.796875
147.0,2236.870849609375
148.0,2236.9091796875
149.0,2236.978759765625
150.0,2237.092529296875
151.0,2236.97900390625
152.0,2237.0302734375
153.0,2237.12353515625
154.0,2237.159912109375
155.0,2237.174072265625
156.0,2237.2138671875
157.0,2237.216064453125
158.0,2237.19970703125
159.0,2237.179443359375
160.0,2237.1513671875
161.0,2237.073486328125
162.0,2237.3505859375
163.0,2237.3291015625
164.0,2237.389892578125
165.0,2237.6689453125
166.0,2237.752685546875
167.0,2237.861572265625
168.0,2237.9140625
169.0,2238.02099609375
170.0,2238.107177734375
171.0,2238.458740234375
172.0,2238.303955078125
173.0,2238.375244140625
174.0,2238.40966796875
175.0,2238.424072265625
176.0,2238.6748046875
177.0,2238.693603515625
178.0,2238.77099609375
179.0,2238.794677734375
180.0,2238.835693359375
181.0,2238.90478515625
182.0,2238.717529296875
183.0,2238.6787109375
184.0,2238.67919921875
185.0,2238.369140625
186.0,2238.712646484375
187.0,2238.62353515625
188.0,2238.505615234375
189.0,2238.419189453125
190.0,2238.31103515625
191.0,2238.166748046875
192.0,2238.146240234375
193.0,2238.095458984375
194.0,2238.131591796875
195.0,2238.200927734375
196.0,2238.31396484375
197.0,2238.486328125
198.0,2238.6337890625
199.0,2238.619140625
200.0,2239.01806640625
201.0,2239.19580078125
202.0,2239.546875
203.0,2239.669921875
204.0,2239.701904296875
205.0,2239.7490234375
206.0,2239.988037109375
207.0,2239.642822265625
208.0,2239.260986328125
209.0,2239.1455078125
210.0,2238.98876953125
211.0,2238.795654296875
212.0,2238.351806640625
213.0,2238.315673828125
214.0,2237.785400390625
215.0,2237.52099609375
216.0,2237.268310546875
217.0,2237.09814453125
218.0,2236.966796875
219.0,2237.17724609375
220.0,2237.48291015625
221.0,2237.587890625
222.0,2237.76220703125
223.0,2237.90576171875
224.0,2238.051513671875
225.0,2237.94287109375
226.0,2237.9365234375
227.0,2237.9541015625
228.0,2237.91796875
229.0,2237.853271484375
230.0,2237.492431640625
231.0,2237.352294921875
232.0,2237.30517578125
233.0,2237.224853515625
234.0,2237.1572265625
235.0,2236.999755859375
236.0,2237.06982421875
237.0,2237.3408203125
238.0,2237.45556640625
239.0,2237.537109375
240.0,2237.5908203125
241.0,2237.832275390625
242.0,2237.5546875
243.0,2237.547607421875
244.0,2237.661376953125
245.0,2237.654541015625
246.0,2237.68212890625
247.0,2237.65234375
248.0,2237.933837890625
249.0,2237.798583984375
250.0,2237.8876953125
251.0,2237.97705078125
252.0,2237.712890625
253.0,2237.97412109375
254.0,2237.97216796875
255.0,2237.712158203125
256.0,2237.661376953125
257.0,2237.435546875
258.0,2237.46533203125
259.0,2237.4765625
260.0,2237.572021484375
261.0,2237.5947265625
262.0,2237.902099609375
263.0,2238.472900390625
264.0,2238.614013671875
265.0,2238.93994140625
266.0,2239.03271484375
267.0,2239.35693359375
268.0,2239.174072265625
269.0,2239.2109375
270.0,2239.219482421875
271.0,2239.198974609375
272.0,2238.91357421875
273.0,2238.8349609375
274.0,2238.739013671875
275.0,2238.6416015625
276.0,2238.5380859375
277.0,2238.70263671875
278.0,2238.63134765625
279.0,2238.613525390625
280.0,2238.591064453125
281.0,2238.64306640625
282.0,2238.939697265625
283.0,2238.753662109375
284.0,2238.787353515625
285.0,2238.81103515625
286.0,2238.79296875
287.0,2238.549072265625
288.0,2238.498291015625
289.0,2238.493408203125
290.0,2238.448974609375
291.0,2238.187255859375
292.0,2238.453369140625
293.0,2238.497314453125
294.0,2238.77880859375
295.0,2239.097900390625
296.0,2239.010498046875
297.0,2239.37353515625
298.0,2239.46533203125
299.0,2239.77001953125
300.0,2239.75341796875
301.0,2239.708251953125
302.0,2239.554443359375
303.0,2239.130859375
304.0,2238.8291015625
305.0,2238.43505859375
306.0,2238.199951171875
307.0,2237.664306640625
308.0,2237.57177734375
309.0,2237.5986328125
310.0,2237.63623046875
311.0,2237.7255859375
312.0,2237.78857421875
313.0,2238.135498046875
314.0,2238.510498046875
315.0,2238.359130859375
316.0,2238.451416015625
317.0,2238.59814453125
318.0,2238.650390625
319.0,2238.753173828125
320.0,2238.887939453125
321.0,2239.008544921875
322.0,2239.13037109375
323.0,2239.49365234375
324.0,2240.107177734375
325.0,2240.144287109375
326.0,2240.12353515625
327.0,2240.081298828125
328.0,2239.727294921875
329.0,2239.64599609375
330.0,2239.791015625
331.0,2239.7099609375
332.0,2239.650634765625
333.0,2239.587158203125
334.0,2239.340087890625
335.0,2239.344970703125
336.0,2239.305908203125
337.0,2239.579345703125
338.0,2239.43115234375
339.0,2239.5185546875
340.0,2239.65283203125
341.0,2239.759033203125
342.0,2239.89111328125
343.0,2239.950927734375
344.0,2239.98828125
345.0,2239.779541015625
346.0,2239.717041015625
347.0,2239.625
348.0,2239.302490234375
349.0,2239.163330078125
350.0,2238.81982421875
351.0,2238.880859375
352.0,2238.56982421875
353.0,2238.479736328125
354.0,2238.62890625
355.0,2238.33837890625
356.0,2238.32958984375
357.0,2238.371337890625
358.0,2238.647216796875
359.0,2238.718994140625
360.0,2238.833251953125
361.0,2239.214111328125
362.0,2239.29443359375
363.0,2239.397216796875
364.0,2239.20703125
365.0,2239.477783203125
366.0,2239.453369140625
367.0,2239.431640625
368.0,2239.431640625
369.0,2239.420654296875
370.0,2239.703857421875
371.0,2239.72705078125
372.0,2239.8046875
373.0,2240.08447265625
374.0,2240.173828125
375.0,2240.200439453125
376.0,2240.197509765625
377.0,2239.980712890625
378.0,2239.987060546875
379.0,2239.89599609375
380.0,2239.85546875
381.0,2240.102783203125
382.0,2239.89208984375
383.0,2240.14013671875
384.0,2240.1650390625
385.0,2240.41748046875
386.0,2240.457763671875
387.0,2240.2568359375
388.0,2240.2744140625
389.0,2240.2607421875
390.0,2240.228271484375
391.0,2240.149169921875
392.0,2240.025634765625
393.0,2239.9697265625
394.0,2239.8642578125
395.0,2239.721435546875
396.0,2239.617919921875
397.0,2239.54248046875
398.0,2239.5146484375
399.0,2239.498779296875
400.0,2239.530029296875
401.0,2239.623779296875
402.0,2239.818115234375
403.0,2239.934814453125
404.0,2240.3515625
405.0,2240.51123046875
406.0,2240.57177734375
407.0,2240.608642578125
408.0,2240.35986328125
409.0,2240.31103515625
410.0,2240.2177734375
411.0,2239.919189453125
412.0,2239.88916015625
413.0,2239.8935546875
414.0,2239.93603515625
415.0,2240.180908203125
416.0,2240.210205078125
417.0,2240.20654296875
418.0,2240.025146484375
419.0,2240.006103515625
420.0,2240.0029296875
421.0,2239.998291015625
422.0,2239.981689453125
423.0,2239.955078125
424.0,2239.951904296875
425.0,2239.93701171875
426.0,2240.11376953125
427.0,2239.791259765625
428.0,2239.7255859375
429.0,2239.877685546875
430.0,2239.8310546875
431.0,2239.540283203125
432.0,2239.533447265625
433.0,2239.8154296875
434.0,2239.914794921875
435.0,2240.03662109375
436.0,2240.447998046875
437.0,2240.936279296875
438.0,2241.157958984375
439.0,2241.6748046875
440.0,2241.864013671875
441.0,2242.233642578125
442.0,2242.13525390625
443.0,2241.95263671875
444.0,2241.8955078125
445.0,2241.513671875
446.0,2241.30908203125
447.0,2240.819580078125
448.0,2240.537109375
449.0,2240.266845703125
450.0,2239.792236328125
451.0,2240.038330078125
452.0,2239.749755859375
453.0,2239.6474609375
454.0,2239.646728515625
455.0,2239.941650390625
456.0,2240.315185546875
457.0,2240.718505859375
458.0,2240.875
459.0,2241.323974609375
460.0,2241.425048828125
461.0,2241.78173828125
462.0,2241.85205078125
463.0,2242.13427734375
464.0,2242.1259765625
465.0,2242.096923828125
466.0,2242.073486328125
467.0,2241.84033203125
468.0,2241.859619140625
469.0,2241.65380859375
470.0,2241.7236328125
471.0,2241.642822265625
472.0,2241.962646484375
473.0,2242.06689453125
474.0,2242.431396484375
475.0,2242.539794921875
476.0,2242.647216796875
477.0,2242.73046875
478.0,2242.746826171875
479.0,2242.52197265625
480.0,2242.489990234375
481.0,2242.4287109375
482.0,2242.136962890625
483.0,2242.020751953125
484.0,2241.697509765625
485.0,2241.63330078125
486.0,2241.334716796875
487.0,2241.2880859375
488.0,2241.26904296875
489.0,2241.2177734375
490.0,2241.237548828125
491.0,2241.241455078125
492.0,2241.2392578125
493.0,2241.45556640625
494.0,2241.392333984375
495.0,2241.514404296875
496.0,2241.343994140625
497.0,2241.212646484375
498.0,2240.83056640625
499.0,2240.619140625
500.0,2240.532958984375
501.0,2240.25634765625
502.0,2240.26513671875
503.0,2240.05419921875
504.0,2240.107177734375
505.0,2240.162841796875
506.0,2240.4765625
507.0,2240.7978515625
508.0,2241.1103515625
509.0,2241.245849609375
510.0,2241.316162109375
511.0,2241.6943359375
512.0,2241.529296875
513.0,2241.624267578125
514.0,2241.393798828125
515.0,2241.24169921875
516.0,2240.996826171875
517.0,2240.769287109375
518.0,2240.688720703125
519.0,2240.380859375
520.0,2240.072265625
521.0,2240.181884765625
522.0,2240.10302734375
523.0,2240.202880859375
524.0,2240.345703125
525.0,2240.494873046875
526.0,2240.629150390625
527.0,2240.640869140625
528.0,2240.64013671875
529.0,2240.71630859375
530.0,2240.82763671875
531.0,2241.03125
532.0,2241.460205078125
533.0,2241.628662109375
534.0,2241.797607421875
535.0,2242.13330078125
536.0,2242.15234375
537.0,2242.39990234375
538.0,2242.13525390625
539.0,2241.605712890625
540.0,2241.56884765625
541.0,2241.513427734375
542.0,2241.5849609375
543.0,2241.657470703125
544.0,2241.76025390625
545.0,2241.913818359375
546.0,2242.272705078125
547.0,2242.612548828125
548.0,2242.9453125
549.0,2243.000732421875
550.0,2243.0546875
551.0,2243.061279296875
552.0,2243.057861328125
553.0,2243.01416015625
554.0,2242.715576171875
555.0,2242.455810546875
556.0,2242.203369140625
557.0,2242.1591796875
558.0,2242.148681640625
559.0,2242.138916015625
560.0,2242.413818359375
561.0,2242.677490234375
562.0,2242.673583984375
563.0,2242.939453125
564.0,2242.96533203125
565.0,2243.189453125
566.0,2243.153076171875
567.0,2243.093017578125
568.0,2242.977783203125
569.0,2242.9326171875
570.0,2242.677734375
571.0,2242.626953125
572.0,2242.36181640625
573.0,2242.3623046875
574.0,2242.334716796875
575.0,2242.335693359375
576.0,2242.138671875
577.0,2242.134033203125
578.0,2242.153076171875
579.0,2242.15234375
580.0,2242.13916015625
581.0,2242.10986328125
582.0,2242.061279296875
583.0,2242.221435546875
584.0,2242.19921875
585.0,2242.24462890625
586.0,2242.075439453125
587.0,2242.36328125
588.0,2242.421875
589.0,2242.566162109375
590.0,2242.652587890625
591.0,2242.730712890625
592.0,2242.74755859375
593.0,2242.7353515625
594.0,2242.756591796875
595.0,2242.929931640625
596.0,2242.884521484375
597.0,2242.796142578125
598.0,2242.946044921875
599.0,2242.932373046875
600.0,2242.932861328125
601.0,2243.22216796875
602.0,2243.2685546875
603.0,2243.326171875
604.0,2243.830810546875
605.0,2243.836669921875
606.0,2243.5810546875
607.0,2243.530029296875
608.0,2243.44580078125
609.0,2242.928955078125
610.0,2242.89892578125
611.0,2242.92822265625
612.0,2242.99609375
613.0,2243.14794921875
614.0,2243.2822265625
615.0,2243.366455078125
616.0,2243.4697265625
617.0,2243.79638671875
618.0,2243.8115234375
619.0,2243.84228515625
620.0,2243.818603515625
621.0,2243.800537109375
622.0,2244.0234375
623.0,2243.99560546875
624.0,2243.950927734375
625.0,2243.888671875
626.0,2243.605224609375
627.0,2243.331298828125
628.0,2243.23046875
629.0,2243.14453125
630.0,2243.322265625
631.0,2243.46728515625
632.0,2243.41796875
633.0,2243.311767578125
634.0,2243.21533203125
635.0,2242.932373046875
636.0,2242.9384765625
637.0,2242.90966796875
638.0,2242.910888671875
639.0,2243.201171875
640.0,2243.199462890625
641.0,2243.18603515625
642.0,2243.14697265625
643.0,2243.037353515625
644.0,2242.933837890625
645.0,2242.670654296875
646.0,2242.8193359375
647.0,2242.8544921875
648.0,2242.693115234375
649.0,2242.808349609375
650.0,2242.96484375
651.0,2243.169677734375
652.0,2243.306396484375
653.0,2243.401611328125
654.0,2243.528564453125
655.0,2243.568603515625
656.0,2243.36767578125
657.0,2243.4267578125
658.0,2243.53076171875
659.0,2243.64306640625
660.0,2244.017578125
661.0,2244.41455078125
662.0,2244.314208984375
663.0,2244.416015625
664.0,2244.273681640625
665.0,2244.3466796875
666.0,2244.607177734375
667.0,2244.535888671875
668.0,2244.214599609375
669.0,2244.079345703125
670.0,2244.076171875
671.0,2243.664794921875
672.0,2243.192138671875
673.0,2242.980712890625
674.0,2242.81982421875
675.0,2242.881103515625
676.0,2242.814208984375
677.0,2242.75244140625
678.0,2243.024658203125
679.0,2243.05078125
680.0,2243.10888671875
681.0,2243.364013671875
682.0,2243.7177734375
683.0,2243.7822265625
684.0,2244.137939453125
685.0,2244.278564453125
686.0,2244.385986328125
687.0,2244.55126953125
688.0,2244.926513671875
689.0,2245.04541015625
690.0,2245.1396484375
691.0,2245.26171875
692.0,2245.53857421875
693.0,2246.0712890625
694.0,2246.16455078125
695.0,2246.194091796875
696.0,2246.0380859375
697.0,2246.03125
698.0,2246.030517578125
699.0,2245.731201171875
700.0,2245.688720703125
701.0,2245.13818359375
702.0,2245.08251953125
703.0,2245.0126953125
704.0,2244.974609375
705.0,2244.872314453125
706.0,2245.01611328125
707.0,2244.924560546875
708.0,2244.777099609375
709.0,2244.163330078125
710.0,2244.019287109375
711.0,2243.9453125
712.0,2243.91650390625
713.0,2243.725341796875
714.0,2243.759033203125
715.0,2243.8349609375
716.0,2243.688720703125
717.0,2243.756591796875
718.0,2243.851806640625
719.0,2244.147705078125
720.0,2244.13232421875
721.0,2244.07958984375
722.0,2244.04248046875
723.0,2244.15185546875
724.0,2243.8525390625
725.0,2243.80126953125
726.0,2243.771484375
727.0,2243.7705078125
728.0,2243.85498046875
729.0,2244.01708984375
730.0,2244.22216796875
731.0,2244.61669921875
732.0,2244.79443359375
733.0,2245.194580078125
734.0,2245.275146484375
735.0,2245.578857421875
736.0,2245.6015625
737.0,2245.61962890625
738.0,2245.5771484375
739.0,2245.552978515625
740.0,2245.556396484375
741.0,2245.206787109375
742.0,2245.357666015625
743.0,2245.04150390625
744.0,2244.963134765625
745.0,2244.445068359375
746.0,2244.369873046875
747.0,2244.275146484375
748.0,2243.813232421875
749.0,2244.03759765625
750.0,2243.75048828125
751.0,2243.763671875
752.0,2244.0341796875
753.0,2243.810791015625
754.0,2244.03369140625
755.0,2244.0732421875
756.0,2244.1845703125
757.0,2244.4345703125
758.0,2244.461181640625
759.0,2245.0185546875
760.0,2245.1640625
761.0,2245.574951171875
762.0,2245.802978515625
763.0,2246.400634765625
764.0,2246.607666015625
765.0,2246.95849609375
766.0,2247.34521484375
767.0,2247.4326171875
768.0,2247.468017578125
769.0,2247.2578125
770.0,2247.22509765625
771.0,2247.1142578125
772.0,2246.7509765625
773.0,2246.620361328125
774.0,2246.251708984375
775.0,2246.1591796875
776.0,2245.8515625
777.0,2245.816650390625
778.0,2245.579345703125
779.0,2245.3623046875
780.0,2245.391845703125
781.0,2245.4072265625
782.0,2245.428955078125
783.0,2245.447509765625
784.0,2245.477294921875
785.0,2245.7314453125
786.0,2245.938232421875
787.0,2245.98974609375
788.0,2246.126220703125
789.0,2246.016845703125
790.0,2246.088134765625
791.0,2245.949462890625
792.0,2245.78759765625
793.0,2245.412841796875
794.0,2245.26318359375
795.0,2245.225341796875
796.0,2244.974609375
797.0,2244.960693359375
798.0,2245.02734375
799.0,2245.047607421875
800.0,2245.14111328125
801.0,2244.9375
802.0,2245.241943359375
803.0,2245.626708984375
804.0,2245.696044921875
805.0,2245.794189453125
806.0,2245.839599609375
807.0,2245.845703125
808.0,2245.79736328125
809.0,2245.73974609375
810.0,2245.685302734375
811.0,2245.3330078125
812.0,2245.028076171875
813.0,2244.890625
814.0,2244.626953125
815.0,2244.538330078125
816.0,2244.24169921875
817.0,2244.284912109375
818.0,2244.3232421875
819.0,2244.4462890625
820.0,2244.556396484375
821.0,2244.698486328125
822.0,2245.105712890625
823.0,2245.244384765625
824.0,2245.385986328125
825.0,2245.480712890625
826.0,2245.5751953125
827.0,2245.3720703125
828.0,2245.399169921875
829.0,2245.5283203125
830.0,2245.47314453125
831.0,2245.71484375
832.0,2245.677978515625
833.0,2245.701416015625
834.0,2245.96337890625
835.0,2245.937255859375
836.0,2246.220458984375
837.0,2246.003662109375
838.0,2246.003173828125
839.0,2245.75341796875
840.0,2245.794921875
841.0,2245.80712890625
842.0,2245.875244140625
843.0,2245.732666015625
844.0,2245.758056640625
845.0,2245.811767578125
846.0,2245.882080078125
847.0,2245.9228515625
848.0,2245.952392578125
849.0,2246.005615234375
850.0,2246.068115234375
851.0,2246.134521484375
852.0,2246.420654296875
853.0,2246.45703125
854.0,2246.520751953125
855.0,2246.540283203125
856.0,2246.587890625
857.0,2246.841552734375
858.0,2246.91455078125
859.0,2247.1943359375
860.0,2247.22265625
861.0,2247.37158203125
862.0,2247.658203125
863.0,2247.705078125
864.0,2247.5478515625
865.0,2247.549072265625
866.0,2247.29052734375
867.0,2247.220458984375
868.0,2246.8994140625
869.0,2247.034912109375
870.0,2246.696044921875
871.0,2246.582275390625
872.0,2246.458984375
873.0,2246.6640625
874.0,2246.60498046875
875.0,2246.560302734375
876.0,2246.719482421875
877.0,2246.705322265625
878.0,2246.437744140625
879.0,2246.443603515625
880.0,2246.444091796875
881.0,2246.396484375
882.0,2246.18017578125
883.0,2246.272216796875
884.0,2246.345458984375
885.0,2246.404052734375
886.0,2246.475830078125
887.0,2246.5849609375
888.0,2246.690673828125
889.0,2246.980224609375
890.0,2247.028564453125
891.0,2247.072265625
892.0,2247.341064453125
893.0,2247.369873046875
894.0,2247.60546875
895.0,2247.906005859375
896.0,2247.893798828125
897.0,2248.108154296875
898.0,2248.3056640625
899.0,2248.05419921875
900.0,2248.10205078125
901.0,2248.08740234375
902.0,2248.156494140625
903.0,2247.911376953125
904.0,2247.681396484375
905.0,2247.59326171875
906.0,2247.31103515625
907.0,2247.275390625
908.0,2247.2392578125
909.0,2247.2568359375
910.0,2247.53515625
911.0,2247.586181640625
912.0,2247.65576171875
913.0,2247.470703125
914.0,2247.453857421875
915.0,2247.4892578125
916.0,2247.4677734375
917.0,2247.4453125
918.0,2247.38427734375
919.0,2247.3056640625
920.0,2247.489013671875
921.0,2247.3837890625
922.0,2247.281982421875
923.0,2247.09521484375
924.0,2246.86767578125
925.0,2246.59033203125
926.0,2246.37109375
927.0,2246.10400390625
928.0,2246.189208984375
929.0,2245.859375
930.0,2246.1083984375
931.0,2246.154541015625
932.0,2246.5556640625
933.0,2246.641357421875
934.0,2246.813720703125
935.0,2247.219970703125
936.0,2247.049560546875
937.0,2246.88330078125
938.0,2247.1708984375
939.0,2246.926025390625
940.0,2246.69287109375
941.0,2246.50048828125
942.0,2246.522705078125
943.0,2246.87353515625
944.0,2246.968505859375
945.0,2247.074462890625
946.0,2247.22900390625
947.0,2247.2744140625
948.0,2247.358154296875
949.0,2247.3681640625
950.0,2247.325927734375
951.0,2247.25439453125
952.0,2247.25634765625
953.0,2247.358642578125
954.0,2247.079345703125
955.0,2247.01220703125
956.0,2247.194091796875
957.0,2246.9248046875
958.0,2246.92333984375
959.0,2246.96484375
960.0,2246.958984375
961.0,2247.197998046875
962.0,2247.221435546875
963.0,2247.201416015625
964.0,2247.429443359375
965.0,2247.39501953125
966.0,2247.183837890625
967.0,2247.18310546875
968.0,2247.149658203125
969.0,2247.12255859375
970.0,2246.860595703125
971.0,2246.80224609375
972.0,2246.79833984375
973.0,2246.29736328125
974.0,2246.2490234375
975.0,2246.267578125
976.0,2246.278076171875
977.0,2246.364013671875
978.0,2246.697265625
979.0,2246.81640625
980.0,2246.90478515625
981.0,2247.218505859375
982.0,2247.292724609375
983.0,2247.33837890625
984.0,2247.37451171875
985.0,2247.390625
986.0,2247.462646484375
987.0,2247.744873046875
988.0,2247.771728515625
989.0,2247.770263671875
990.0,2247.815673828125
991.0,2247.7939453125
992.0,2247.768798828125
993.0,2247.76611328125
994.0,2247.759765625
995.0,2247.838623046875
996.0,2247.91357421875
997.0,2248.01416015625
998.0,2248.025390625
999.0,2248.13330078125
1000.0,2247.90869140625
1001.0,2248.097900390625
1002.0,2248.17919921875
1003.0,2248.180908203125
1004.0,2248.289306640625
1005.0,2248.624267578125
1006.0,2248.7099609375
1007.0,2248.84130859375
1008.0,2249.34033203125
1009.0,2249.397705078125
1010.0,2249.45458984375
1011.0,2249.179443359375
1012.0,2249.125732421875
1013.0,2249.048828125
1014.0,2249.227294921875
1015.0,2249.208984375
1016.0,2249.271728515625
1017.0,2249.36376953125
1018.0,2249.478515625
1019.0,2249.59130859375
1020.0,2250.140869140625
1021.0,2250.2509765625
1022.0,2250.25830078125
1023.0,2250.021484375
1024.0,2250.202392578125
1025.0,2249.911376953125
1026.0,2249.57275390625
1027.0,2249.50048828125
1028.0,2249.38134765625
1029.0,2249.287841796875
1030.0,2249.196533203125
1031.0,2249.116943359375
1032.0,2249.09423828125
1033.0,2248.637939453125
1034.0,2248.676513671875
1035.0,2248.516845703125
1036.0,2248.30078125
1037.0,2248.0791015625
1038.0,2248.046875
1039.0,2247.959716796875
1040.0,2247.848876953125
1041.0,2247.928955078125
1042.0,2247.84716796875
1043.0,2247.997802734375
1044.0,2248.3984375
1045.0,2248.380615234375
1046.0,2248.666259765625
1047.0,2248.968017578125
1048.0,2248.954345703125
1049.0,2249.23193359375
1050.0,2249.29736328125
1051.0,2249.331298828125
1052.0,2249.38916015625
1053.0,2249.441650390625
1054.0,2249.480224609375
1055.0,2249.54150390625
1056.0,2249.417724609375
1057.0,2249.680908203125
1058.0,2249.5419921875
1059.0,2249.6279296875
1060.0,2249.46630859375
1061.0,2249.72119140625
1062.0,2249.7236328125
1063.0,2249.449951171875
1064.0,2249.365478515625
1065.0,2249.257568359375
1066.0,2249.142333984375
1067.0,2249.009521484375
1068.0,2248.9033203125
1069.0,2249.081787109375
1070.0,2248.9990234375
1071.0,2249.01220703125
1072.0,2249.312255859375
1073.0,2249.409423828125
1074.0,2249.59912109375
1075.0,2249.723388671875
1076.0,2249.8447265625
1077.0,2249.9287109375
1078.0,2250.0791015625
1079.0,2250.121826171875
1080.0,2250.15771484375
1081.0,2250.169189453125
1082.0,2249.900146484375
1083.0,2249.59033203125
1084.0,2249.48681640625
1085.0,2249.4033203125
1086.0,2249.48095703125
1087.0,2249.193115234375
1088.0,2249.095458984375
1089.0,2248.990966796875
1090.0,2249.18701171875
1091.0,2248.911376953125
1092.0,2249.127197265625
1093.0,2248.889404296875
1094.0,2248.83349609375
1095.0,2249.024658203125
1096.0,2248.775634765625
1097.0,2248.771484375
1098.0,2249.051513671875
1099.0,2249.08447265625
1100.0,2249.201171875
1101.0,2249.33447265625
1102.0,2249.44580078125
1103.0,2249.39453125
1104.0,2249.4970703125
1105.0,2249.57763671875
1106.0,2249.8876953125
1107.0,2249.946044921875
1108.0,2250.142333984375
1109.0,2249.868408203125
1110.0,2249.76708984375
1111.0,2249.72265625
1112.0,2249.658935546875
1113.0,2249.404296875
1114.0,2249.652099609375
1115.0,2249.632568359375
1116.0,2249.6884765625
1117.0,2249.4599609375
1118.0,2249.388427734375
1119.0,2249.563720703125
1120.0,2249.453857421875
1121.0,2249.392333984375
1122.0,2249.581298828125
1123.0,2249.581787109375
1124.0,2249.366943359375
1125.0,2249.383544921875
1126.0,2249.4970703125
1127.0,2249.629150390625
1128.0,2249.94921875
1129.0,2250.068115234375
1130.0,2250.135986328125
1131.0,2250.19580078125
1132.0,2250.1865234375
1133.0,2250.12451171875
1134.0,2250.124755859375
1135.0,2250.070068359375
1136.0,2250.0146484375
1137.0,2250.23681640625
1138.0,2250.32421875
1139.0,2250.466796875
1140.0,2250.61376953125
1141.0,2251.01025390625
1142.0,2251.184814453125
1143.0,2251.70947265625
1144.0,2251.90185546875
1145.0,2252.107177734375
1146.0,2252.017578125
1147.0,2252.115478515625
1148.0,2251.891845703125
1149.0,2251.780029296875
1150.0,2251.691162109375
1151.0,2251.841796875
1152.0,2251.69873046875
1153.0,2251.61474609375
1154.0,2251.54052734375
1155.0,2251.502685546875
1156.0,2251.709716796875
1157.0,2251.705810546875
1158.0,2251.867431640625
1159.0,2251.6025390625
1160.0,2251.577880859375
1161.0,2251.557373046875
1162.0,2251.243896484375
1163.0,2251.141845703125
1164.0,2251.0849609375
1165.0,2250.715087890625
1166.0,2250.64892578125
1167.0,2250.344970703125
1168.0,2250.309814453125
1169.0,2250.512939453125
1170.0,2250.55859375
1171.0,2250.8955078125
1172.0,2251.152587890625
1173.0,2251.35546875
1174.0,2251.768798828125
1175.0,2252.169921875
1176.0,2252.339599609375
1177.0,2252.39453125
1178.0,2252.3896484375
1179.0,2252.277099609375
1180.0,2252.1787109375
1181.0,2252.061767578125
1182.0,2251.95068359375
1183.0,2251.677978515625
1184.0,2251.65869140625
1185.0,2251.597900390625
1186.0,2251.61328125
1187.0,2251.180908203125
1188.0,2251.19873046875
1189.0,2251.213134765625
1190.0,2251.083251953125
1191.0,2251.03173828125
1192.0,2250.685791015625
1193.0,2250.52294921875
1194.0,2250.37255859375
1195.0,2250.2177734375
1196.0,2250.1142578125
1197.0,2249.993896484375
1198.0,2249.760009765625
1199.0,2250.009765625
1200.0,2250.03564453125
1201.0,2250.0634765625
1202.0,2250.144287109375
1203.0,2250.479736328125
1204.0,2250.604736328125
1205.0,2251.2646484375
1206.0,2251.489501953125
1207.0,2251.644775390625
1208.0,2251.825439453125
1209.0,2252.267578125
1210.0,2252.415771484375
1211.0,2252.482177734375
1212.0,2252.53564453125
1213.0,2252.750732421875
1214.0,2252.753662109375
1215.0,2252.6328125
1216.0,2252.501220703125
1217.0,2252.3193359375
1218.0,2252.161376953125
1219.0,2252.01806640625
1220.0,2251.94970703125
1221.0,2251.8974609375
1222.0,2251.905029296875
1223.0,2251.68505859375
1224.0,2251.781005859375
1225.0,2251.8359375
1226.0,2251.876708984375
1227.0,2251.943359375
1228.0,2252.033447265625
1229.0,2251.849365234375
1230.0,2252.1962890625
1231.0,2252.3154296875
1232.0,2252.44384765625
1233.0,2252.3916015625
1234.0,2252.755126953125
1235.0,2252.544921875
1236.0,2252.324462890625
1237.0,2251.96044921875
1238.0,2251.56005859375
1239.0,2251.3330078125
1240.0,2250.85498046875
1241.0,2250.6416015625
1242.0,2250.469482421875
1243.0,2250.36669921875
1244.0,2250.662353515625
1245.0,2250.891845703125
1246.0,2251.256591796875
1247.0,2251.27783203125
1248.0,2251.304443359375
1249.0,2251.49072265625
1250.0,2251.36474609375
1251.0,2250.977783203125
1252.0,2250.870361328125
1253.0,2250.742919921875
1254.0,2250.68505859375
1255.0,2250.443603515625
1256.0,2250.424560546875
1257.0,2250.436279296875
1258.0,2250.068603515625
1259.0,2250.216552734375
1260.0,2250.34912109375
1261.0,2250.485595703125
1262.0,2250.39306640625
1263.0,2250.734130859375
1264.0,2251.088623046875
1265.0,2251.2138671875
1266.0,2251.28076171875
1267.0,2251.552734375
1268.0,2251.847412109375
1269.0,2251.8798828125
1270.0,2252.16650390625
1271.0,2252.1865234375
1272.0,2252.123046875
1273.0,2252.127685546875
1274.0,2252.33984375
1275.0,2252.475341796875
1276.0,2252.456298828125
1277.0,2252.479736328125
1278.0,2252.222900390625
1279.0,2252.247314453125
1280.0,2252.29638671875
1281.0,2252.357666015625
1282.0,2252.376220703125
1283.0,2252.3798828125
1284.0,2252.34765625
1285.0,2252.535888671875
1286.0,2252.446044921875
1287.0,2252.344482421875
1288.0,2252.25390625
1289.0,2252.2109375
1290.0,2251.9501953125
1291.0,2251.886474609375
1292.0,2251.44287109375
1293.0,2251.494140625
1294.0,2251.52685546875
1295.0,2251.576171875
1296.0,2251.636474609375
1297.0,2251.709716796875
1298.0,2251.694580078125
1299.0,2251.712890625
1300.0,2251.754150390625
1301.0,2251.796142578125
1302.0,2252.060302734375
1303.0,2252.1298828125
1304.0,2252.12890625
1305.0,2252.138916015625
1306.0,2252.15234375
1307.0,2252.12158203125
1308.0,2251.85693359375
1309.0,2251.81884765625
1310.0,2251.700439453125
1311.0,2251.42236328125
1312.0,2251.394287109375
1313.0,2251.365234375
1314.0,2251.348388671875
1315.0,2251.40966796875
1316.0,2251.441162109375
1317.0,2251.449951171875
1318.0,2251.7119140625
1319.0,2251.6767578125
1320.0,2251.964599609375
1321.0,2251.866943359375
1322.0,2252.065673828125
1323.0,2252.02001953125
1324.0,2252.1591796875
1325.0,2252.09814453125
1326.0,2251.82080078125
1327.0,2251.84765625
1328.0,2252.072021484375
1329.0,2251.96240234375
1330.0,2252.038330078125
1331.0,2252.443359375
1332.0,2252.56884765625
1333.0,2252.692626953125
1334.0,2253.240966796875
1335.0,2253.334716796875
1336.0,2253.569580078125
1337.0,2253.572021484375
1338.0,2253.742431640625
1339.0,2253.662841796875
1340.0,2253.541748046875
1341.0,2253.41455078125
1342.0,2253.306396484375
1343.0,2253.2431640625
1344.0,2253.103271484375
1345.0,2253.056640625
1346.0,2253.27294921875
1347.0,2253.013916015625
1348.0,2252.97509765625
1349.0,2252.67724609375
1350.0,2252.665283203125
1351.0,2252.61181640625
1352.0,2252.37939453125
1353.0,2252.400390625
1354.0,2252.446044921875
1355.0,2252.708251953125
1356.0,2252.520263671875
1357.0,2252.5732421875
1358.0,2252.931640625
1359.0,2253.0341796875
1360.0,2253.140625
1361.0,2253.319091796875
1362.0,2253.675048828125
1363.0,2253.802001953125
1364.0,2253.840576171875
1365.0,2253.85400390625
1366.0,2253.82470703125
1367.0,2253.5087890625
1368.0,2253.45263671875
1369.0,2253.202392578125
1370.0,2253.2646484375
1371.0,2253.340576171875
1372.0,2253.4208984375
1373.0,2253.49560546875
1374.0,2253.556884765625
1375.0,2253.661376953125
1376.0,2253.94287109375
1377.0,2253.929443359375
1378.0,2253.895751953125
1379.0,2253.66357421875
1380.0,2253.634521484375
1381.0,2253.635498046875
1382.0,2253.69384765625
1383.0,2253.808837890625
1384.0,2254.194091796875
1385.0,2254.313720703125
1386.0,2254.424072265625
1387.0,2254.526611328125
1388.0,2254.732177734375
1389.0,2254.690185546875
1390.0,2254.48486328125
1391.0,2254.31103515625
1392.0,2254.013427734375
1393.0,2253.829833984375
1394.0,2253.670166015625
1395.0,2253.59130859375
1396.0,2253.837158203125
1397.0,2253.9638671875
1398.0,2254.339111328125
1399.0,2254.517822265625
1400.0,2254.65380859375
1401.0,2254.73583984375
1402.0,2254.781982421875
1403.0,2254.78955078125
1404.0,2254.961181640625
1405.0,2254.48291015625
1406.0,2254.6826171875
1407.0,2254.395751953125
1408.0,2254.427001953125
1409.0,2254.21435546875
1410.0,2254.263916015625
1411.0,2254.28515625
1412.0,2254.219970703125
1413.0,2254.189453125
1414.0,2253.842529296875
1415.0,2253.76318359375
1416.0,2253.65185546875
1417.0,2253.886962890625
1418.0,2253.69140625
1419.0,2253.741943359375
1420.0,2253.79638671875
1421.0,2253.650390625
1422.0,2253.760986328125
1423.0,2253.584716796875
1424.0,2253.658447265625
1425.0,2253.6728515625
1426.0,2253.6962890625
1427.0,2253.7265625
1428.0,2253.7841796875
1429.0,2253.8212890625
1430.0,2253.81201171875
1431.0,2253.844970703125
1432.0,2254.074951171875
1433.0,2254.06640625
1434.0,2254.237060546875
1435.0,2254.162353515625
1436.0,2254.15087890625
1437.0,2254.0869140625
1438.0,2254.0
1439.0,2253.928466796875
1440.0,2253.856201171875
1441.0,2253.810302734375
1442.0,2253.77197265625
1443.0,2253.760986328125
1444.0,2253.759765625
1445.0,2253.785888671875
1446.0,2253.7666015625
1447.0,2253.828369140625
1448.0,2254.127197265625
1449.0,2254.26318359375
1450.0,2254.206298828125
1451.0,2254.590576171875
1452.0,2254.759521484375
1453.0,2254.91015625
1454.0,2255.263427734375
1455.0,2255.28515625
1456.0,2255.25390625
1457.0,2255.19677734375
1458.0,2254.893798828125
1459.0,2254.75439453125
1460.0,2254.59326171875
1461.0,2254.2392578125
1462.0,2254.10498046875
1463.0,2253.749755859375
1464.0,2253.705078125
1465.0,2253.7158203125
1466.0,2253.717529296875
1467.0,2253.756591796875
1468.0,2253.8349609375
1469.0,2253.70947265625
1470.0,2254.031494140625
1471.0,2254.106201171875
1472.0,2254.146484375
1473.0,2254.21484375
1474.0,2254.434814453125
1475.0,2254.430419921875
1476.0,2254.64794921875
1477.0,2254.608154296875
1478.0,2254.594482421875
1479.0,2254.778564453125
1480.0,2254.744140625
1481.0,2254.716064453125
1482.0,2254.868896484375
1483.0,2254.4736328125
1484.0,2254.364501953125
1485.0,2254.340576171875
1486.0,2254.282958984375
1487.0,2254.3310546875
1488.0,2254.54296875
1489.0,2254.687255859375
1490.0,2254.935546875
1491.0,2255.13232421875
1492.0,2255.4658203125
1493.0,2255.72900390625
1494.0,2255.929443359375
1495.0,2256.392822265625
1496.0,2256.50732421875
1497.0,2256.607666015625
1498.0,2256.6142578125
1499.0,2256.29541015625
1500.0,2255.98388671875
1501.0,2255.86474609375
1502.0,2255.3447265625
1503.0,2255.16845703125
1504.0,2254.921875
1505.0,2254.66845703125
1506.0,2254.50390625
1507.0,2254.340087890625
1508.0,2254.222900390625
1509.0,2254.647705078125
1510.0,2254.639892578125
1511.0,2254.689697265625
1512.0,2254.7412109375
1513.0,2255.0263671875
1514.0,2255.108642578125
1515.0,2255.179931640625
1516.0,2255.221923828125
1517.0,2255.257568359375
1518.0,2255.252197265625
1519.0,2255.25830078125
1520.0,2255.158935546875
1521.0,2254.87939453125
1522.0,2254.851318359375
1523.0,2254.8232421875
1524.0,2254.880126953125
1525.0,2255.000732421875
1526.0,2255.1103515625
1527.0,2255.1044921875
1528.0,2255.3095703125
1529.0,2255.45849609375
1530.0,2255.663818359375
1531.0,2256.05126953125
1532.0,2256.10107421875
1533.0,2256.014892578125
1534.0,2255.89501953125
1535.0,2255.908447265625
1536.0,2255.70654296875
1537.0,2255.748291015625
1538.0,2255.373291015625
1539.0,2255.50341796875
1540.0,2255.26708984375
1541.0,2255.2939453125
1542.0,2255.59765625
1543.0,2255.71630859375
1544.0,2256.0419921875
1545.0,2255.8681640625
1546.0,2255.883056640625
1547.0,2255.8310546875
1548.0,2255.701416015625
1549.0,2255.595458984375
1550.0,2255.440185546875
1551.0,2255.28271484375
1552.0,2255.232421875
1553.0,2255.150146484375
1554.0,2254.90771484375
1555.0,2254.975341796875
1556.0,2255.218994140625
1557.0,2255.215087890625
1558.0,2255.232421875
1559.0,2255.24462890625
1560.0,2255.201904296875
1561.0,2255.384765625
1562.0,2255.362060546875
1563.0,2255.149658203125
1564.0,2255.1484375
1565.0,2254.99072265625
1566.0,2255.05029296875
1567.0,2254.884765625
1568.0,2254.61328125
1569.0,2254.4228515625
1570.0,2254.185302734375
1571.0,2254.155517578125
1572.0,2254.20947265625
1573.0,2254.2744140625
1574.0,2254.63525390625
1575.0,2254.76025390625
1576.0,2254.919189453125
1577.0,2255.043701171875
1578.0,2255.624267578125
1579.0,2255.7314453125
1580.0,2255.76318359375
1581.0,2255.99560546875
1582.0,2256.0703125
1583.0,2256.311279296875
1584.0,2256.360595703125
1585.0,2256.386962890625
1586.0,2256.648681640625
1587.0,2256.645263671875
1588.0,2256.455322265625
1589.0,2256.5009765625
1590.0,2256.52294921875
1591.0,2256.519775390625
1592.0,2256.528076171875
1593.0,2256.49560546875
1594.0,2256.172119140625
1595.0,2256.095703125
1596.0,2255.98876953125
1597.0,2255.8525390625
1598.0,2255.453125
1599.0,2255.289306640625
1600.0,2255.13916015625
1601.0,2255.019775390625
1602.0,2255.1416015625
1603.0,2255.11572265625
1604.0,2255.14404296875
1605.0,2255.463623046875
1606.0,2255.65625
1607.0,2255.92333984375
1608.0,2256.295166015625
1609.0,2256.8564453125
1610.0,2257.18359375
1611.0,2257.45654296875
1612.0,2257.623046875
1613.0,2257.87890625
1614.0,2257.74951171875
1615.0,2257.5537109375
1616.0,2257.315185546875
1617.0,2257.08447265625
1618.0,2257.127197265625
1619.0,2256.9609375
1620.0,2256.937255859375
1621.0,2256.962158203125
1622.0,2256.8525390625
1623.0,2256.963623046875
1624.0,2257.094970703125
1625.0,2257.012451171875
1626.0,2257.135009765625
1627.0,2257.244384765625
1628.0,2257.075927734375
1629.0,2257.15576171875
1630.0,2257.389404296875
1631.0,2257.36572265625
1632.0,2257.3203125
1633.0,2257.2744140625
1634.0,2257.3623046875
1635.0,2257.43603515625
1636.0,2257.118408203125
1637.0,2257.006591796875
1638.0,2256.9404296875
1639.0,2257.08935546875
1640.0,2257.002685546875
1641.0,2256.965576171875
1642.0,2256.948974609375
1643.0,2256.950439453125
1644.0,2256.70751953125
1645.0,2256.93408203125
1646.0,2256.973876953125
1647.0,2257.00732421875
1648.0,2257.242919921875
1649.0,2257.2646484375
1650.0,2257.246826171875
1651.0,2257.28955078125
1652.0,2257.041015625
1653.0,2257.058349609375
1654.0,2256.814453125
1655.0,2256.7763671875
1656.0,2256.784912109375
1657.0,2256.74951171875
1658.0,2256.47021484375
1659.0,2256.471435546875
1660.0,2256.46044921875
1661.0,2256.466552734375
1662.0,2256.51904296875
1663.0,2256.409912109375
1664.0,2256.26220703125
1665.0,2256.368408203125
1666.0,2256.474853515625
1667.0,2256.318603515625
1668.0,2256.37890625
1669.0,2256.414794921875
1670.0,2256.44873046875
1671.0,2256.691650390625
1672.0,2256.717529296875
1673.0,2256.74169921875
1674.0,2257.053466796875
1675.0,2256.865966796875
1676.0,2256.94189453125
1677.0,2257.217041015625
1678.0,2257.30517578125
1679.0,2257.32421875
1680.0,2257.541259765625
1681.0,2257.4228515625
1682.0,2257.29541015625
1683.0,2257.139892578125
1684.0,2257.16015625
1685.0,2256.978271484375
1686.0,2256.765380859375
1687.0,2256.652099609375
1688.0,2256.8447265625
1689.0,2256.8515625
1690.0,2256.89892578125
1691.0,2256.994140625
1692.0,2257.05419921875
1693.0,2257.148193359375
1694.0,2257.243408203125
1695.0,2257.313232421875
1696.0,2257.45703125
1697.0,2257.357666015625
1698.0,2257.77001953125
1699.0,2257.698974609375
1700.0,2258.122802734375
1701.0,2258.0771484375
1702.0,2257.920166015625
1703.0,2258.32861328125
1704.0,2258.37548828125
1705.0,2258.3505859375
1706.0,2258.4990234375
1707.0,2259.0205078125
1708.0,2259.203369140625
1709.0,2259.358642578125
1710.0,2259.304931640625
1711.0,2259.20263671875
1712.0,2258.883544921875
1713.0,2258.318359375
1714.0,2258.4541015625
1715.0,2258.12060546875
1716.0,2258.061767578125
1717.0,2258.22802734375
1718.0,2257.961181640625
1719.0,2258.16162109375
1720.0,2258.3740234375
1721.0,2258.41943359375
1722.0,2258.40966796875
1723.0,2258.416015625
1724.0,2258.455322265625
1725.0,2258.475341796875
1726.0,2258.255615234375
1727.0,2258.361572265625
1728.0,2258.44287109375
1729.0,2258.3330078125
1730.0,2258.411376953125
1731.0,2258.4619140625
1732.0,2258.539794921875
1733.0,2258.5830078125
1734.0,2258.55859375
1735.0,2258.56005859375
1736.0,2258.44775390625
1737.0,2258.314453125
1738.0,2258.15283203125
1739.0,2257.92822265625
1740.0,2257.35546875
1741.0,2257.446533203125
1742.0,2257.143310546875
1743.0,2257.32861328125
1744.0,2257.08154296875
1745.0,2257.581787109375
1746.0,2257.626220703125
1747.0,2257.707275390625
1748.0,2257.780029296875
1749.0,2258.06298828125
1750.0,2258.367919921875
1751.0,2258.4150390625
1752.0,2258.406494140625
1753.0,2258.436767578125
1754.0,2258.50341796875
1755.0,2258.485107421875
1756.0,2258.57568359375
1757.0,2258.376708984375
1758.0,2258.665283203125
1759.0,2258.50634765625
1760.0,2258.764404296875
1761.0,2258.7861328125
1762.0,2258.776611328125
1763.0,2258.807373046875
1764.0,2258.775146484375
1765.0,2258.724365234375
1766.0,2258.715576171875
1767.0,2258.709228515625
1768.0,2258.52978515625
1769.0,2258.6279296875
1770.0,2258.5146484375
1771.0,2258.650146484375
1772.0,2258.846435546875
1773.0,2258.990478515625
1774.0,2259.066650390625
1775.0,2259.105712890625
1776.0,2258.861572265625
1777.0,2258.833984375
1778.0,2258.725830078125
1779.0,2258.35546875
1780.0,2258.460205078125
1781.0,2258.547119140625
1782.0,2258.4306640625
1783.0,2258.603515625
1784.0,2258.29638671875
1785.0,2258.24169921875
1786.0,2257.950439453125
1787.0,2257.88623046875
1788.0,2257.728515625
1789.0,2257.490478515625
1790.0,2257.444091796875
1791.0,2257.336669921875
1792.0,2257.398193359375
1793.0,2257.57763671875
1794.0,2257.598876953125
1795.0,2257.875732421875
1796.0,2258.164794921875
1797.0,2258.291748046875
1798.0,2258.920654296875
1799.0,2259.066650390625
1800.0,2259.548828125
1801.0,2259.75732421875
1802.0,2260.10595703125
1803.0,2260.19287109375
1804.0,2260.589111328125
1805.0,2260.33203125
1806.0,2260.6142578125
1807.0,2260.60498046875
1808.0,2260.173828125
1809.0,2260.176025390625
1810.0,2260.22509765625
1811.0,2260.0791015625
1812.0,2260.366455078125
1813.0,2260.24951171875
1814.0,2260.305908203125
1815.0,2260.571533203125
1816.0,2260.60107421875
1817.0,2260.6279296875
1818.0,2260.600830078125
1819.0,2260.58642578125
1820.0,2260.59130859375
1821.0,2260.580810546875
1822.0,2260.76123046875
1823.0,2260.75390625
1824.0,2260.89697265625
1825.0,2260.843017578125
1826.0,2260.984619140625
1827.0,2260.849365234375
1828.0,2260.99658203125
1829.0,2260.889892578125
1830.0,2260.83203125
1831.0,2260.59130859375
1832.0,2260.595703125
1833.0,2260.570556640625
1834.0,2260.321044921875
1835.0,2260.3720703125
1836.0,2260.39306640625
1837.0,2260.425537109375
1838.0,2260.2255859375
1839.0,2260.4443359375
1840.0,2260.4267578125
1841.0,2260.420654296875
1842.0,2260.39794921875
1843.0,2260.3154296875
1844.0,2260.44580078125
1845.0,2260.055908203125
1846.0,2259.927734375
1847.0,2259.783447265625
1848.0,2259.4287109375
1849.0,2259.204345703125
1850.0,2259.211669921875
1851.0,2259.263671875
1852.0,2259.39697265625
1853.0,2259.559326171875
1854.0,2259.778564453125
1855.0,2259.943603515625
1856.0,2260.304931640625
1857.0,2260.405517578125
1858.0,2260.443115234375
1859.0,2260.511962890625
1860.0,2260.45361328125
1861.0,2260.4423828125
1862.0,2260.2626953125
1863.0,2260.34033203125
1864.0,2260.367919921875
1865.0,2260.203857421875
1866.0,2260.446533203125
1867.0,2260.48681640625
1868.0,2260.4482421875
1869.0,2260.49560546875
1870.0,2260.750732421875
1871.0,2260.7080078125
1872.0,2260.9580078125
1873.0,2261.147216796875
1874.0,2261.175537109375
1875.0,2261.645263671875
1876.0,2261.93212890625
1877.0,2261.91015625
1878.0,2262.406494140625
1879.0,2262.451416015625
1880.0,2262.780517578125
1881.0,2263.095703125
1882.0,2263.622802734375
1883.0,2270.4755859375
1884.0,2272.37158203125
1885.0,2273.806640625
1886.0,2275.09228515625
1887.0,2276.783203125
1888.0,2278.363525390625
1889.0,2279.366455078125
1890.0,2281.110595703125
1891.0,2282.100830078125
1892.0,2283.23974609375
1893.0,2284.2705078125
1894.0,2285.669189453125
1895.0,2287.16015625
1896.0,2288.08984375
1897.0,2289.520751953125
1898.0,2291.04638671875
1899.0,2292.99462890625
1900.0,2294.499267578125
1901.0,2296.4365234375
1902.0,2298.41259765625
1903.0,2300.47509765625
1904.0,2302.61474609375
1905.0,2305.011474609375
1906.0,2306.904296875
1907.0,2309.539306640625
1908.0,2318.809326171875
1909.0,2323.01953125
1910.0,2328.157470703125
1911.0,2329.947021484375
1912.0,2331.110107421875
1913.0,2332.469970703125
1914.0,2333.886474609375
1915.0,2335.449951171875
1916.0,2336.98193359375
1917.0,2338.310546875
1918.0,2339.72216796875
1919.0,2341.1025390625
1920.0,2342.355224609375
1921.0,2343.1103515625
1922.0,2344.0595703125
1923.0,2344.68359375
1924.0,2345.35595703125
1925.0,2345.9462890625
1926.0,2346.71826171875
1927.0,2347.30224609375
1928.0,2347.860107421875
1929.0,2348.359130859375
1930.0,2349.118408203125
1931.0,2349.93994140625
1932.0,2350.47607421875
1933.0,2351.013671875
1934.0,2351.767822265625
1935.0,2352.49951171875
1936.0,2353.013916015625
1937.0,2353.705810546875
1938.0,2354.198974609375
1939.0,2354.5205078125
1940.0,2355.243896484375
1941.0,2355.665283203125
1942.0,2356.458984375
1943.0,2357.01513671875
1944.0,2357.87841796875
1945.0,2358.477294921875
1946.0,2359.48388671875
1947.0,2360.30224609375
1948.0,2361.0068359375
1949.0,2361.593994140625
1950.0,2362.275146484375
1951.0,2363.085693359375
1952.0,2363.865234375
1953.0,2364.81103515625
1954.0,2365.241943359375
1955.0,2366.60595703125
1956.0,2367.625
1957.0,2368.6494140625
1958.0,2369.5439453125
1959.0,2370.75732421875
1960.0,2371.709716796875
1961.0,2372.587646484375
1962.0,2373.921875
1963.0,2375.3330078125
1964.0,2376.62158203125
1965.0,2377.78125
1966.0,2378.882568359375
1967.0,2380.08251953125
1968.0,2381.18994140625
1969.0,2382.438232421875
1970.0,2383.395263671875
1971.0,2384.541015625
1972.0,2385.27880859375
1973.0,2385.275146484375
1974.0,2385.222900390625
1975.0,2384.82958984375
1976.0,2384.65771484375
1977.0,2384.4970703125
1978.0,2384.1162109375
1979.0,2384.006591796875
1980.0,2384.18603515625
1981.0,2384.23046875
1982.0,2384.759765625
1983.0,2386.48583984375
1984.0,2387.384521484375
1985.0,2388.091552734375
1986.0,2389.0068359375
1987.0,2389.938720703125
1988.0,2390.69140625
1989.0,2391.55908203125
1990.0,2392.39404296875
1991.0,2392.995361328125
1992.0,2393.511962890625
1993.0,2394.361083984375
1994.0,2394.89599609375
1995.0,2395.484619140625
1996.0,2396.343505859375
1997.0,2396.777587890625
1998.0,2397.6943359375
1999.0,2398.171630859375
2000.0,2398.898193359375
2001.0,2399.57568359375
2002.0,2400.357421875
2003.0,2400.771240234375
2004.0,2401.68017578125
2005.0,2402.58349609375
2006.0,2403.769287109375
2007.0,2404.994140625
2008.0,2406.16796875
2009.0,2407.31396484375
2010.0,2407.741943359375
2011.0,2408.637939453125
2012.0,2409.12255859375
2013.0,2409.567626953125
2014.0,2409.55712890625
2015.0,2409.981201171875
2016.0,2410.085693359375
2017.0,2410.819091796875
2018.0,2410.849609375
2019.0,2410.911865234375
2020.0,2411.328369140625
2021.0,2411.84130859375
2022.0,2412.19189453125
2023.0,2412.6455078125
2024.0,2412.861083984375
2025.0,2413.581298828125
2026.0,2413.861328125
2027.0,2414.1494140625
2028.0,2414.647216796875
2029.0,2414.945556640625
2030.0,2415.238037109375
2031.0,2415.767333984375
2032.0,2416.61083984375
2033.0,2417.106201171875
2034.0,2418.035400390625
2035.0,2418.740234375
2036.0,2419.47021484375
2037.0,2420.040283203125
2038.0,2421.15087890625
2039.0,2421.7705078125
2040.0,2422.564208984375
2041.0,2424.08203125
2042.0,2425.06103515625
2043.0,2426.06640625
2044.0,2426.534912109375
2045.0,2427.368896484375
2046.0,2427.993408203125
2047.0,2428.903564453125
2048.0,2429.505615234375
2049.0,2429.830810546875
2050.0,2430.460205078125
2051.0,2430.780517578125
2052.0,2430.923828125
2053.0,2431.51513671875
2054.0,2431.65673828125
2055.0,2432.29541015625
2056.0,2432.734619140625
2057.0,2433.43408203125
2058.0,2434.000732421875
2059.0,2434.506103515625
2060.0,2435.344970703125
2061.0,2435.99560546875
2062.0,2436.717041015625
2063.0,2437.56298828125
2064.0,2438.3935546875
2065.0,2439.48779296875
2066.0,2440.164306640625
2067.0,2441.003662109375
2068.0,2441.83056640625
2069.0,2442.238037109375
2070.0,2442.842529296875
2071.0,2443.12451171875
2072.0,2443.79736328125
2073.0,2443.692626953125
2074.0,2443.61767578125
2075.0,2443.67626953125
2076.0,2443.62841796875
2077.0,2443.943115234375
2078.0,2444.01416015625
2079.0,2443.950927734375
2080.0,2444.17822265625
2081.0,2444.704345703125
2082.0,2444.895263671875
2083.0,2445.11279296875
2084.0,2445.07275390625
2085.0,2445.25244140625
2086.0,2445.525634765625
2087.0,2446.052978515625
2088.0,2447.01708984375
2089.0,2447.22900390625
2090.0,2447.95703125
2091.0,2448.343505859375
2092.0,2448.790283203125
2093.0,2449.04638671875
2094.0,2449.234375
2095.0,2449.392578125
2096.0,2449.7734375
2097.0,2450.15087890625
2098.0,2450.495361328125
2099.0,2450.982421875
2100.0,2451.734375
2101.0,2452.59716796875
2102.0,2453.383544921875
2103.0,2454.462158203125
2104.0,2455.316650390625
2105.0,2456.4208984375
2106.0,2457.1416015625
2107.0,2457.848876953125
2108.0,2458.177001953125
2109.0,2458.63671875
2110.0,2458.918212890625
2111.0,2458.92626953125
2112.0,2458.65966796875
2113.0,2458.37255859375
2114.0,2458.35107421875
2115.0,2458.5673828125
2116.0,2458.349365234375
2117.0,2458.653564453125
2118.0,2458.837646484375
2119.0,2459.28857421875
2120.0,2459.595703125
2121.0,2460.0390625
2122.0,2460.544921875
2123.0,2460.97021484375
2124.0,2461.37109375
2125.0,2461.487548828125
2126.0,2462.021728515625
2127.0,2462.010498046875
2128.0,2461.99267578125
2129.0,2461.985595703125
2130.0,2462.0078125
2131.0,2462.010009765625
2132.0,2462.201904296875
2133.0,2462.301513671875
2134.0,2462.576904296875
2135.0,2463.20751953125
2136.0,2463.986572265625
2137.0,2464.7578125
2138.0,2465.342041015625
2139.0,2466.229736328125
2140.0,2466.760009765625
2141.0,2467.73486328125
2142.0,2468.586669921875
2143.0,2469.4072265625
2144.0,2470.455810546875
2145.0,2471.4375
2146.0,2472.11962890625
2147.0,2472.489990234375
2148.0,2473.109375
2149.0,2473.38720703125
2150.0,2473.3935546875
2151.0,2473.25732421875
2152.0,2473.2783203125
2153.0,2473.156982421875
2154.0,2473.030029296875
2155.0,2472.968505859375
2156.0,2472.962890625
2157.0,2473.049560546875
2158.0,2473.415771484375
2159.0,2473.530517578125
2160.0,2473.9599609375
2161.0,2474.00830078125
2162.0,2474.689208984375
2163.0,2474.614990234375
2164.0,2474.836669921875
2165.0,2475.3623046875
2166.0,2475.701171875
2167.0,2476.288330078125
2168.0,2476.867919921875
2169.0,2477.6923828125
2170.0,2478.2001953125
2171.0,2478.925537109375
2172.0,2479.148681640625
2173.0,2479.04052734375
2174.0,2479.1103515625
2175.0,2479.03076171875
2176.0,2479.10986328125
2177.0,2479.457275390625
2178.0,2479.573486328125
2179.0,2479.9306640625
2180.0,2480.287109375
2181.0,2480.96142578125
2182.0,2481.18994140625
2183.0,2481.632568359375
2184.0,2481.8994140625
2185.0,2482.3486328125
2186.0,2482.818603515625
2187.0,2483.05908203125
2188.0,2482.959228515625
2189.0,2483.060546875
2190.0,2483.22509765625
2191.0,2483.52734375
2192.0,2483.5888671875
2193.0,2483.95751953125
2194.0,2484.04638671875
2195.0,2484.401611328125
2196.0,2484.993408203125
2197.0,2485.103515625
2198.0,2485.359130859375
2199.0,2485.39990234375
2200.0,2485.7509765625
2201.0,2485.6142578125
2202.0,2485.74169921875
2203.0,2486.1494140625
2204.0,2486.41064453125
2205.0,2486.9033203125
2206.0,2487.59423828125
2207.0,2488.171875
2208.0,2489.10302734375
2209.0,2489.8232421875
2210.0,2490.4921875
2211.0,2491.277099609375
2212.0,2491.64013671875
2213.0,2492.087890625
2214.0,2492.320556640625
2215.0,2491.959716796875
2216.0,2491.66552734375
2217.0,2491.210693359375
2218.0,2490.61572265625
2219.0,2490.20751953125
2220.0,2489.6669921875
2221.0,2489.35302734375
2222.0,2488.9833984375
2223.0,2488.75830078125
2224.0,2488.61572265625
2225.0,2488.377197265625
2226.0,2488.37548828125
2227.0,2488.23046875
2228.0,2488.071533203125
2229.0,2488.0361328125
2230.0,2487.32177734375
2231.0,2487.574951171875
2232.0,2487.742431640625
2233.0,2487.843017578125
2234.0,2488.00927734375
2235.0,2488.46630859375
2236.0,2488.21142578125
2237.0,2488.4189453125
2238.0,2488.86767578125
2239.0,2489.0634765625
2240.0,2489.4599609375
2241.0,2489.499755859375
2242.0,2490.03955078125
2243.0,2490.8125
2244.0,2492.260009765625
2245.0,2492.608154296875
2246.0,2493.14599609375
2247.0,2493.42822265625
2248.0,2492.576171875
2249.0,2492.89794921875
2250.0,2493.00244140625
2251.0,2492.940673828125
2252.0,2492.738525390625
2253.0,2492.54052734375
2254.0,2490.814453125
2255.0,2490.517578125
2256.0,2489.0185546875
2257.0,2488.329345703125
2258.0,2487.536376953125
2259.0,2484.7158203125
2260.0,2484.800537109375
2261.0,2484.721435546875
2262.0,2485.03271484375
2263.0,2485.12744140625
2264.0,2485.549072265625
2265.0,2486.081787109375
2266.0,2486.411865234375
2267.0,2487.028564453125
2268.0,2487.288330078125
2269.0,2487.677978515625
2270.0,2488.046142578125
2271.0,2489.60400390625
2272.0,2489.8388671875
2273.0,2490.18115234375
2274.0,2490.503662109375
2275.0,2490.7705078125
2276.0,2491.315185546875
2277.0,2492.480712890625
2278.0,2492.735595703125
2279.0,2492.525146484375
2280.0,2491.314453125
2281.0,2490.99169921875
2282.0,2491.0029296875
2283.0,2490.56201171875
2284.0,2490.231201171875
2285.0,2490.216796875
2286.0,2490.065673828125
2287.0,2490.27001953125
2288.0,2490.25048828125
2289.0,2490.60791015625
2290.0,2490.759765625
2291.0,2490.900634765625
2292.0,2491.10009765625
2293.0,2492.208251953125
2294.0,2492.313232421875
2295.0,2492.357177734375
2296.0,2492.45361328125
2297.0,2492.512451171875
2298.0,2492.5263671875
2299.0,2492.56005859375
2300.0,2490.82373046875
2301.0,2490.583251953125
2302.0,2490.633056640625
2303.0,2490.676513671875
2304.0,2490.77099609375
2305.0,2490.90625
2306.0,2491.1142578125
2307.0,2491.515869140625
2308.0,2491.5439453125
2309.0,2491.77392578125
2310.0,2491.916259765625
2311.0,2493.263916015625
2312.0,2492.772705078125
2313.0,2492.5380859375
2314.0,2492.41748046875
2315.0,2492.269287109375
2316.0,2492.77001953125
2317.0,2492.84912109375
2318.0,2492.942138671875
2319.0,2493.17333984375
2320.0,2493.319091796875
2321.0,2493.40478515625
2322.0,2492.408203125
2323.0,2492.521728515625
2324.0,2492.923828125
2325.0,2490.984130859375
2326.0,2491.192138671875
2327.0,2491.3994140625
2328.0,2491.598876953125
2329.0,2491.72509765625
2330.0,2491.848388671875
2331.0,2491.8828125
2332.0,2491.823974609375
2333.0,2491.778564453125
2334.0,2491.66162109375
2335.0,2491.841552734375
2336.0,2491.81396484375
2337.0,2492.11962890625
2338.0,2492.1279296875
2339.0,2492.141357421875
2340.0,2492.20703125
2341.0,2492.261962890625
2342.0,2492.30224609375
2343.0,2492.43212890625
2344.0,2492.2099609375
2345.0,2494.82763671875
2346.0,2494.88720703125
2347.0,2494.945556640625
2348.0,2495.046875
2349.0,2495.11279296875
2350.0,2495.1708984375
2351.0,2494.958251953125
2352.0,2494.70263671875
2353.0,2494.729736328125
2354.0,2494.7666015625
2355.0,2493.693603515625
2356.0,2493.614990234375
2357.0,2493.712158203125
2358.0,2493.5849609375
2359.0,2493.43212890625
2360.0,2493.278564453125
2361.0,2493.1015625
2362.0,2492.7236328125
2363.0,2492.590576171875
2364.0,2492.22265625
2365.0,2491.89453125
2366.0,2491.56103515625
2367.0,2491.517333984375
2368.0,2491.28466796875
2369.0,2491.38671875
2370.0,2491.432861328125
2371.0,2491.892578125
2372.0,2492.04931640625
2373.0,2492.529541015625
2374.0,2492.559326171875
2375.0,2491.125244140625
2376.0,2491.4375
2377.0,2491.511962890625
2378.0,2491.633056640625
2379.0,2491.68798828125
2380.0,2493.091552734375
2381.0,2493.153076171875
2382.0,2493.49365234375
2383.0,2493.505859375
2384.0,2493.9833984375
2385.0,2496.047607421875
2386.0,2494.327392578125
2387.0,2494.501953125
2388.0,2494.254150390625
2389.0,2493.83837890625
2390.0,2493.4541015625
2391.0,2493.412841796875
2392.0,2493.082275390625
2393.0,2493.153076171875
2394.0,2493.03857421875
2395.0,2493.094482421875
2396.0,2493.21875
2397.0,2493.34423828125
2398.0,2493.361083984375
2399.0,2493.4267578125
2400.0,2493.4365234375
2401.0,2493.46728515625
2402.0,2493.559326171875
2403.0,2492.01708984375
2404.0,2491.969482421875
2405.0,2492.10693359375
2406.0,2492.21630859375
2407.0,2492.278564453125
2408.0,2492.23291015625
2409.0,2492.42529296875
2410.0,2492.518798828125
2411.0,2492.625732421875
2412.0,2492.753173828125
2413.0,2492.60498046875
2414.0,2493.57958984375
2415.0,2493.504150390625
2416.0,2493.5107421875
2417.0,2493.598388671875
2418.0,2492.62939453125
2419.0,2492.356201171875
2420.0,2492.502197265625
2421.0,2492.536376953125
2422.0,2492.553955078125
2423.0,2492.5380859375
2424.0,2492.379150390625
2425.0,2492.12890625
2426.0,2491.902099609375
2427.0,2491.69189453125
2428.0,2491.441650390625
2429.0,2491.603271484375
2430.0,2494.981201171875
2431.0,2494.787841796875
2432.0,2494.53076171875
2433.0,2494.33251953125
2434.0,2494.039794921875
2435.0,2495.70458984375
2436.0,2495.35400390625
2437.0,2495.33984375
2438.0,2492.987548828125
2439.0,2492.8427734375
2440.0,2492.720703125
2441.0,2492.54833984375
2442.0,2492.396484375
2443.0,2492.361328125
2444.0,2492.302001953125
2445.0,2491.979736328125
2446.0,2491.947265625
2447.0,2492.010009765625
2448.0,2492.249267578125
2449.0,2494.351318359375
2450.0,2489.26318359375
2451.0,2489.23779296875
2452.0,2489.501220703125
2453.0,2489.762451171875
2454.0,2490.390625
2455.0,2492.65087890625
2456.0,2492.623291015625
2457.0,2492.5732421875
2458.0,2494.36572265625
2459.0,2493.95361328125
2460.0,2493.86328125
2461.0,2493.400146484375
2462.0,2493.22021484375
2463.0,2490.6171875
2464.0,2490.422607421875
2465.0,2490.305908203125
2466.0,2489.919189453125
2467.0,2489.896240234375
2468.0,2489.986328125
2469.0,2490.06103515625
2470.0,2493.301025390625
2471.0,2493.38623046875
2472.0,2493.180908203125
2473.0,2492.006103515625
2474.0,2491.625732421875
2475.0,2491.2119140625
2476.0,2491.01416015625
2477.0,2491.0849609375
2478.0,2490.91455078125
2479.0,2489.409912109375
2480.0,2489.6875
2481.0,2489.767333984375
2482.0,2488.388916015625
2483.0,2488.49169921875
2484.0,2488.41162109375
2485.0,2490.7529296875
2486.0,2488.05029296875
2487.0,2487.810302734375
2488.0,2487.502685546875
2489.0,2487.115234375
2490.0,2486.68701171875
2491.0,2486.45068359375
2492.0,2485.939453125
2493.0,2488.519775390625
2494.0,2485.8427734375
2495.0,2485.7734375
2496.0,2485.654296875
2497.0,2485.880126953125
2498.0,2485.955078125
2499.0,2486.064453125
2500.0,2486.09814453125
2501.0,2486.35107421875
2502.0,2486.40185546875
2503.0,2486.472900390625
2504.0,2486.47607421875
2505.0,2486.540283203125
2506.0,2486.543701171875
2507.0,2486.5927734375
2508.0,2486.439453125
2509.0,2486.441650390625
2510.0,2486.39599609375
2511.0,2485.982177734375
2512.0,2485.980712890625
2513.0,2485.92333984375
2514.0,2485.750244140625
2515.0,2485.4052734375
2516.0,2485.3955078125
2517.0,2488.29052734375
2518.0,2488.190185546875
2519.0,2488.1123046875
2520.0,2488.15283203125
2521.0,2487.915283203125
2522.0,2487.94189453125
2523.0,2487.76220703125
2524.0,2487.751220703125
2525.0,2487.389404296875
2526.0,2487.374755859375
2527.0,2487.377197265625
2528.0,2486.9873046875
2529.0,2486.910888671875
2530.0,2486.51806640625
2531.0,2486.39306640625
2532.0,2486.03515625
2533.0,2485.6181640625
2534.0,2485.568115234375
2535.0,2485.55712890625
2536.0,2485.603759765625
2537.0,2488.03369140625
2538.0,2488.001220703125
2539.0,2487.890380859375
2540.0,2487.726318359375
2541.0,2487.533203125
2542.0,2487.340087890625
2543.0,2487.119873046875
2544.0,2486.88330078125
2545.0,2486.791259765625
2546.0,2486.741943359375
2547.0,2486.657470703125
2548.0,2486.461181640625
2549.0,2486.525390625
2550.0,2486.559814453125
2551.0,2486.345947265625
2552.0,2486.36962890625
2553.0,2486.767578125
2554.0,2486.797119140625
2555.0,2486.790283203125
2556.0,2486.457763671875
2557.0,2486.16455078125
2558.0,2486.097900390625
2559.0,2485.691650390625
2560.0,2485.59326171875
2561.0,2485.18017578125
2562.0,2485.08642578125
2563.0,2485.036376953125
2564.0,2485.191162109375
2565.0,2485.15576171875
2566.0,2484.24267578125
2567.0,2485.239501953125
2568.0,2485.078857421875
2569.0,2484.915283203125
2570.0,2487.868896484375
2571.0,2487.563232421875
2572.0,2487.8017578125
2573.0,2487.244873046875
2574.0,2486.1669921875
2575.0,2485.44970703125
2576.0,2485.092529296875
2577.0,2484.763916015625
2578.0,2484.287353515625
2579.0,2484.789306640625
2580.0,2484.56103515625
2581.0,2482.96728515625
2582.0,2482.9111328125
2583.0,2482.88427734375
2584.0,2482.50537109375
2585.0,2482.3798828125
2586.0,2482.27685546875
2587.0,2481.9716796875
2588.0,2480.361572265625
2589.0,2480.287109375
2590.0,2479.878173828125
2591.0,2479.826171875
2592.0,2479.605224609375
2593.0,2478.206787109375
2594.0,2478.230712890625
2595.0,2478.0810546875
2596.0,2478.238037109375
2597.0,2479.737548828125
2598.0,2479.73828125
2599.0,2479.7900390625
2600.0,2479.81787109375
2601.0,2479.80126953125
2602.0,2479.69482421875
2603.0,2479.595703125
2604.0,2479.427490234375
2605.0,2479.00537109375
2606.0,2478.71142578125
2607.0,2478.518310546875
2608.0,2478.14013671875
2609.0,2477.58984375
2610.0,2477.27587890625
2611.0,2476.70166015625
2612.0,2476.439697265625
2613.0,2474.186767578125
2614.0,2473.889892578125
2615.0,2473.40771484375
2616.0,2473.28759765625
2617.0,2473.204833984375
2618.0,2473.140869140625
2619.0,2472.998779296875
2620.0,2473.168212890625
2621.0,2472.78076171875
2622.0,2472.696533203125
2623.0,2472.533447265625
2624.0,2472.254638671875
2625.0,2471.909423828125
2626.0,2471.763671875
2627.0,2471.7041015625
2628.0,2471.553466796875
2629.0,2471.37451171875
2630.0,2471.221435546875
2631.0,2471.052001953125
2632.0,2471.114990234375
2633.0,2471.90185546875
2634.0,2471.732421875
2635.0,2471.26611328125
2636.0,2471.17431640625
2637.0,2468.64111328125
2638.0,2468.03466796875
2639.0,2467.69189453125
2640.0,2467.653076171875
2641.0,2467.3955078125
2642.0,2467.744140625
2643.0,2467.73583984375
2644.0,2467.76123046875
2645.0,2467.828369140625
2646.0,2467.794189453125
2647.0,2468.12939453125
2648.0,2467.209716796875
2649.0,2467.47265625
2650.0,2467.346923828125
2651.0,2467.534423828125
2652.0,2467.4111328125
2653.0,2466.891357421875
2654.0,2466.345703125
2655.0,2465.983154296875
2656.0,2465.5556640625
2657.0,2464.60791015625
2658.0,2462.365234375
2659.0,2461.370849609375
2660.0,2460.9921875
2661.0,2460.03076171875
2662.0,2459.6845703125
2663.0,2459.098876953125
2664.0,2458.56494140625
2665.0,2458.57080078125
2666.0,2457.998046875
2667.0,2457.80029296875
2668.0,2457.6337890625
2669.0,2457.143798828125
2670.0,2456.68994140625
2671.0,2456.255859375
2672.0,2455.295166015625
2673.0,2454.721435546875
2674.0,2454.391357421875
2675.0,2454.01318359375
2676.0,2454.00537109375
2677.0,2453.8046875
2678.0,2453.999267578125
2679.0,2454.0283203125
2680.0,2454.383056640625
2681.0,2454.211181640625
2682.0,2454.396240234375
2683.0,2454.44775390625
2684.0,2454.528076171875
2685.0,2454.595458984375
2686.0,2454.70849609375
2687.0,2454.545166015625
2688.0,2454.454833984375
2689.0,2453.82080078125
2690.0,2453.011474609375
2691.0,2452.0244140625
2692.0,2450.566162109375
2693.0,2449.744384765625
2694.0,2448.88427734375
2695.0,2448.542724609375
2696.0,2447.947265625
2697.0,2446.987548828125
2698.0,2446.429443359375
2699.0,2445.6630859375
2700.0,2444.420654296875
2701.0,2443.62109375
2702.0,2443.377197265625
2703.0,2442.933837890625
2704.0,2442.563232421875
2705.0,2442.224853515625
2706.0,2442.091796875
2707.0,2441.755126953125
2708.0,2440.850341796875
2709.0,2440.16455078125
2710.0,2439.54345703125
2711.0,2439.230712890625
2712.0,2438.862060546875
2713.0,2438.400390625
2714.0,2437.6953125
2715.0,2437.550537109375
2716.0,2437.364990234375
2717.0,2437.156982421875
2718.0,2436.878173828125
2719.0,2436.620361328125
2720.0,2436.3076171875
2721.0,2435.989501953125
2722.0,2435.544677734375
2723.0,2434.097412109375
2724.0,2433.44384765625
2725.0,2433.038818359375
2726.0,2431.669677734375
2727.0,2430.8076171875
2728.0,2430.543701171875
2729.0,2430.4462890625
2730.0,2430.429443359375
2731.0,2430.109619140625
2732.0,2429.79345703125
2733.0,2429.71435546875
2734.0,2429.697021484375
2735.0,2429.4541015625
2736.0,2429.427490234375
2737.0,2429.10791015625
2738.0,2428.947265625
2739.0,2428.298828125
2740.0,2428.07177734375
2741.0,2427.503173828125
2742.0,2426.9619140625
2743.0,2426.38623046875
2744.0,2425.838134765625
2745.0,2424.996826171875
2746.0,2424.509033203125
2747.0,2423.98291015625
2748.0,2423.2255859375
2749.0,2422.68212890625
2750.0,2422.212890625
2751.0,2421.650146484375
2752.0,2421.1103515625
2753.0,2420.53076171875
2754.0,2420.035888671875
2755.0,2419.68115234375
2756.0,2419.1591796875
2757.0,2418.60693359375
2758.0,2418.03662109375
2759.0,2417.295654296875
2760.0,2416.723876953125
2761.0,2416.089599609375
2762.0,2414.605712890625
2763.0,2414.2578125
2764.0,2413.663818359375
2765.0,2412.920654296875
2766.0,2411.265625
2767.0,2410.808349609375
2768.0,2410.84521484375
2769.0,2409.826904296875
2770.0,2409.025390625
2771.0,2408.484619140625
2772.0,2407.613037109375
2773.0,2406.646728515625
2774.0,2404.821044921875
2775.0,2403.97119140625
2776.0,2403.545654296875
2777.0,2402.740966796875
2778.0,2402.19140625
2779.0,2401.177490234375
2780.0,2400.45703125
2781.0,2399.3759765625
2782.0,2398.988037109375
2783.0,2398.001953125
2784.0,2396.722412109375
2785.0,2395.657470703125
2786.0,2394.39453125
2787.0,2393.15478515625
2788.0,2391.9111328125
2789.0,2390.8017578125
2790.0,2389.604736328125
2791.0,2388.77880859375
2792.0,2388.212890625
2793.0,2387.43994140625
2794.0,2386.38720703125
2795.0,2385.16455078125
2796.0,2383.625244140625
2797.0,2382.71435546875
2798.0,2381.9248046875
2799.0,2380.942626953125
2800.0,2380.21435546875
2801.0,2379.184326171875
2802.0,2377.961181640625
2803.0,2376.80224609375
2804.0,2376.341064453125
2805.0,2375.443359375
2806.0,2374.63232421875
2807.0,2373.7431640625
2808.0,2372.9853515625
2809.0,2371.67919921875
2810.0,2370.792724609375
2811.0,2369.639404296875
2812.0,2368.501220703125
2813.0,2367.070068359375
2814.0,2364.827392578125
2815.0,2363.978515625
2816.0,2363.335693359375
2817.0,2362.782470703125
2818.0,2362.23291015625
2819.0,2361.514404296875
2820.0,2360.961181640625
2821.0,2360.627197265625
2822.0,2360.30908203125
2823.0,2359.809326171875
2824.0,2359.58154296875
2825.0,2359.38818359375
2826.0,2358.722412109375
2827.0,2358.359619140625
2828.0,2358.295654296875
2829.0,2357.966552734375
2830.0,2357.32373046875
2831.0,2356.746826171875
2832.0,2355.996826171875
2833.0,2355.09765625
2834.0,2353.915283203125
2835.0,2353.371337890625
2836.0,2352.759765625
2837.0,2352.08203125
2838.0,2351.69873046875
2839.0,2350.794189453125
2840.0,2350.339111328125
2841.0,2349.36474609375
2842.0,2348.51025390625
2843.0,2347.781982421875
2844.0,2344.654052734375
2845.0,2340.951171875
2846.0,2334.726318359375
2847.0,2325.660400390625
2848.0,2321.173095703125
2849.0,2316.946044921875
2850.0,2314.593994140625
2851.0,2311.837890625
2852.0,2309.082275390625
2853.0,2306.44091796875
2854.0,2303.41357421875
2855.0,2300.67138671875
2856.0,2299.519775390625
2857.0,2297.26123046875
2858.0,2294.7275390625
2859.0,2292.169677734375
2860.0,2288.83203125
2861.0,2283.15576171875
2862.0,2281.485595703125
2863.0,2279.329833984375
2864.0,2274.697509765625
2865.0,2274.7099609375
2866.0,2275.10693359375
2867.0,2274.81689453125
2868.0,2274.572509765625
2869.0,2274.3349609375
2870.0,2274.50634765625
2871.0,2274.15771484375
2872.0,2273.751708984375
2873.0,2273.32470703125
2874.0,2273.158203125
2875.0,2272.69677734375
2876.0,2272.393798828125
2877.0,2272.3720703125
2878.0,2272.3056640625
2879.0,2272.3203125
2880.0,2272.259765625
2881.0,2272.207275390625
2882.0,2272.108642578125
2883.0,2271.961181640625
2884.0,2271.80224609375
2885.0,2271.601806640625
2886.0,2271.263671875
2887.0,2271.18115234375
2888.0,2271.32080078125
2889.0,2271.37939453125
2890.0,2271.612548828125
2891.0,2271.725830078125
2892.0,2272.0625
2893.0,2272.202880859375
2894.0,2272.354736328125
2895.0,2272.679443359375
2896.0,2272.771728515625
2897.0,2272.55224609375
2898.0,2272.5546875
2899.0,2272.054443359375
2900.0,2271.788818359375
2901.0,2271.64892578125
2902.0,2271.58935546875
2903.0,2271.497314453125
2904.0,2271.489501953125
2905.0,2271.44384765625
2906.0,2271.658447265625
2907.0,2271.67138671875
2908.0,2271.7158203125
2909.0,2271.75
2910.0,2271.81396484375
2911.0,2272.0625
2912.0,2272.349853515625
2913.0,2272.342529296875
2914.0,2272.167236328125
2915.0,2272.42138671875
2916.0,2272.23291015625
2917.0,2272.176513671875
2918.0,2272.231689453125
2919.0,2272.461669921875
2920.0,2272.562255859375
2921.0,2272.662841796875
2922.0,2272.80615234375
2923.0,2273.21630859375
2924.0,2273.1455078125
2925.0,2273.2197265625
2926.0,2273.317138671875
2927.0,2273.331787109375
2928.0,2273.335205078125
2929.0,2273.04443359375
2930.0,2273.22216796875
2931.0,2273.17822265625
2932.0,2273.087890625
2933.0,2273.073486328125
2934.0,2273.05419921875
2935.0,2273.082763671875
2936.0,2273.171875
2937.0,2273.22119140625
2938.0,2273.31494140625
2939.0,2273.342529296875
2940.0,2273.377685546875
2941.0,2273.36865234375
2942.0,2273.210205078125
2943.0,2273.232177734375
2944.0,2273.269775390625
2945.0,2273.302001953125
2946.0,2273.57666015625
2947.0,2273.56787109375
2948.0,2273.83935546875
2949.0,2273.81396484375
2950.0,2274.03271484375
2951.0,2273.96923828125
2952.0,2274.109130859375
2953.0,2274.35693359375
2954.0,2274.28564453125
2955.0,2274.30615234375
2956.0,2274.3623046875
2957.0,2274.397216796875
2958.0,2274.452392578125
2959.0,2274.536376953125
2960.0,2274.57275390625
2961.0,2274.9052734375
2962.0,2274.6708984375
2963.0,2274.65185546875
2964.0,2274.86474609375
2965.0,2274.545654296875
2966.0,2274.47802734375
2967.0,2274.38671875
2968.0,2274.311279296875
2969.0,2274.013427734375
2970.0,2273.97607421875
2971.0,2273.961181640625
2972.0,2273.957275390625
2973.0,2273.92529296875
2974.0,2273.877197265625
2975.0,2273.856201171875
2976.0,2273.5869140625
2977.0,2273.535888671875
2978.0,2273.582763671875
2979.0,2273.4296875
2980.0,2273.598388671875
2981.0,2273.7158203125
2982.0,2273.91796875
2983.0,2274.09716796875
2984.0,2274.445068359375
2985.0,2274.55078125
2986.0,2274.55029296875
2987.0,2274.49609375
2988.0,2274.4541015625
2989.0,2274.30859375
2990.0,2273.9091796875
2991.0,2273.955078125
2992.0,2273.79638671875
2993.0,2273.6748046875
2994.0,2273.651611328125
2995.0,2273.626708984375
2996.0,2273.614501953125
2997.0,2274.11279296875
2998.0,2273.91552734375
2999.0,2273.91064453125
3000.0,2273.91357421875
3001.0,2273.873046875
3002.0,2273.80126953125
3003.0,2273.56982421875
3004.0,2273.55712890625
3005.0,2273.57958984375
3006.0,2273.64208984375
3007.0,2273.736572265625
3008.0,2273.832763671875
3009.0,2273.955322265625
3010.0,2274.341796875
3011.0,2274.436279296875
3012.0,2274.576904296875
3013.0,2274.486083984375
3014.0,2274.602294921875
3015.0,2274.684326171875
3016.0,2274.7314453125
3017.0,2274.979248046875
3018.0,2274.965576171875
3019.0,2275.15576171875
3020.0,2275.261474609375
3021.0,2274.9443359375
3022.0,2274.589111328125
3023.0,2274.458740234375
3024.0,2274.19775390625
3025.0,2274.15478515625
3026.0,2274.23583984375
3027.0,2274.36474609375
3028.0,2274.266357421875
3029.0,2274.427490234375
3030.0,2274.576171875
3031.0,2274.987060546875
3032.0,2274.870361328125
3033.0,2275.23291015625
3034.0,2275.259033203125
3035.0,2275.2841796875
3036.0,2275.338134765625
3037.0,2275.260986328125
3038.0,2275.1435546875
3039.0,2275.198486328125
3040.0,2275.00439453125
3041.0,2274.773193359375
3042.0,2274.825927734375
3043.0,2274.436279296875
3044.0,2274.309814453125
3045.0,2274.52685546875
3046.0,2274.51416015625
3047.0,2274.47119140625
3048.0,2274.4501953125
3049.0,2274.49169921875
3050.0,2274.566650390625
3051.0,2274.61572265625
3052.0,2274.781494140625
3053.0,2274.86279296875
3054.0,2274.8271484375
3055.0,2274.945068359375
3056.0,2275.256591796875
3057.0,2275.31982421875
3058.0,2275.35302734375
3059.0,2275.565673828125
3060.0,2275.2333984375
3061.0,2275.20849609375
3062.0,2275.44384765625
3063.0,2275.404541015625
3064.0,2275.39599609375
3065.0,2275.40478515625
3066.0,2275.51171875
3067.0,2275.57470703125
3068.0,2275.689697265625
3069.0,2276.073486328125
3070.0,2276.1298828125
3071.0,2276.22607421875
3072.0,2276.3056640625
3073.0,2276.366943359375
3074.0,2276.151611328125
3075.0,2276.151611328125
3076.0,2276.084716796875
3077.0,2276.017333984375
3078.0,2276.15087890625
3079.0,2276.07666015625
3080.0,2276.04150390625
3081.0,2276.0048828125
3082.0,2276.018798828125
3083.0,2276.001953125
3084.0,2275.99267578125
3085.0,2276.02880859375
3086.0,2276.064453125
3087.0,2276.04296875
3088.0,2276.037109375
3089.0,2276.0107421875
3090.0,2275.7763671875
3091.0,2275.975341796875
3092.0,2275.9423828125
3093.0,2275.943359375
3094.0,2275.964599609375
3095.0,2276.04052734375
3096.0,2276.103271484375
3097.0,2276.15185546875
3098.0,2276.274658203125
3099.0,2276.387939453125
3100.0,2276.50244140625
3101.0,2276.60498046875
3102.0,2276.98583984375
3103.0,2277.3330078125
3104.0,2277.4482421875
3105.0,2277.560546875
3106.0,2277.601318359375
3107.0,2277.627685546875
3108.0,2277.838134765625
3109.0,2277.254638671875
3110.0,2277.068603515625
3111.0,2277.15087890625
3112.0,2276.74609375
3113.0,2276.365966796875
3114.0,2276.18701171875
3115.0,2275.64111328125
3116.0,2275.5478515625
3117.0,2275.452880859375
3118.0,2275.366943359375
3119.0,2275.2431640625
3120.0,2275.20361328125
3121.0,2274.867431640625
3122.0,2275.0126953125
3123.0,2274.9755859375
3124.0,2274.953125
3125.0,2274.932373046875
3126.0,2274.967041015625
3127.0,2275.51513671875
3128.0,2275.595703125
3129.0,2275.90185546875
3130.0,2276.272216796875
3131.0,2276.347900390625
3132.0,2276.447265625
3133.0,2276.51708984375
3134.0,2276.656005859375
3135.0,2276.731689453125
3136.0,2276.830078125
3137.0,2276.923095703125
3138.0,2277.064453125
3139.0,2276.988037109375
3140.0,2277.126220703125
3141.0,2277.03515625
3142.0,2277.053466796875
3143.0,2277.0185546875
3144.0,2276.9267578125
3145.0,2276.7802734375
3146.0,2276.826171875
3147.0,2276.5546875
3148.0,2276.358642578125
3149.0,2276.182373046875
3150.0,2275.892822265625
3151.0,2275.532958984375
3152.0,2275.181640625
3153.0,2275.1298828125
3154.0,2275.103515625
3155.0,2275.12109375
3156.0,2275.384033203125
3157.0,2275.484130859375
3158.0,2275.59130859375
3159.0,2275.734375
3160.0,2276.1376953125
3161.0,2276.348388671875
3162.0,2276.54052734375
3163.0,2277.053466796875
3164.0,2276.97802734375
3165.0,2277.1181640625
3166.0,2277.21875
3167.0,2277.05810546875
3168.0,2277.0654296875
3169.0,2276.8251953125
3170.0,2276.78271484375
3171.0,2276.709228515625
3172.0,2276.629150390625
3173.0,2276.219970703125
3174.0,2276.38037109375
3175.0,2276.287841796875
3176.0,2276.234375
3177.0,2276.220458984375
3178.0,2276.309326171875
3179.0,2276.615234375
3180.0,2276.751953125
3181.0,2277.109130859375
3182.0,2277.306396484375
3183.0,2277.64013671875
3184.0,2277.75537109375
3185.0,2277.80908203125
3186.0,2278.088623046875
3187.0,2278.1455078125
3188.0,2278.1865234375
3189.0,2277.990234375
3190.0,2278.26904296875
3191.0,2278.3857421875
3192.0,2278.680419921875
3193.0,2278.802001953125
3194.0,2278.83642578125
3195.0,2278.663330078125
3196.0,2278.702392578125
3197.0,2278.657470703125
3198.0,2278.5849609375
3199.0,2278.57958984375
3200.0,2278.486328125
3201.0,2278.213623046875
3202.0,2278.25390625
3203.0,2278.258056640625
3204.0,2278.31689453125
3205.0,2278.06884765625
3206.0,2278.11181640625
3207.0,2278.0380859375
3208.0,2277.7412109375
3209.0,2277.647216796875
3210.0,2277.617919921875
3211.0,2277.51806640625
3212.0,2277.36865234375
3213.0,2277.276611328125
3214.0,2276.9375
3215.0,2277.0361328125
3216.0,2276.988037109375
3217.0,2277.126953125
3218.0,2277.10595703125
3219.0,2277.296630859375
3220.0,2277.267578125
3221.0,2277.260009765625
3222.0,2277.4736328125
3223.0,2277.50244140625
3224.0,2277.500244140625
3225.0,2277.29638671875
3226.0,2277.384033203125
3227.0,2277.422607421875
3228.0,2277.738525390625
3229.0,2277.766357421875
3230.0,2277.794189453125
3231.0,2277.870361328125
3232.0,2277.931396484375
3233.0,2277.99365234375
3234.0,2278.028076171875
3235.0,2278.068115234375
3236.0,2278.171142578125
3237.0,2278.445556640625
3238.0,2278.497802734375
3239.0,2278.803466796875
3240.0,2278.847412109375
3241.0,2278.8515625
3242.0,2278.7939453125
3243.0,2278.949462890625
3244.0,2278.594970703125
3245.0,2278.511474609375
3246.0,2278.2001953125
3247.0,2278.161376953125
3248.0,2277.8916015625
3249.0,2277.91357421875
3250.0,2277.72119140625
3251.0,2277.222900390625
3252.0,2276.971435546875
3253.0,2277.161865234375
3254.0,2277.11962890625
3255.0,2277.086669921875
3256.0,2277.0791015625
3257.0,2277.068115234375
3258.0,2277.075439453125
3259.0,2277.21533203125
3260.0,2277.138916015625
3261.0,2277.02587890625
3262.0,2276.894775390625
3263.0,2276.751953125
3264.0,2276.60986328125
3265.0,2276.274169921875
3266.0,2276.220947265625
3267.0,2276.177001953125
3268.0,2276.00537109375
3269.0,2276.1083984375
3270.0,2276.302001953125
3271.0,2276.714599609375
3272.0,2276.954833984375
3273.0,2277.450927734375
3274.0,2277.869140625
3275.0,2278.067626953125
3276.0,2278.125732421875
3277.0,2278.143798828125
3278.0,2278.13525390625
3279.0,2278.3251953125
3280.0,2278.194580078125
3281.0,2277.871826171875
3282.0,2277.93701171875
3283.0,2277.903076171875
3284.0,2277.88330078125
3285.0,2277.7001953125
3286.0,2277.770263671875
3287.0,2277.86767578125
3288.0,2278.014892578125
3289.0,2278.1337890625
3290.0,2278.285400390625
3291.0,2278.346435546875
3292.0,2278.35009765625
3293.0,2278.340087890625
3294.0,2278.249755859375
3295.0,2278.384765625
3296.0,2278.292236328125
3297.0,2278.19580078125
3298.0,2278.3662109375
3299.0,2278.19580078125
3300.0,2278.4833984375
3301.0,2278.547119140625
3302.0,2278.67041015625
3303.0,2278.544921875
3304.0,2278.577880859375
3305.0,2278.90576171875
3306.0,2278.974609375
3307.0,2279.293701171875
3308.0,2279.35595703125
3309.0,2279.384033203125
3310.0,2279.43017578125
3311.0,2279.7138671875
3312.0,2279.43896484375
3313.0,2279.434326171875
3314.0,2279.414794921875
3315.0,2279.363525390625
3316.0,2279.24072265625
3317.0,2279.1845703125
3318.0,2279.08251953125
3319.0,2278.783447265625
3320.0,2278.706787109375
3321.0,2278.619873046875
3322.0,2278.839111328125
3323.0,2278.5830078125
3324.0,2278.554931640625
3325.0,2278.578369140625
3326.0,2278.61474609375
3327.0,2278.6865234375
3328.0,2278.479248046875
3329.0,2278.5859375
3330.0,2278.676025390625
3331.0,2278.755126953125
3332.0,2278.625
3333.0,2278.6982421875
3334.0,2278.969970703125
3335.0,2279.255126953125
3336.0,2279.292724609375
3337.0,2279.30712890625
3338.0,2279.537353515625
3339.0,2279.514404296875
3340.0,2279.724365234375
3341.0,2279.840576171875
3342.0,2280.001953125
3343.0,2279.91796875
3344.0,2279.86865234375
3345.0,2279.83349609375
3346.0,2279.820068359375
3347.0,2279.326171875
3348.0,2279.300537109375
3349.0,2279.186767578125
3350.0,2279.18212890625
3351.0,2278.89453125
3352.0,2278.855224609375
3353.0,2278.666259765625
3354.0,2278.693115234375
3355.0,2278.753173828125
3356.0,2279.021484375
3357.0,2279.091796875
3358.0,2279.149658203125
3359.0,2279.22509765625
3360.0,2279.343017578125
3361.0,2279.42431640625
3362.0,2279.36376953125
3363.0,2279.452392578125
3364.0,2279.5888671875
3365.0,2279.697021484375
3366.0,2279.986083984375
3367.0,2280.473876953125
3368.0,2280.643798828125
3369.0,2280.800537109375
3370.0,2280.75732421875
3371.0,2280.66845703125
3372.0,2280.54296875
3373.0,2280.249755859375
3374.0,2280.154296875
3375.0,2280.027587890625
3376.0,2279.9189453125
3377.0,2279.784423828125
3378.0,2279.3994140625
3379.0,2279.0615234375
3380.0,2279.08740234375
3381.0,2278.7021484375
3382.0,2278.541748046875
3383.0,2277.922607421875
3384.0,2277.8505859375
3385.0,2277.755859375
3386.0,2277.721923828125
3387.0,2277.69677734375
3388.0,2277.919677734375
3389.0,2278.1357421875
3390.0,2278.0986328125
3391.0,2278.185546875
3392.0,2278.266357421875
3393.0,2278.8359375
3394.0,2279.021240234375
3395.0,2279.478759765625
3396.0,2279.7021484375
3397.0,2279.9140625
3398.0,2280.08203125
3399.0,2280.03515625
3400.0,2280.163330078125
3401.0,2280.1845703125
3402.0,2280.225341796875
3403.0,2279.94482421875
3404.0,2279.915283203125
3405.0,2279.860107421875
3406.0,2279.763916015625
3407.0,2279.4482421875
3408.0,2279.15283203125
3409.0,2279.115478515625
3410.0,2279.056884765625
3411.0,2279.047607421875
3412.0,2279.00830078125
3413.0,2279.15185546875
3414.0,2278.8193359375
3415.0,2278.56494140625
3416.0,2278.44287109375
3417.0,2278.127197265625
3418.0,2278.06591796875
3419.0,2278.01025390625
3420.0,2278.015869140625
3421.0,2278.068115234375
3422.0,2278.33349609375
3423.0,2278.8310546875
3424.0,2278.88525390625
3425.0,2278.897216796875
3426.0,2278.898681640625
3427.0,2279.09765625
3428.0,2279.099609375
3429.0,2279.069091796875
3430.0,2278.856201171875
3431.0,2278.86669921875
3432.0,2279.36767578125
3433.0,2279.449951171875
3434.0,2279.56494140625
3435.0,2279.68359375
3436.0,2279.845703125
3437.0,2279.95263671875
3438.0,2280.48583984375
3439.0,2280.609130859375
3440.0,2280.768798828125
3441.0,2280.880126953125
3442.0,2280.81640625
3443.0,2280.95849609375
3444.0,2281.0791015625
3445.0,2280.92041015625
3446.0,2280.982421875
3447.0,2280.93603515625
3448.0,2280.885009765625
3449.0,2280.826904296875
3450.0,2280.7568359375
3451.0,2280.685546875
3452.0,2280.64892578125
3453.0,2280.357421875
3454.0,2280.336669921875
3455.0,2280.60107421875
3456.0,2280.39111328125
3457.0,2280.4599609375
3458.0,2280.47314453125
3459.0,2280.245361328125
3460.0,2280.22998046875
3461.0,2280.135986328125
3462.0,2280.299072265625
3463.0,2280.1396484375
3464.0,2280.18408203125
3465.0,2280.017822265625
3466.0,2279.69091796875
3467.0,2279.662841796875
3468.0,2279.691162109375
3469.0,2279.767822265625
3470.0,2279.88330078125
3471.0,2280.03515625
3472.0,2279.89599609375
3473.0,2280.114990234375
3474.0,2280.086181640625
3475.0,2280.039306640625
3476.0,2279.876953125
3477.0,2279.97509765625
3478.0,2279.82666015625
3479.0,2279.72900390625
3480.0,2279.70458984375
3481.0,2279.746826171875
3482.0,2279.809326171875
3483.0,2279.896484375
3484.0,2280.224853515625
3485.0,2280.35107421875
3486.0,2280.4970703125
3487.0,2280.818115234375
3488.0,2280.91552734375
3489.0,2281.225341796875
3490.0,2281.291015625
3491.0,2281.099365234375
3492.0,2281.188232421875
3493.0,2281.202880859375
3494.0,2281.00830078125
3495.0,2280.9521484375
3496.0,2280.837890625
3497.0,2280.518798828125
3498.0,2280.342529296875
3499.0,2280.199462890625
3500.0,2280.055908203125
3501.0,2279.9833984375
3502.0,2279.8955078125
3503.0,2280.106201171875
3504.0,2279.9560546875
3505.0,2280.22998046875
3506.0,2280.594482421875
3507.0,2280.957275390625
3508.0,2281.12548828125
3509.0,2281.5224609375
3510.0,2281.734619140625
3511.0,2282.121337890625
3512.0,2282.562255859375
3513.0,2282.719970703125
3514.0,2283.08056640625
3515.0,2282.85986328125
3516.0,2282.89013671875
3517.0,2282.806884765625
3518.0,2282.498779296875
3519.0,2282.1611328125
3520.0,2281.802978515625
3521.0,2281.3876953125
3522.0,2281.21728515625
3523.0,2281.029052734375
3524.0,2280.875732421875
3525.0,2280.780029296875
3526.0,2280.9765625
3527.0,2280.966064453125
3528.0,2281.218994140625
3529.0,2281.5107421875
3530.0,2281.545166015625
3531.0,2281.826904296875
3532.0,2282.113525390625
3533.0,2282.12841796875
3534.0,2282.16552734375
3535.0,2282.2724609375
3536.0,2282.58349609375
3537.0,2282.73291015625
3538.0,2282.366943359375
3539.0,2282.552490234375
3540.0,2282.672607421875
3541.0,2282.695556640625
3542.0,2282.2412109375
3543.0,2282.21533203125
3544.0,2281.753662109375
3545.0,2281.693603515625
3546.0,2281.23876953125
3547.0,2281.189453125
3548.0,2281.185302734375
3549.0,2281.139892578125
3550.0,2281.296630859375
3551.0,2281.46533203125
3552.0,2281.385009765625
3553.0,2281.78955078125
3554.0,2282.0400390625
3555.0,2282.093017578125
3556.0,2282.1416015625
3557.0,2282.383544921875
3558.0,2282.421875
3559.0,2282.44189453125
3560.0,2282.261962890625
3561.0,2281.986083984375
3562.0,2282.147216796875
3563.0,2281.828857421875
3564.0,2282.001953125
3565.0,2281.70947265625
3566.0,2282.1376953125
3567.0,2282.044677734375
3568.0,2282.067138671875
3569.0,2282.0703125
3570.0,2282.11962890625
3571.0,2282.182373046875
3572.0,2282.01220703125
3573.0,2282.07275390625
3574.0,2282.128662109375
3575.0,2281.94677734375
3576.0,2281.9853515625
3577.0,2281.94970703125
3578.0,2281.8828125
3579.0,2281.81103515625
3580.0,2281.549072265625
3581.0,2281.475830078125
3582.0,2281.44287109375
3583.0,2281.61474609375
3584.0,2281.5849609375
3585.0,2281.306396484375
3586.0,2281.30322265625
3587.0,2281.556396484375
3588.0,2281.345947265625
3589.0,2281.4091796875
3590.0,2281.256591796875
3591.0,2281.151123046875
3592.0,2281.240478515625
3593.0,2281.1416015625
3594.0,2281.234375
3595.0,2281.579833984375
3596.0,2281.760986328125
3597.0,2282.09130859375
3598.0,2282.440185546875
3599.0,2282.5263671875
3600.0,2282.973388671875
3601.0,2282.9501953125
3602.0,2282.882568359375
3603.0,2282.763671875
3604.0,2282.3935546875
3605.0,2282.222412109375
3606.0,2282.107666015625
3607.0,2281.793212890625
3608.0,2281.768798828125
3609.0,2281.755859375
3610.0,2281.80224609375
3611.0,2281.871337890625
3612.0,2281.815673828125
3613.0,2281.760498046875
3614.0,2281.554931640625
3615.0,2281.4140625
3616.0,2281.282470703125
3617.0,2281.14501953125
3618.0,2281.028564453125
3619.0,2280.763916015625
3620.0,2280.720703125
3621.0,2280.6748046875
3622.0,2280.6669921875
3623.0,2280.869384765625
3624.0,2280.87158203125
3625.0,2281.159423828125
3626.0,2281.494140625
3627.0,2281.15625
3628.0,2281.031494140625
3629.0,2281.126953125
3630.0,2281.031005859375
3631.0,2281.207275390625
3632.0,2281.383056640625
3633.0,2281.583740234375
3634.0,2281.972412109375
3635.0,2282.104248046875
3636.0,2282.4521484375
3637.0,2282.51220703125
3638.0,2282.481201171875
3639.0,2282.685302734375
3640.0,2282.858154296875
3641.0,2282.7392578125
3642.0,2282.862548828125
3643.0,2282.580810546875
3644.0,2282.5419921875
3645.0,2282.509765625
3646.0,2282.524658203125
3647.0,2282.55322265625
3648.0,2282.86328125
3649.0,2282.95068359375
3650.0,2283.01953125
3651.0,2282.9033203125
3652.0,2282.892578125
3653.0,2282.905029296875
3654.0,2283.137939453125
3655.0,2283.173095703125
3656.0,2283.220947265625
3657.0,2283.222412109375
3658.0,2283.47607421875
3659.0,2283.53955078125
3660.0,2283.56103515625
3661.0,2283.34033203125
3662.0,2283.359130859375
3663.0,2283.38134765625
3664.0,2283.36376953125
3665.0,2283.377685546875
3666.0,2283.342529296875
3667.0,2283.301025390625
3668.0,2283.30322265625
3669.0,2283.0478515625
3670.0,2283.08447265625
3671.0,2283.108642578125
3672.0,2283.122802734375
3673.0,2283.14404296875
3674.0,2283.140625
3675.0,2283.13623046875
3676.0,2283.314453125
3677.0,2283.31640625
3678.0,2283.294677734375
3679.0,2283.305908203125
3680.0,2283.303466796875
3681.0,2283.309326171875
3682.0,2283.1640625
3683.0,2283.189697265625
3684.0,2283.25830078125
3685.0,2283.355712890625
3686.0,2283.4228515625
3687.0,2283.4609375
3688.0,2283.50830078125
3689.0,2283.61279296875
3690.0,2283.66943359375
3691.0,2283.962890625
3692.0,2283.974365234375
3693.0,2283.99462890625
3694.0,2284.2177734375
3695.0,2284.1767578125
3696.0,2284.093017578125
3697.0,2284.028564453125
3698.0,2284.18994140625
3699.0,2284.138916015625
3700.0,2284.052490234375
3701.0,2284.260009765625
3702.0,2284.4345703125
3703.0,2284.3759765625
3704.0,2283.934326171875
3705.0,2283.9619140625
3706.0,2283.94677734375
3707.0,2284.042236328125
3708.0,2283.8427734375
3709.0,2283.96923828125
3710.0,2283.783447265625
3711.0,2283.8564453125
3712.0,2284.144287109375
3713.0,2284.136962890625
3714.0,2284.13525390625
3715.0,2284.10546875
3716.0,2284.080078125
3717.0,2283.982666015625
3718.0,2284.1640625
3719.0,2283.846923828125
3720.0,2284.04931640625
3721.0,2284.2265625
3722.0,2283.9453125
3723.0,2284.399658203125
3724.0,2284.391357421875
3725.0,2284.650390625
3726.0,2284.667724609375
3727.0,2284.67919921875
3728.0,2284.4970703125
3729.0,2284.74462890625
3730.0,2284.76611328125
3731.0,2284.5771484375
3732.0,2284.808349609375
3733.0,2284.59814453125
3734.0,2284.617431640625
3735.0,2284.861328125
3736.0,2284.619140625
3737.0,2284.68896484375
3738.0,2284.72998046875
3739.0,2284.81640625
3740.0,2284.8779296875
3741.0,2284.95703125
3742.0,2285.07666015625
3743.0,2285.089599609375
3744.0,2285.0888671875
3745.0,2285.114990234375
3746.0,2285.056884765625
3747.0,2285.0185546875
3748.0,2284.9013671875
3749.0,2284.733154296875
3750.0,2284.79248046875
3751.0,2284.595947265625
3752.0,2284.169189453125
3753.0,2284.03857421875
3754.0,2283.967529296875
3755.0,2283.978271484375
3756.0,2284.039306640625
3757.0,2283.703125
3758.0,2283.8583984375
3759.0,2284.301025390625
3760.0,2284.22314453125
3761.0,2284.607421875
3762.0,2284.7353515625
3763.0,2285.2841796875
3764.0,2285.342041015625
3765.0,2285.14599609375
3766.0,2285.21240234375
3767.0,2285.1884765625
3768.0,2285.1396484375
3769.0,2285.322265625
3770.0,2285.01416015625
3771.0,2284.984375
3772.0,2284.9970703125
3773.0,2284.8291015625
3774.0,2284.9091796875
3775.0,2285.036865234375
3776.0,2285.39111328125
3777.0,2285.536376953125
3778.0,2285.65478515625
3779.0,2285.693359375
3780.0,2285.71826171875
3781.0,2285.65185546875
3782.0,2285.34521484375
3783.0,2285.35693359375
3784.0,2285.17578125
3785.0,2285.020263671875
3786.0,2284.88720703125
3787.0,2284.52587890625
3788.0,2284.708984375
3789.0,2284.765625
3790.0,2284.853271484375
3791.0,2284.98291015625
3792.0,2285.16015625
3793.0,2285.527587890625
3794.0,2285.408447265625
3795.0,2285.48486328125
3796.0,2285.833984375
3797.0,2285.827880859375
3798.0,2286.069580078125
3799.0,2286.119140625
3800.0,2286.14697265625
3801.0,2286.192138671875
3802.0,2286.229736328125
3803.0,2286.32421875
3804.0,2286.6201171875
3805.0,2286.68603515625
3806.0,2286.981201171875
3807.0,2287.02783203125
3808.0,2287.09765625
3809.0,2286.89990234375
3810.0,2286.92529296875
3811.0,2286.478271484375
3812.0,2286.457763671875
3813.0,2286.385986328125
3814.0,2286.251708984375
3815.0,2285.810791015625
3816.0,2285.578125
3817.0,2285.592529296875
3818.0,2285.3544921875
3819.0,2285.14453125
3820.0,2284.990234375
3821.0,2284.82763671875
3822.0,2284.494384765625
3823.0,2284.1806640625
3824.0,2284.175048828125
3825.0,2284.2099609375
3826.0,2284.306396484375
3827.0,2284.415283203125
3828.0,2284.569091796875
3829.0,2284.94921875
3830.0,2285.148193359375
3831.0,2285.543212890625
3832.0,2285.50439453125
3833.0,2285.68408203125
3834.0,2285.7998046875
3835.0,2285.958740234375
3836.0,2286.08251953125
3837.0,2286.3486328125
3838.0,2286.42822265625
3839.0,2286.392822265625
3840.0,2286.585205078125
3841.0,2286.23828125
3842.0,2286.096435546875
3843.0,2285.524169921875
3844.0,2285.39794921875
3845.0,2285.25048828125
3846.0,2284.94970703125
3847.0,2284.8447265625
3848.0,2284.77490234375
3849.0,2284.95556640625
3850.0,2285.103759765625
3851.0,2285.01123046875
3852.0,2285.120361328125
3853.0,2284.991455078125
3854.0,2284.85986328125
3855.0,2284.50634765625
3856.0,2284.199951171875
3857.0,2284.1689453125
3858.0,2284.6806640625
3859.0,2284.98681640625
3860.0,2285.0439453125
3861.0,2285.38427734375
3862.0,2285.73779296875
3863.0,2286.11572265625
3864.0,2286.25927734375
3865.0,2286.4072265625
3866.0,2286.49951171875
3867.0,2286.651123046875
3868.0,2286.71142578125
3869.0,2286.97265625
3870.0,2286.9765625
3871.0,2286.95263671875
3872.0,2286.671630859375
3873.0,2286.421630859375
3874.0,2286.413818359375
3875.0,2286.41064453125
3876.0,2286.463134765625
3877.0,2286.57666015625
3878.0,2286.699951171875
3879.0,2286.834228515625
3880.0,2286.9736328125
3881.0,2287.10595703125
3882.0,2287.468994140625
3883.0,2287.552978515625
3884.0,2287.3251953125
3885.0,2287.080810546875
3886.0,2286.77880859375
3887.0,2286.66943359375
3888.0,2286.57470703125
3889.0,2286.45751953125
3890.0,2286.3466796875
3891.0,2286.039794921875
3892.0,2286.002685546875
3893.0,2286.269775390625
3894.0,2286.333251953125
3895.0,2286.3955078125
3896.0,2286.443115234375
3897.0,2286.53515625
3898.0,2286.780517578125
3899.0,2286.902099609375
3900.0,2286.98388671875
3901.0,2287.3134765625
3902.0,2287.404296875
3903.0,2287.756103515625
3904.0,2288.109130859375
3905.0,2288.18701171875
3906.0,2288.2373046875
3907.0,2288.305908203125
3908.0,2288.309326171875
3909.0,2288.29052734375
3910.0,2288.25048828125
3911.0,2287.97509765625
3912.0,2287.948974609375
3913.0,2287.9345703125
3914.0,2287.693359375
3915.0,2287.66455078125
3916.0,2287.736572265625
3917.0,2287.7451171875
3918.0,2287.989501953125
3919.0,2287.94970703125
3920.0,2287.8212890625
3921.0,2287.744140625
3922.0,2287.634521484375
3923.0,2287.502197265625
3924.0,2287.425048828125
3925.0,2287.6025390625
3926.0,2287.567138671875
3927.0,2287.59814453125
3928.0,2287.608154296875
3929.0,2287.39892578125
3930.0,2287.442626953125
3931.0,2287.734619140625
3932.0,2287.498779296875
3933.0,2287.22998046875
3934.0,2287.241943359375
3935.0,2287.213623046875
3936.0,2287.2275390625
3937.0,2287.223388671875
3938.0,2287.2626953125
3939.0,2287.30078125
3940.0,2287.42578125
3941.0,2288.046630859375
3942.0,2288.109130859375
3943.0,2288.1962890625
3944.0,2288.49462890625
3945.0,2288.52392578125
3946.0,2288.538818359375
3947.0,2288.781494140625
3948.0,2288.51708984375
3949.0,2288.39208984375
3950.0,2288.304931640625
3951.0,2287.96826171875
3952.0,2287.526611328125
3953.0,2287.149169921875
3954.0,2286.777099609375
3955.0,2286.45947265625
3956.0,2286.16455078125
3957.0,2286.21484375
3958.0,2286.528564453125
3959.0,2286.610595703125
3960.0,2286.967041015625
3961.0,2287.10205078125
3962.0,2287.4169921875
3963.0,2287.96875
3964.0,2287.84619140625
3965.0,2288.015869140625
3966.0,2287.712158203125
3967.0,2287.678466796875
3968.0,2287.383544921875
3969.0,2287.067138671875
3970.0,2287.056396484375
3971.0,2286.8720703125
3972.0,2287.146484375
3973.0,2287.268310546875
3974.0,2287.653076171875
3975.0,2287.836669921875
3976.0,2287.9814453125
3977.0,2288.375732421875
3978.0,2288.4658203125
3979.0,2288.511962890625
3980.0,2288.552734375
3981.0,2288.747314453125
3982.0,2288.973388671875
3983.0,2288.9130859375
3984.0,2288.908447265625
3985.0,2288.927734375
3986.0,2288.9560546875
3987.0,2289.203857421875
3988.0,2288.998779296875
3989.0,2288.979736328125
3990.0,2288.899658203125
3991.0,2288.833251953125
3992.0,2288.483154296875
3993.0,2288.3671875
3994.0,2288.487548828125
3995.0,2288.415283203125
3996.0,2288.37646484375
3997.0,2288.382080078125
3998.0,2288.133056640625
3999.0,2288.159423828125
4000.0,2288.208251953125
4001.0,2288.18896484375
4002.0,2288.182861328125
4003.0,2288.15966796875
4004.0,2288.13916015625
4005.0,2288.1640625
4006.0,2287.924072265625
4007.0,2287.95849609375
4008.0,2287.776123046875
4009.0,2287.556640625
4010.0,2287.583251953125
4011.0,2287.5869140625
4012.0,2287.302978515625
4013.0,2287.239990234375
4014.0,2287.13916015625
4015.0,2287.244873046875
4016.0,2287.22265625
4017.0,2287.419677734375
4018.0,2287.733642578125
4019.0,2288.024169921875
4020.0,2288.14697265625
4021.0,2288.5029296875
4022.0,2288.63671875
4023.0,2289.030517578125
4024.0,2289.194091796875
4025.0,2289.28271484375
4026.0,2289.373046875
4027.0,2289.48046875
4028.0,2289.477294921875
4029.0,2289.260986328125
4030.0,2289.2158203125
4031.0,2289.16943359375
4032.0,2288.8759765625
4033.0,2289.0556640625
4034.0,2289.009765625
4035.0,2288.9521484375
4036.0,2288.913330078125
4037.0,2289.128173828125
4038.0,2289.1240234375
4039.0,2289.364013671875
4040.0,2289.372802734375
4041.0,2289.394775390625
4042.0,2289.400390625
4043.0,2289.41650390625
4044.0,2289.679443359375
4045.0,2289.673095703125
4046.0,2289.678955078125
4047.0,2289.714111328125
4048.0,2289.708740234375
4049.0,2289.99365234375
4050.0,2290.01611328125
4051.0,2290.05615234375
4052.0,2290.07861328125
4053.0,2290.095458984375
4054.0,2289.863037109375
4055.0,2289.9072265625
4056.0,2289.90771484375
4057.0,2289.719970703125
4058.0,2289.496826171875
4059.0,2289.481201171875
4060.0,2289.4609375
4061.0,2289.2119140625
4062.0,2289.0751953125
4063.0,2288.986572265625
4064.0,2288.89453125
4065.0,2288.849365234375
4066.0,2289.1005859375
4067.0,2289.12646484375
4068.0,2289.1962890625
4069.0,2289.230712890625
4070.0,2289.312255859375
4071.0,2289.5732421875
4072.0,2289.586181640625
4073.0,2289.555419921875
4074.0,2289.564697265625
4075.0,2289.7822265625
4076.0,2289.712890625
4077.0,2289.430419921875
4078.0,2289.39501953125
4079.0,2289.384765625
4080.0,2289.10400390625
4081.0,2289.06982421875
4082.0,2288.84765625
4083.0,2288.845947265625
4084.0,2288.8505859375
4085.0,2288.826904296875
4086.0,2288.858642578125
4087.0,2289.105712890625
4088.0,2289.146484375
4089.0,2289.188232421875
4090.0,2289.48876953125
4091.0,2289.49072265625
4092.0,2289.781005859375
4093.0,2290.0576171875
4094.0,2290.062255859375
4095.0,2290.035400390625
4096.0,2290.27099609375
4097.0,2290.199462890625
4098.0,2290.126708984375
4099.0,2290.0712890625
4100.0,2290.032958984375
4101.0,2290.003173828125
4102.0,2290.03466796875
4103.0,2289.8359375
4104.0,2289.848388671875
4105.0,2289.87744140625
4106.0,2289.626220703125
4107.0,2289.5751953125
4108.0,2289.54296875
4109.0,2289.0478515625
4110.0,2288.996337890625
4111.0,2288.9580078125
4112.0,2288.943359375
4113.0,2288.9423828125
4114.0,2288.912109375
4115.0,2288.925537109375
4116.0,2288.9443359375
4117.0,2288.946533203125
4118.0,2289.232177734375
4119.0,2289.519287109375
4120.0,2289.62109375
4121.0,2289.74169921875
4122.0,2290.07861328125
4123.0,2290.162109375
4124.0,2290.21337890625
4125.0,2290.028076171875
4126.0,2289.792724609375
4127.0,2289.760986328125
4128.0,2289.459716796875
4129.0,2289.453369140625
4130.0,2289.40478515625
4131.0,2289.17529296875
4132.0,2289.48193359375
4133.0,2289.587646484375
4134.0,2289.921142578125
4135.0,2290.060546875
4136.0,2290.4208984375
4137.0,2290.71240234375
4138.0,2290.77392578125
4139.0,2291.0126953125
4140.0,2290.987548828125
4141.0,2290.963623046875
4142.0,2290.618896484375
4143.0,2290.359619140625
4144.0,2290.28173828125
4145.0,2289.705078125
4146.0,2289.622314453125
4147.0,2289.59521484375
4148.0,2289.28564453125
4149.0,2289.544189453125
4150.0,2289.5439453125
4151.0,2289.787109375
4152.0,2290.0908203125
4153.0,2290.168212890625
4154.0,2290.2216796875
4155.0,2290.50439453125
4156.0,2290.3349609375
4157.0,2290.34716796875
4158.0,2290.334228515625
4159.0,2290.29931640625
4160.0,2290.235107421875
4161.0,2290.176513671875
4162.0,2290.155517578125
4163.0,2290.1123046875
4164.0,2289.836181640625
4165.0,2289.760498046875
4166.0,2289.74072265625
4167.0,2289.926513671875
4168.0,2289.9248046875
4169.0,2289.9716796875
4170.0,2290.2734375
4171.0,2290.368896484375
4172.0,2290.51025390625
4173.0,2290.637939453125
4174.0,2290.46728515625
4175.0,2290.531494140625
4176.0,2290.870849609375
4177.0,2290.58056640625
4178.0,2290.867431640625
4179.0,2290.91552734375
4180.0,2290.956787109375
4181.0,2291.053466796875
4182.0,2291.368896484375
4183.0,2291.177734375
4184.0,2291.39501953125
4185.0,2291.387451171875
4186.0,2291.326171875
4187.0,2291.270263671875
4188.0,2290.968994140625
4189.0,2290.871826171875
4190.0,2290.80029296875
4191.0,2290.762939453125
4192.0,2290.759033203125
4193.0,2290.792236328125
4194.0,2290.88818359375
4195.0,2290.972412109375
4196.0,2291.3779296875
4197.0,2291.506103515625
4198.0,2291.642578125
4199.0,2291.742431640625
4200.0,2292.068359375
4201.0,2292.15380859375
4202.0,2292.228271484375
4203.0,2292.251220703125
4204.0,2292.253662109375
4205.0,2292.2275390625
4206.0,2291.94580078125
4207.0,2291.86083984375
4208.0,2291.78759765625
4209.0,2291.475830078125
4210.0,2291.340087890625
4211.0,2291.30126953125
4212.0,2291.286376953125
4213.0,2291.514892578125
4214.0,2291.7470703125
4215.0,2291.784912109375
4216.0,2291.848876953125
4217.0,2291.86474609375
4218.0,2292.10693359375
4219.0,2291.914306640625
4220.0,2291.875
4221.0,2291.61865234375
4222.0,2291.307861328125
4223.0,2291.2470703125
4224.0,2291.231201171875
4225.0,2290.99169921875
4226.0,2291.28076171875
4227.0,2291.2822265625
4228.0,2291.566650390625
4229.0,2291.691650390625
4230.0,2291.81396484375
4231.0,2291.9521484375
4232.0,2292.17626953125
4233.0,2292.632080078125
4234.0,2292.806640625
4235.0,2292.937255859375
4236.0,2293.225341796875
4237.0,2293.2802734375
4238.0,2293.216064453125
4239.0,2293.393798828125
4240.0,2293.260009765625
4241.0,2293.139892578125
4242.0,2292.9736328125
4243.0,2292.82958984375
4244.0,2292.668212890625
4245.0,2292.5791015625
4246.0,2292.75146484375
4247.0,2292.967529296875
4248.0,2292.957275390625
4249.0,2292.713134765625
4250.0,2292.72119140625
4251.0,2292.674072265625
4252.0,2292.619140625
4253.0,2292.539306640625
4254.0,2292.4541015625
4255.0,2292.36572265625
4256.0,2292.31787109375
4257.0,2292.2958984375
4258.0,2292.26171875
4259.0,2292.080810546875
4260.0,2292.164794921875
4261.0,2292.246826171875
4262.0,2292.356201171875
4263.0,2292.448486328125
4264.0,2292.558349609375
4265.0,2292.637451171875
4266.0,2292.682861328125
4267.0,2292.6875
4268.0,2292.936767578125
4269.0,2292.906982421875
4270.0,2292.908935546875
4271.0,2293.05908203125
4272.0,2293.033203125
4273.0,2292.83203125
4274.0,2293.06787109375
4275.0,2292.892333984375
4276.0,2292.96240234375
4277.0,2293.28076171875
4278.0,2293.579345703125
4279.0,2293.93994140625
4280.0,2294.255859375
4281.0,2294.07177734375
4282.0,2294.114013671875
4283.0,2293.9111328125
4284.0,2293.650146484375
4285.0,2293.62939453125
4286.0,2293.3564453125
4287.0,2293.281005859375
4288.0,2292.974365234375
4289.0,2292.904541015625
4290.0,2292.623046875
4291.0,2292.552734375
4292.0,2292.458251953125
4293.0,2292.38720703125
4294.0,2292.2919921875
4295.0,2292.18505859375
4296.0,2292.046875
4297.0,2292.215576171875
4298.0,2292.15576171875
4299.0,2292.161376953125
4300.0,2292.20849609375
4301.0,2292.28076171875
4302.0,2292.6162109375
4303.0,2292.76904296875
4304.0,2292.85888671875
4305.0,2292.979248046875
4306.0,2293.06298828125
4307.0,2293.14599609375
4308.0,2293.13232421875
4309.0,2293.13427734375
4310.0,2292.64208984375
4311.0,2292.586181640625
4312.0,2292.267822265625
4313.0,2292.191650390625
4314.0,2292.084716796875
4315.0,2291.9716796875
4316.0,2291.8330078125
4317.0,2291.708740234375
4318.0,2291.643310546875
4319.0,2291.84521484375
4320.0,2291.558837890625
4321.0,2291.588623046875
4322.0,2291.61767578125
4323.0,2291.664794921875
4324.0,2291.70703125
4325.0,2292.0234375
4326.0,2292.334716796875
4327.0,2292.396484375
4328.0,2292.442138671875
4329.0,2292.695068359375
4330.0,2292.710205078125
4331.0,2292.960693359375
4332.0,2293.005615234375
4333.0,2293.119140625
4334.0,2293.310302734375
4335.0,2293.713134765625
4336.0,2293.929931640625
4337.0,2294.19287109375
4338.0,2294.149169921875
4339.0,2294.349365234375
4340.0,2294.431640625
4341.0,2294.27734375
4342.0,2294.48095703125
4343.0,2294.211181640625
4344.0,2294.12744140625
4345.0,2294.06884765625
4346.0,2294.01025390625
4347.0,2293.949951171875
4348.0,2293.902587890625
4349.0,2294.108154296875
4350.0,2294.080810546875
4351.0,2294.01513671875
4352.0,2293.931396484375
4353.0,2293.808837890625
4354.0,2293.866943359375
4355.0,2293.464111328125
4356.0,2293.279296875
4357.0,2293.0849609375
4358.0,2292.72509765625
4359.0,2292.622802734375
4360.0,2292.5673828125
4361.0,2292.32470703125
4362.0,2292.346435546875
4363.0,2292.40234375
4364.0,2292.686279296875
4365.0,2292.721923828125
4366.0,2292.741943359375
4367.0,2292.7236328125
4368.0,2292.70361328125
4369.0,2292.702392578125
4370.0,2292.994140625
4371.0,2293.029296875
4372.0,2293.358154296875
4373.0,2293.421630859375
4374.0,2293.491455078125
4375.0,2293.623779296875
4376.0,2293.68359375
4377.0,2293.9267578125
4378.0,2293.97509765625
4379.0,2293.935302734375
4380.0,2293.73291015625
4381.0,2293.70654296875
4382.0,2293.715576171875
4383.0,2293.722412109375
4384.0,2293.97412109375
4385.0,2293.99951171875
4386.0,2294.267578125
4387.0,2294.30712890625
4388.0,2294.3447265625
4389.0,2294.346923828125
4390.0,2294.33935546875
4391.0,2294.02587890625
4392.0,2293.972900390625
4393.0,2294.176025390625
4394.0,2293.714111328125
4395.0,2293.7451171875
4396.0,2293.80126953125
4397.0,2293.701904296875
4398.0,2293.763671875
4399.0,2294.098876953125
4400.0,2294.200439453125
4401.0,2294.564208984375
4402.0,2294.6474609375
4403.0,2294.99169921875
4404.0,2295.042236328125
4405.0,2294.829345703125
4406.0,2295.092041015625
4407.0,2294.799560546875
4408.0,2294.71044921875
4409.0,2294.36572265625
4410.0,2294.453125
4411.0,2294.075927734375
4412.0,2293.986328125
4413.0,2293.450439453125
4414.0,2293.40087890625
4415.0,2293.15478515625
4416.0,2293.162841796875
4417.0,2293.212890625
4418.0,2293.206298828125
4419.0,2293.244140625
4420.0,2293.23193359375
4421.0,2293.45263671875
4422.0,2293.45703125
4423.0,2293.896728515625
4424.0,2293.8916015625
4425.0,2293.89697265625
4426.0,2294.135009765625
4427.0,2294.3779296875
4428.0,2294.40087890625
4429.0,2294.191650390625
4430.0,2294.2021484375
4431.0,2294.00732421875
4432.0,2294.022216796875
4433.0,2293.786865234375
4434.0,2293.76708984375
4435.0,2293.76123046875
4436.0,2293.528076171875
4437.0,2293.535888671875
4438.0,2293.586181640625
4439.0,2293.882080078125
4440.0,2294.206787109375
4441.0,2294.263671875
4442.0,2294.29931640625
4443.0,2294.33642578125
4444.0,2294.32421875
4445.0,2294.283935546875
4446.0,2294.2099609375
4447.0,2294.1396484375
4448.0,2294.043212890625
4449.0,2293.738525390625
4450.0,2293.69287109375
4451.0,2293.665283203125
4452.0,2293.67431640625
4453.0,2293.711669921875
4454.0,2293.77587890625
4455.0,2294.1298828125
4456.0,2294.178955078125
4457.0,2294.476318359375
4458.0,2294.517578125
4459.0,2294.553466796875
4460.0,2294.56396484375
4461.0,2294.62255859375
4462.0,2294.84765625
4463.0,2294.886474609375
4464.0,2294.75
4465.0,2294.791748046875
4466.0,2295.093994140625
4467.0,2294.905517578125
4468.0,2295.3974609375
4469.0,2295.6806640625
4470.0,2295.948974609375
4471.0,2295.97802734375
4472.0,2296.25
4473.0,2296.000732421875
4474.0,2295.4619140625
4475.0,2295.46826171875
4476.0,2294.920166015625
4477.0,2294.8544921875
4478.0,2294.797119140625
4479.0,2294.51708984375
4480.0,2294.521728515625
4481.0,2294.572021484375
4482.0,2294.921630859375
4483.0,2294.754150390625
4484.0,2294.89013671875
4485.0,2295.2509765625
4486.0,2295.356689453125
4487.0,2295.68603515625
4488.0,2296.7431640625
4489.0,2295.978759765625
4490.0,2296.41748046875
4491.0,2296.60205078125
4492.0,2296.531494140625
4493.0,2296.212158203125
4494.0,2296.152099609375
4495.0,2295.862548828125
4496.0,2295.815185546875
4497.0,2295.802490234375
4498.0,2295.533203125
4499.0,2295.51123046875
4500.0,2295.76513671875
4501.0,2295.6943359375
4502.0,2295.677001953125
4503.0,2295.6044921875
4504.0,2295.799072265625
4505.0,2295.761474609375
4506.0,2295.73876953125
4507.0,2295.731689453125
4508.0,2295.7529296875
4509.0,2295.778564453125
4510.0,2295.60986328125
4511.0,2295.4130859375
4512.0,2295.432861328125
4513.0,2295.2529296875
4514.0,2295.230224609375
4515.0,2295.251220703125
4516.0,2295.216552734375
4517.0,2295.207275390625
4518.0,2295.192626953125
4519.0,2295.210205078125
4520.0,2295.2099609375
4521.0,2295.195068359375
4522.0,2295.39111328125
4523.0,2295.3466796875
4524.0,2295.335205078125
4525.0,2295.306640625
4526.0,2295.56689453125
4527.0,2295.567626953125
4528.0,2295.618896484375
4529.0,2295.668701171875
4530.0,2295.723876953125
4531.0,2295.75
4532.0,2295.802001953125
4533.0,2295.85546875
4534.0,2295.886962890625
4535.0,2295.91796875
4536.0,2295.982666015625
4537.0,2295.8408203125
4538.0,2296.130615234375
4539.0,2296.22998046875
4540.0,2296.54638671875
4541.0,2296.853515625
4542.0,2296.96240234375
4543.0,2297.02734375
4544.0,2297.038818359375
4545.0,2297.089599609375
4546.0,2297.084716796875
4547.0,2297.10595703125
4548.0,2297.115966796875
4549.0,2297.143798828125
4550.0,2297.16748046875
4551.0,2297.185302734375
4552.0,2296.9599609375
4553.0,2296.911865234375
4554.0,2297.0908203125
4555.0,2297.01171875
4556.0,2296.9462890625
4557.0,2296.6220703125
4558.0,2296.73681640625
4559.0,2296.623779296875
4560.0,2296.553955078125
4561.0,2296.505615234375
4562.0,2296.498046875
4563.0,2296.474365234375
4564.0,2296.48876953125
4565.0,2296.2705078125
4566.0,2296.282470703125
4567.0,2296.2822265625
4568.0,2296.0126953125
4569.0,2295.984619140625
4570.0,2295.9326171875
4571.0,2295.887451171875
4572.0,2295.66796875
4573.0,2295.629150390625
4574.0,2295.598876953125
4575.0,2295.528076171875
4576.0,2295.193603515625
4577.0,2295.07275390625
4578.0,2295.01171875
4579.0,2294.98193359375
4580.0,2294.990966796875
4581.0,2295.040283203125
4582.0,2295.096435546875
4583.0,2294.968994140625
4584.0,2295.0849609375
4585.0,2295.213623046875
4586.0,2295.34228515625
4587.0,2295.445556640625
4588.0,2295.54345703125
4589.0,2295.85546875
4590.0,2295.946533203125
4591.0,2295.988525390625
4592.0,2296.2587890625
4593.0,2296.261474609375
4594.0,2296.274658203125
4595.0,2296.290771484375
4596.0,2296.576416015625
4597.0,2296.569580078125
4598.0,2296.830322265625
4599.0,2296.8330078125
4600.0,2297.0751953125
4601.0,2297.05908203125
4602.0,2297.046875
4603.0,2296.977783203125
4604.0,2296.6982421875
4605.0,2296.64404296875
4606.0,2296.350341796875
4607.0,2296.010009765625
4608.0,2295.934326171875
4609.0,2295.86181640625
4610.0,2295.776611328125
4611.0,2295.66357421875
4612.0,2295.39599609375
4613.0,2295.37060546875
4614.0,2295.334716796875
4615.0,2295.3115234375
4616.0,2295.265625
4617.0,2295.25
4618.0,2295.2333984375
4619.0,2295.50341796875
4620.0,2295.499755859375
4621.0,2295.804931640625
4622.0,2295.900146484375
4623.0,2296.26953125
4624.0,2296.375
4625.0,2296.550048828125
4626.0,2296.68994140625
4627.0,2296.832763671875
4628.0,2296.9150390625
4629.0,2297.0166015625
4630.0,2297.109375
4631.0,2297.168701171875
4632.0,2297.47509765625
4633.0,2297.547119140625
4634.0,2297.63671875
4635.0,2297.717041015625
4636.0,2297.799072265625
4637.0,2298.14599609375
4638.0,2298.176513671875
4639.0,2297.96337890625
4640.0,2298.21044921875
4641.0,2298.155029296875
4642.0,2297.89599609375
4643.0,2298.096435546875
4644.0,2298.002197265625
4645.0,2297.93017578125
4646.0,2297.83154296875
4647.0,2297.777099609375
4648.0,2297.457763671875
4649.0,2297.387939453125
4650.0,2297.37744140625
4651.0,2297.3681640625
4652.0,2297.851318359375
4653.0,2297.894287109375
4654.0,2298.21875
4655.0,2298.2919921875
4656.0,2298.3740234375
4657.0,2298.6845703125
4658.0,2298.688720703125
4659.0,2298.694091796875
4660.0,2298.67138671875
4661.0,2298.37109375
4662.0,2298.310546875
4663.0,2298.25
4664.0,2298.210693359375
4665.0,2297.96435546875
4666.0,2297.968505859375
4667.0,2297.966064453125
4668.0,2297.716552734375
4669.0,2297.709228515625
4670.0,2297.67333984375
4671.0,2297.36572265625
4672.0,2297.23974609375
4673.0,2297.0947265625
4674.0,2296.736572265625
4675.0,2296.691162109375
4676.0,2296.65966796875
4677.0,2296.9228515625
4678.0,2296.999755859375
4679.0,2297.13623046875
4680.0,2297.29150390625
4681.0,2297.42626953125
4682.0,2297.52978515625
4683.0,2297.861328125
4684.0,2297.86572265625
4685.0,2297.83154296875
4686.0,2297.714111328125
4687.0,2297.593994140625
4688.0,2297.407470703125
4689.0,2297.229248046875
4690.0,2297.05859375
4691.0,2296.918212890625
4692.0,2296.85546875
4693.0,2296.599853515625
4694.0,2296.597900390625
4695.0,2296.649169921875
4696.0,2296.73388671875
4697.0,2296.8095703125
4698.0,2296.8349609375
4699.0,2297.113525390625
4700.0,2297.073974609375
4701.0,2297.02099609375
4702.0,2297.168701171875
4703.0,2297.102783203125
4704.0,2296.827392578125
4705.0,2296.806640625
4706.0,2296.818115234375
4707.0,2296.89111328125
4708.0,2297.02685546875
4709.0,2297.206787109375
4710.0,2297.13232421875
4711.0,2297.326904296875
4712.0,2297.5322265625
4713.0,2297.679931640625
4714.0,2297.80322265625
4715.0,2297.873779296875
4716.0,2297.90478515625
4717.0,2297.878662109375
4718.0,2297.8330078125
4719.0,2297.762451171875
4720.0,2297.935302734375
4721.0,2297.8798828125
4722.0,2297.88330078125
4723.0,2297.901123046875
4724.0,2298.4189453125
4725.0,2298.427734375
4726.0,2298.4482421875
4727.0,2298.437744140625
4728.0,2298.419677734375
4729.0,2298.36279296875
4730.0,2298.2822265625
4731.0,2297.654052734375
4732.0,2297.5537109375
4733.0,2297.21435546875
4734.0,2297.1669921875
4735.0,2297.143310546875
4736.0,2297.179443359375
4737.0,2297.24853515625
4738.0,2297.331787109375
4739.0,2297.4326171875
4740.0,2297.545166015625
4741.0,2297.83642578125
4742.0,2297.9482421875
4743.0,2298.01318359375
4744.0,2298.295166015625
4745.0,2298.312744140625
4746.0,2298.32421875
4747.0,2298.581298828125
4748.0,2298.337890625
4749.0,2298.30322265625
4750.0,2298.23583984375
4751.0,2298.435546875
4752.0,2298.396484375
4753.0,2298.081298828125
4754.0,2298.281005859375
4755.0,2298.01416015625
4756.0,2298.1845703125
4757.0,2298.162109375
4758.0,2298.14599609375
4759.0,2298.161865234375
4760.0,2298.394775390625
4761.0,2298.43359375
4762.0,2298.515380859375
4763.0,2298.387451171875
4764.0,2298.495361328125
4765.0,2298.62353515625
4766.0,2298.481689453125
4767.0,2298.55029296875
4768.0,2298.588134765625
4769.0,2298.851806640625
4770.0,2298.58447265625
4771.0,2298.503173828125
4772.0,2298.175537109375
4773.0,2298.079345703125
4774.0,2298.011474609375
4775.0,2297.680908203125
4776.0,2297.6728515625
4777.0,2297.619873046875
4778.0,2297.892822265625
4779.0,2297.703125
4780.0,2297.7529296875
4781.0,2297.834228515625
4782.0,2298.064697265625
4783.0,2298.077392578125
4784.0,2298.305908203125
4785.0,2298.290283203125
4786.0,2298.29052734375
4787.0,2298.24755859375
4788.0,2297.99658203125
4789.0,2298.004638671875
4790.0,2298.03515625
4791.0,2297.802001953125
4792.0,2297.837158203125
4793.0,2297.883056640625
4794.0,2297.865966796875
4795.0,2297.827392578125
4796.0,2298.045654296875
4797.0,2298.302490234375
4798.0,2298.275146484375
4799.0,2298.247314453125
4800.0,2298.4921875
4801.0,2298.46630859375
4802.0,2298.44384765625
4803.0,2298.432373046875
4804.0,2298.22705078125
4805.0,2298.315673828125
4806.0,2298.38623046875
4807.0,2298.469482421875
4808.0,2298.613525390625
4809.0,2298.69140625
4810.0,2298.7607421875
4811.0,2298.78759765625
4812.0,2298.805908203125
4813.0,2298.5966796875
4814.0,2298.576416015625
4815.0,2298.55029296875
4816.0,2298.51611328125
4817.0,2298.471435546875
4818.0,2298.439453125
4819.0,2298.427490234375
4820.0,2298.190185546875
4821.0,2298.421142578125
4822.0,2298.443603515625
4823.0,2298.5068359375
4824.0,2298.79833984375
4825.0,2299.107666015625
4826.0,2299.216552734375
4827.0,2299.52587890625
4828.0,2299.345703125
4829.0,2299.575927734375
4830.0,2299.6044921875
4831.0,2299.5888671875
4832.0,2299.582763671875
4833.0,2299.27978515625
4834.0,2299.189697265625
4835.0,2298.889892578125
4836.0,2298.83203125
4837.0,2298.764892578125
4838.0,2298.95947265625
4839.0,2298.91748046875
4840.0,2298.896240234375
4841.0,2299.140380859375
4842.0,2299.13427734375
4843.0,2299.206298828125
4844.0,2299.27490234375
4845.0,2299.099853515625
4846.0,2299.178466796875
4847.0,2299.226318359375
4848.0,2299.024658203125
4849.0,2298.984375
4850.0,2298.93994140625
4851.0,2298.8466796875
4852.0,2298.746337890625
4853.0,2298.7158203125
4854.0,2298.651611328125
4855.0,2298.642822265625
4856.0,2298.88818359375
4857.0,2298.924072265625
4858.0,2299.431884765625
4859.0,2299.43798828125
4860.0,2299.683837890625
4861.0,2299.895751953125
4862.0,2299.875732421875
4863.0,2299.587890625
4864.0,2299.589111328125
4865.0,2299.552490234375
4866.0,2299.588134765625
4867.0,2299.6025390625
4868.0,2299.657470703125
4869.0,2299.705810546875
4870.0,2299.754150390625
4871.0,2300.02099609375
4872.0,2300.04248046875
4873.0,2299.802490234375
4874.0,2299.80224609375
4875.0,2299.8369140625
4876.0,2300.110595703125
4877.0,2299.917724609375
4878.0,2300.014404296875
4879.0,2299.858154296875
4880.0,2299.9326171875
4881.0,2299.9765625
4882.0,2300.046142578125
4883.0,2300.01953125
4884.0,2299.761474609375
4885.0,2299.949462890625
4886.0,2299.616943359375
4887.0,2299.621337890625
4888.0,2299.60400390625
4889.0,2299.629150390625
4890.0,2299.408203125
4891.0,2299.428955078125
4892.0,2299.466064453125
4893.0,2299.516357421875
4894.0,2299.52392578125
4895.0,2299.7490234375
4896.0,2299.70849609375
4897.0,2299.654052734375
4898.0,2299.580078125
4899.0,2299.731689453125
4900.0,2299.62255859375
4901.0,2299.0400390625
4902.0,2298.932861328125
4903.0,2298.822998046875
4904.0,2298.7265625
4905.0,2298.408203125
4906.0,2298.32080078125
4907.0,2298.22119140625
4908.0,2298.151611328125
4909.0,2298.3251953125
4910.0,2298.27734375
4911.0,2298.264404296875
4912.0,2298.2822265625
4913.0,2298.341552734375
4914.0,2298.391357421875
4915.0,2298.482421875
4916.0,2298.833251953125
4917.0,2298.95751953125
4918.0,2299.08349609375
4919.0,2299.44677734375
4920.0,2299.582275390625
4921.0,2299.64990234375
4922.0,2299.739990234375
4923.0,2300.015625
4924.0,2299.8388671875
4925.0,2300.094970703125
4926.0,2300.124755859375
4927.0,2300.207763671875
4928.0,2300.277587890625
4929.0,2300.3271484375
4930.0,2300.397216796875
4931.0,2300.431640625
4932.0,2300.440185546875
4933.0,2300.177490234375
4934.0,2300.169921875
4935.0,2300.09912109375
4936.0,2300.054443359375
4937.0,2299.986328125
4938.0,2299.917236328125
4939.0,2299.84765625
4940.0,2299.8564453125
4941.0,2300.11279296875
4942.0,2300.145751953125
4943.0,2300.185791015625
4944.0,2300.495361328125
4945.0,2300.512451171875
4946.0,2300.5341796875
4947.0,2300.266845703125
4948.0,2300.229248046875
4949.0,2300.183837890625
4950.0,2300.12353515625
4951.0,2299.832275390625
4952.0,2299.855224609375
4953.0,2299.63671875
4954.0,2299.6591796875
4955.0,2299.73876953125
4956.0,2300.130615234375
4957.0,2300.238525390625
4958.0,2300.33544921875
4959.0,2300.421875
4960.0,2300.821044921875
4961.0,2300.859130859375
4962.0,2300.94775390625
4963.0,2301.23828125
4964.0,2301.313720703125
4965.0,2301.589111328125
4966.0,2301.875244140625
4967.0,2301.908447265625
4968.0,2302.178466796875
4969.0,2302.025390625
4970.0,2302.03759765625
4971.0,2302.279541015625
4972.0,2302.184326171875
4973.0,2302.082763671875
4974.0,2301.514892578125
4975.0,2301.2783203125
4976.0,2301.066650390625
4977.0,2300.8544921875
4978.0,2300.655517578125
4979.0,2300.234619140625
4980.0,2300.132080078125
4981.0,2300.052734375
4982.0,2300.007568359375
4983.0,2300.037841796875
4984.0,2300.33447265625
4985.0,2300.149658203125
4986.0,2300.22265625
4987.0,2300.288330078125
4988.0,2300.056884765625
4989.0,2300.071044921875
4990.0,2300.033935546875
4991.0,2299.752685546875
4992.0,2299.9208984375
4993.0,2300.138916015625
4994.0,2300.18603515625
4995.0,2300.443115234375
4996.0,2300.542724609375
4997.0,2300.66748046875
4998.0,2300.76513671875
4999.0,2300.869384765625
5000.0,2300.94775390625
5001.0,2300.998779296875
5002.0,2301.090087890625
5003.0,2301.068603515625
5004.0,2301.112060546875
5005.0,2300.919189453125
5006.0,2300.938720703125
5007.0,2300.9609375
5008.0,2301.00634765625
5009.0,2300.98779296875
5010.0,2301.23828125
5011.0,2301.19677734375
5012.0,2301.4482421875
5013.0,2301.6298828125
5014.0,2301.610595703125
5015.0,2301.332275390625
5016.0,2301.05615234375
5017.0,2301.02490234375
5018.0,2300.779296875
5019.0,2300.745849609375
5020.0,2300.75146484375
5021.0,2300.732421875
5022.0,2300.72705078125
5023.0,2300.4833984375
5024.0,2300.46923828125
5025.0,2300.68115234375
5026.0,2300.65625
5027.0,2300.604248046875
5028.0,2300.5322265625
5029.0,2300.378173828125
5030.0,2300.280517578125
5031.0,2300.13720703125
5032.0,2299.79931640625
5033.0,2299.9501953125
5034.0,2299.8818359375
5035.0,2299.89697265625
5036.0,2300.13134765625
5037.0,2300.462158203125
5038.0,2300.646484375
5039.0,2300.79736328125
5040.0,2301.2294921875
5041.0,2301.39599609375
5042.0,2301.578369140625
5043.0,2301.757080078125
5044.0,2301.872802734375
5045.0,2301.964599609375
5046.0,2302.053466796875
5047.0,2302.08935546875
5048.0,2302.046630859375
5049.0,2302.00146484375
5050.0,2301.9267578125
5051.0,2301.586181640625
5052.0,2301.24951171875
5053.0,2300.938232421875
5054.0,2300.9111328125
5055.0,2301.102783203125
5056.0,2301.092529296875
5057.0,2301.39208984375
5058.0,2301.451416015625
5059.0,2301.51904296875
5060.0,2301.567138671875
5061.0,2301.8359375
5062.0,2301.925048828125
5063.0,2301.7197265625
5064.0,2301.741455078125
5065.0,2302.02880859375
5066.0,2302.2705078125
5067.0,2302.260498046875
5068.0,2302.24462890625
5069.0,2302.5029296875
5070.0,2302.4873046875
5071.0,2302.262451171875
5072.0,2302.24365234375
5073.0,2301.9775390625
5074.0,2302.234130859375
5075.0,2302.229248046875
5076.0,2302.254638671875
5077.0,2302.2568359375
5078.0,2302.316650390625
5079.0,2302.11376953125
5080.0,2302.352783203125
5081.0,2302.359375
5082.0,2302.360595703125
5083.0,2302.34765625
5084.0,2302.29345703125
5085.0,2302.2265625
5086.0,2302.3974609375
5087.0,2302.099609375
5088.0,2302.03759765625
5089.0,2302.04345703125
5090.0,2302.0439453125
5091.0,2302.08447265625
5092.0,2301.6552734375
5093.0,2301.7431640625
5094.0,2301.59423828125
5095.0,2301.62255859375
5096.0,2301.6171875
5097.0,2301.398681640625
5098.0,2301.3154296875
5099.0,2301.72900390625
5100.0,2301.74169921875
5101.0,2301.974609375
5102.0,2302.015869140625
5103.0,2302.300537109375
5104.0,2302.362060546875
5105.0,2302.40234375
5106.0,2302.6376953125
5107.0,2302.5859375
5108.0,2302.503662109375
5109.0,2302.4375
5110.0,2302.362548828125
5111.0,2302.33544921875
5112.0,2302.14013671875
5113.0,2302.221923828125
5114.0,2302.343505859375
5115.0,2302.473388671875
5116.0,2302.612060546875
5117.0,2302.772705078125
5118.0,2302.90185546875
5119.0,2303.00927734375
5120.0,2303.10400390625
5121.0,2302.951416015625
5122.0,2302.95556640625
5123.0,2302.922607421875
5124.0,2302.823974609375
5125.0,2302.680908203125
5126.0,2302.732421875
5127.0,2302.561767578125
5128.0,2302.1416015625
5129.0,2301.9560546875
5130.0,2301.61181640625
5131.0,2301.46337890625
5132.0,2300.9033203125
5133.0,2300.593017578125
5134.0,2300.5185546875
5135.0,2300.5009765625
5136.0,2300.718017578125
5137.0,2300.766357421875
5138.0,2301.01953125
5139.0,2301.10693359375
5140.0,2301.265625
5141.0,2301.37548828125
5142.0,2301.480712890625
5143.0,2301.590576171875
5144.0,2301.683837890625
5145.0,2301.7578125
5146.0,2302.086181640625
5147.0,2302.072509765625
5148.0,2302.088134765625
5149.0,2301.86083984375
5150.0,2302.040771484375
5151.0,2301.98193359375
5152.0,2301.9130859375
5153.0,2301.85546875
5154.0,2301.78515625
5155.0,2301.72021484375
5156.0,2301.67724609375
5157.0,2301.699951171875
5158.0,2301.758056640625
5159.0,2302.073486328125
5160.0,2302.416259765625
5161.0,2302.503173828125
5162.0,2302.572509765625
5163.0,2302.658447265625
5164.0,2302.598388671875
5165.0,2302.846435546875
5166.0,2302.724853515625
5167.0,2302.876220703125
5168.0,2303.02490234375
5169.0,2302.960693359375
5170.0,2303.194091796875
5171.0,2303.17529296875
5172.0,2303.2255859375
5173.0,2303.26806640625
5174.0,2303.351318359375
5175.0,2303.4501953125
5176.0,2303.62744140625
5177.0,2303.796630859375
5178.0,2303.754150390625
5179.0,2303.946533203125
5180.0,2303.616455078125
5181.0,2303.76611328125
5182.0,2303.579345703125
5183.0,2303.600830078125
5184.0,2303.33544921875
5185.0,2303.1904296875
5186.0,2303.042724609375
5187.0,2302.885498046875
5188.0,2303.010986328125
5189.0,2302.88134765625
5190.0,2302.82958984375
5191.0,2303.01220703125
5192.0,2303.24072265625
5193.0,2303.197265625
5194.0,2302.9228515625
5195.0,2302.8623046875
5196.0,2302.54150390625
5197.0,2302.489013671875
5198.0,2302.43408203125
5199.0,2302.42626953125
5200.0,2302.44873046875
5201.0,2302.49755859375
5202.0,2302.597900390625
5203.0,2302.713134765625
5204.0,2302.77490234375
5205.0,2302.923583984375
5206.0,2303.231201171875
5207.0,2303.338134765625
5208.0,2303.411865234375
5209.0,2303.71044921875
5210.0,2303.75439453125
5211.0,2303.995361328125
5212.0,2303.77197265625
5213.0,2303.771240234375
5214.0,2303.7314453125
5215.0,2303.731689453125
5216.0,2303.948974609375
5217.0,2303.88623046875
5218.0,2303.524658203125
5219.0,2303.392333984375
5220.0,2303.016357421875
5221.0,2303.09423828125
5222.0,2302.759521484375
5223.0,2302.6767578125
5224.0,2302.63232421875
5225.0,2302.895751953125
5226.0,2302.69482421875
5227.0,2302.767822265625
5228.0,2302.81591796875
5229.0,2302.890869140625
5230.0,2302.70556640625
5231.0,2302.770751953125
5232.0,2302.79296875
5233.0,2302.890625
5234.0,2302.914306640625
5235.0,2302.97705078125
5236.0,2303.007568359375
5237.0,2303.288330078125
5238.0,2303.31005859375
5239.0,2303.330322265625
5240.0,2303.3984375
5241.0,2303.678466796875
5242.0,2303.683349609375
5243.0,2303.73974609375
5244.0,2303.802490234375
5245.0,2303.50537109375
5246.0,2303.478271484375
5247.0,2303.20361328125
5248.0,2303.390869140625
5249.0,2303.33935546875
5250.0,2303.2919921875
5251.0,2303.5107421875
5252.0,2303.535400390625
5253.0,2303.747802734375
5254.0,2303.81591796875
5255.0,2303.593505859375
5256.0,2303.569580078125
5257.0,2303.7890625
5258.0,2303.48828125
5259.0,2303.442626953125
5260.0,2303.129150390625
5261.0,2303.108154296875
5262.0,2303.044189453125
5263.0,2303.230224609375
5264.0,2303.220458984375
5265.0,2303.006591796875
5266.0,2302.977783203125
5267.0,2303.23828125
5268.0,2303.034423828125
5269.0,2303.25537109375
5270.0,2303.28369140625
5271.0,2303.30419921875
5272.0,2303.59375
5273.0,2303.6474609375
5274.0,2303.9111328125
5275.0,2303.704345703125
5276.0,2303.539794921875
5277.0,2303.6025390625
5278.0,2303.666259765625
5279.0,2303.66845703125
5280.0,2303.4111328125
5281.0,2303.407470703125
5282.0,2303.3955078125
5283.0,2303.3203125
5284.0,2303.3037109375
5285.0,2303.327880859375
5286.0,2303.394775390625
5287.0,2303.445068359375
5288.0,2303.515380859375
5289.0,2303.604736328125
5290.0,2303.603759765625
5291.0,2303.386474609375
5292.0,2303.646240234375
5293.0,2303.586181640625
5294.0,2303.53564453125
5295.0,2302.9775390625
5296.0,2303.186767578125
5297.0,2303.158935546875
5298.0,2303.16796875
5299.0,2303.197998046875
5300.0,2303.2822265625
5301.0,2303.34619140625
5302.0,2303.420166015625
5303.0,2303.694091796875
5304.0,2303.489013671875
5305.0,2303.402587890625
5306.0,2303.613525390625
5307.0,2303.5380859375
5308.0,2303.456298828125
5309.0,2303.40087890625
5310.0,2303.58056640625
5311.0,2303.55419921875
5312.0,2303.765625
5313.0,2303.783935546875
5314.0,2304.0146484375
5315.0,2303.745849609375
5316.0,2303.737548828125
5317.0,2303.516357421875
5318.0,2303.27587890625
5319.0,2303.315185546875
5320.0,2303.343017578125
5321.0,2303.37158203125
5322.0,2303.42529296875
5323.0,2303.737060546875
5324.0,2303.81103515625
5325.0,2304.123046875
5326.0,2303.966552734375
5327.0,2304.064453125
5328.0,2304.436767578125
5329.0,2304.533203125
5330.0,2304.660400390625
5331.0,2304.990234375
5332.0,2305.090087890625
5333.0,2305.16650390625
5334.0,2305.4267578125
5335.0,2305.19775390625
5336.0,2305.22314453125
5337.0,2305.20556640625
5338.0,2305.1513671875
5339.0,2305.06640625
5340.0,2304.98681640625
5341.0,2304.875
5342.0,2304.761474609375
5343.0,2304.639404296875
5344.0,2304.30078125
5345.0,2304.47998046875
5346.0,2304.45361328125
5347.0,2304.682373046875
5348.0,2304.497314453125
5349.0,2304.578369140625
5350.0,2304.414794921875
5351.0,2304.474365234375
5352.0,2304.5302734375
5353.0,2304.547119140625
5354.0,2304.630126953125
5355.0,2304.443115234375
5356.0,2304.732666015625
5357.0,2304.53466796875
5358.0,2304.564453125
5359.0,2304.560791015625
5360.0,2304.751953125
5361.0,2304.418701171875
5362.0,2304.5947265625
5363.0,2304.498291015625
5364.0,2304.426025390625
5365.0,2304.107666015625
5366.0,2304.061767578125
5367.0,2304.0546875
5368.0,2304.283203125
5369.0,2304.30029296875
5370.0,2304.32666015625
5371.0,2304.31787109375
5372.0,2304.3681640625
5373.0,2304.55419921875
5374.0,2304.711181640625
5375.0,2304.596923828125
5376.0,2304.431884765625
5377.0,2304.231201171875
5378.0,2303.58740234375
5379.0,2303.4365234375
5380.0,2303.341064453125
5381.0,2303.29638671875
5382.0,2303.309326171875
5383.0,2303.347412109375
5384.0,2303.431640625
5385.0,2303.5390625
5386.0,2303.663330078125
5387.0,2303.773193359375
5388.0,2303.880615234375
5389.0,2303.969970703125
5390.0,2303.792724609375
5391.0,2303.8544921875
5392.0,2303.908935546875
5393.0,2303.948974609375
5394.0,2303.97607421875
5395.0,2303.76123046875
5396.0,2303.773193359375
5397.0,2303.754150390625
5398.0,2303.699951171875
5399.0,2303.469482421875
5400.0,2303.501953125
5401.0,2303.74853515625
5402.0,2303.563232421875
5403.0,2303.62744140625
5404.0,2303.66357421875
5405.0,2303.708251953125
5406.0,2303.705810546875
5407.0,2303.71826171875
5408.0,2303.933349609375
5409.0,2303.924072265625
5410.0,2303.91357421875
5411.0,2303.89990234375
5412.0,2303.897705078125
5413.0,2304.207763671875
5414.0,2304.255615234375
5415.0,2304.296630859375
5416.0,2304.32373046875
5417.0,2304.373046875
5418.0,2304.397216796875
5419.0,2304.67431640625
5420.0,2304.690673828125
5421.0,2304.735595703125
5422.0,2305.032470703125
5423.0,2305.0849609375
5424.0,2305.40869140625
5425.0,2305.49755859375
5426.0,2305.8212890625
5427.0,2305.901123046875
5428.0,2305.966796875
5429.0,2305.978271484375
5430.0,2305.96630859375
5431.0,2305.6806640625
5432.0,2305.56103515625
5433.0,2305.424072265625
5434.0,2304.810302734375
5435.0,2304.6650390625
5436.0,2304.552001953125
5437.0,2304.474853515625
5438.0,2304.659423828125
5439.0,2304.45166015625
5440.0,2304.726318359375
5441.0,2304.806640625
5442.0,2304.86962890625
5443.0,2304.908935546875
5444.0,2305.1650390625
5445.0,2305.164306640625
5446.0,2305.189453125
5447.0,2305.1552734375
5448.0,2305.37890625
5449.0,2305.147216796875
5450.0,2305.1923828125
5451.0,2305.249267578125
5452.0,2305.249755859375
5453.0,2305.248291015625
5454.0,2305.215087890625
5455.0,2305.1591796875
5456.0,2305.076904296875
5457.0,2304.994140625
5458.0,2304.941162109375
5459.0,2304.68017578125
5460.0,2304.681884765625
5461.0,2304.75341796875
5462.0,2305.069580078125
5463.0,2305.193359375
5464.0,2305.310302734375
5465.0,2305.635498046875
5466.0,2305.688720703125
5467.0,2305.73046875
5468.0,2306.279296875
5469.0,2306.298828125
5470.0,2306.33056640625
5471.0,2306.11181640625
5472.0,2306.144775390625
5473.0,2306.16064453125
5474.0,2306.13330078125
5475.0,2305.8447265625
5476.0,2305.801513671875
5477.0,2305.4775390625
5478.0,2305.37646484375
5479.0,2305.10595703125
5480.0,2305.032958984375
5481.0,2305.2216796875
5482.0,2305.251953125
5483.0,2305.306884765625
5484.0,2305.40576171875
5485.0,2305.720703125
5486.0,2305.55322265625
5487.0,2305.392822265625
5488.0,2305.42626953125
5489.0,2305.48095703125
5490.0,2305.486572265625
5491.0,2305.208740234375
5492.0,2305.194580078125
5493.0,2305.159423828125
5494.0,2305.145751953125
5495.0,2305.142333984375
