X,Y
0.0,2228.929931640625
1.0,2229.688720703125
2.0,2230.477294921875
3.0,2230.566650390625
4.0,2231.509521484375
5.0,2231.902099609375
6.0,2232.288818359375
7.0,2232.603759765625
8.0,2232.70654296875
9.0,2233.172119140625
10.0,2233.423095703125
11.0,2233.533935546875
12.0,2233.6142578125
13.0,2233.432861328125
14.0,2233.438720703125
15.0,2233.483642578125
16.0,2233.089599609375
17.0,2234.00341796875
18.0,2233.481689453125
19.0,2233.77001953125
20.0,2233.740234375
21.0,2233.374267578125
22.0,2233.43115234375
23.0,2233.35546875
24.0,2233.49609375
25.0,2232.865234375
26.0,2233.319091796875
27.0,2232.9716796875
28.0,2233.169921875
29.0,2232.90576171875
30.0,2232.66455078125
31.0,2232.68994140625
32.0,2232.3955078125
33.0,2232.346923828125
34.0,2232.599365234375
35.0,2232.760498046875
36.0,2232.321044921875
37.0,2232.222900390625
38.0,2232.160400390625
39.0,2232.40234375
40.0,2232.3388671875
41.0,2232.585693359375
42.0,2232.612548828125
43.0,2232.688720703125
44.0,2232.477783203125
45.0,2232.727294921875
46.0,2232.7216796875
47.0,2232.910888671875
48.0,2233.370849609375
49.0,2231.747314453125
50.0,2232.1494140625
51.0,2232.535888671875
52.0,2232.98046875
53.0,2233.68408203125
54.0,2231.19921875
55.0,2231.35595703125
56.0,2231.84033203125
57.0,2231.895263671875
58.0,2231.9931640625
59.0,2235.25
60.0,2234.904052734375
61.0,2235.05517578125
62.0,2234.93310546875
63.0,2236.072265625
64.0,2235.8779296875
65.0,2235.74267578125
66.0,2236.114990234375
67.0,2236.19091796875
68.0,2235.951904296875
69.0,2235.890625
70.0,2235.795654296875
71.0,2235.510986328125
72.0,2235.47021484375
73.0,2235.3828125
74.0,2235.062744140625
75.0,2234.725341796875
76.0,2235.146484375
77.0,2235.064697265625
78.0,2234.798583984375
79.0,2234.78466796875
80.0,2234.74072265625
81.0,2234.71630859375
82.0,2234.777099609375
83.0,2234.9755859375
84.0,2234.638916015625
85.0,2234.248779296875
86.0,2235.10693359375
87.0,2234.35546875
88.0,2233.68115234375
89.0,2233.288818359375
90.0,2234.05859375
91.0,2233.930908203125
92.0,2233.966796875
93.0,2234.419921875
94.0,2233.47314453125
95.0,2233.97265625
96.0,2233.29150390625
97.0,2233.715576171875
98.0,2233.27978515625
99.0,2233.69921875
100.0,2233.37353515625
101.0,2233.383544921875
102.0,2234.189697265625
103.0,2233.908935546875
104.0,2232.68701171875
105.0,2233.177978515625
106.0,2233.668212890625
107.0,2234.207763671875
108.0,2235.093505859375
109.0,2235.937255859375
110.0,2236.548095703125
111.0,2233.089111328125
112.0,2233.073486328125
113.0,2233.329345703125
114.0,2233.329345703125
115.0,2236.151611328125
116.0,2235.4248046875
117.0,2234.73974609375
118.0,2233.903076171875
119.0,2233.5
120.0,2234.915771484375
121.0,2235.55859375
122.0,2235.048095703125
123.0,2235.704833984375
124.0,2235.213623046875
125.0,2236.0478515625
126.0,2236.548095703125
127.0,2236.384521484375
128.0,2236.640869140625
129.0,2236.457275390625
130.0,2236.784912109375
131.0,2236.84619140625
132.0,2236.433349609375
133.0,2237.072998046875
134.0,2236.9228515625
135.0,2236.76611328125
136.0,2237.27880859375
137.0,2237.168212890625
138.0,2237.00927734375
139.0,2237.5341796875
140.0,2237.338134765625
141.0,2237.41015625
142.0,2237.688232421875
143.0,2237.722412109375
144.0,2237.753173828125
145.0,2237.736328125
146.0,2237.518798828125
147.0,2237.69677734375
148.0,2237.7373046875
149.0,2237.782958984375
150.0,2237.586669921875
151.0,2237.613525390625
152.0,2237.936767578125
153.0,2237.98095703125
154.0,2238.190673828125
155.0,2238.156494140625
156.0,2236.308837890625
157.0,2236.35791015625
158.0,2236.294189453125
159.0,2236.693603515625
160.0,2236.676025390625
161.0,2237.0751953125
162.0,2237.38037109375
163.0,2238.161376953125
164.0,2236.1865234375
165.0,2236.612060546875
166.0,2237.4814453125
167.0,2236.2021484375
168.0,2236.62353515625
169.0,2237.54345703125
170.0,2235.7333984375
171.0,2236.159423828125
172.0,2236.159423828125
173.0,2236.10791015625
174.0,2236.531982421875
175.0,2236.57080078125
176.0,2236.5771484375
177.0,2236.5771484375
178.0,2236.146240234375
179.0,2236.366943359375
180.0,2235.895263671875
181.0,2235.8740234375
182.0,2235.453857421875
183.0,2235.464111328125
184.0,2235.376708984375
185.0,2235.851806640625
186.0,2235.845947265625
187.0,2238.1044921875
188.0,2237.77294921875
189.0,2237.42919921875
190.0,2237.433837890625
191.0,2237.746337890625
192.0,2237.838623046875
193.0,2237.952880859375
194.0,2238.48046875
195.0,2238.83740234375
196.0,2238.926513671875
197.0,2239.001953125
198.0,2239.3447265625
199.0,2240.26806640625
200.0,2240.240234375
201.0,2240.25244140625
202.0,2240.073486328125
203.0,2240.3232421875
204.0,2240.280517578125
205.0,2240.061279296875
206.0,2239.947021484375
207.0,2239.549072265625
208.0,2239.169677734375
209.0,2239.028076171875
210.0,2238.741943359375
211.0,2238.466064453125
212.0,2238.145263671875
213.0,2237.741943359375
214.0,2237.660888671875
215.0,2237.571044921875
216.0,2237.485107421875
217.0,2237.4267578125
218.0,2237.409912109375
219.0,2237.279052734375
220.0,2234.37548828125
221.0,2234.7783203125
222.0,2235.101318359375
223.0,2235.70556640625
224.0,2236.034912109375
225.0,2237.001708984375
226.0,2237.313232421875
227.0,2237.341796875
228.0,2237.350341796875
229.0,2237.41796875
230.0,2237.205810546875
231.0,2237.29345703125
232.0,2237.21875
233.0,2237.1767578125
234.0,2237.1728515625
235.0,2237.192138671875
236.0,2237.114501953125
237.0,2236.96728515625
238.0,2236.986328125
239.0,2236.986328125
240.0,2237.005126953125
241.0,2237.06884765625
242.0,2237.26708984375
243.0,2236.90966796875
244.0,2237.96728515625
245.0,2237.863525390625
246.0,2237.939697265625
247.0,2237.974609375
248.0,2238.282958984375
249.0,2238.388427734375
250.0,2238.467529296875
251.0,2238.564453125
252.0,2238.78857421875
253.0,2238.916015625
254.0,2239.224365234375
255.0,2239.314453125
256.0,2239.75244140625
257.0,2239.9033203125
258.0,2239.955810546875
259.0,2239.998291015625
260.0,2240.0927734375
261.0,2240.190673828125
262.0,2240.227294921875
263.0,2240.201904296875
264.0,2240.24169921875
265.0,2240.202880859375
266.0,2240.399658203125
267.0,2240.1884765625
268.0,2240.13916015625
269.0,2240.274169921875
270.0,2239.92822265625
271.0,2239.85595703125
272.0,2239.524658203125
273.0,2239.106689453125
274.0,2239.265380859375
275.0,2238.9365234375
276.0,2238.40283203125
277.0,2239.108154296875
278.0,2238.6552734375
279.0,2238.32275390625
280.0,2237.870849609375
281.0,2237.73876953125
282.0,2238.24169921875
283.0,2237.045166015625
284.0,2236.8173828125
285.0,2236.8173828125
286.0,2237.20263671875
287.0,2236.6494140625
288.0,2237.0849609375
289.0,2237.187255859375
290.0,2237.92626953125
291.0,2237.754638671875
292.0,2238.143798828125
293.0,2237.974365234375
294.0,2238.406005859375
295.0,2238.41943359375
296.0,2238.728759765625
297.0,2239.183349609375
298.0,2238.156982421875
299.0,2238.148193359375
300.0,2238.517333984375
301.0,2238.75830078125
302.0,2238.7802734375
303.0,2239.028076171875
304.0,2239.1162109375
305.0,2239.275146484375
306.0,2239.309814453125
307.0,2239.09033203125
308.0,2239.050048828125
309.0,2239.23974609375
310.0,2238.815673828125
311.0,2238.541748046875
312.0,2238.543701171875
313.0,2238.554443359375
314.0,2238.609130859375
315.0,2239.20703125
316.0,2239.367919921875
317.0,2239.531494140625
318.0,2239.7626953125
319.0,2239.87841796875
320.0,2239.7421875
321.0,2239.962158203125
322.0,2240.046142578125
323.0,2240.060546875
324.0,2240.3134765625
325.0,2240.318603515625
326.0,2240.3837890625
327.0,2240.163818359375
328.0,2240.184326171875
329.0,2241.19287109375
330.0,2240.655029296875
331.0,2240.438720703125
332.0,2240.434326171875
333.0,2240.240966796875
334.0,2240.235595703125
335.0,2240.17529296875
336.0,2240.065185546875
337.0,2240.052734375
338.0,2240.008544921875
339.0,2240.3017578125
340.0,2239.262451171875
341.0,2239.454345703125
342.0,2238.527099609375
343.0,2238.85009765625
344.0,2239.076416015625
345.0,2238.408935546875
346.0,2238.634033203125
347.0,2239.140380859375
348.0,2238.3857421875
349.0,2238.266845703125
350.0,2238.181640625
351.0,2238.107421875
352.0,2237.666748046875
353.0,2237.6083984375
354.0,2237.56787109375
355.0,2237.507080078125
356.0,2237.158447265625
357.0,2237.220703125
358.0,2237.338623046875
359.0,2238.298828125
360.0,2238.067626953125
361.0,2238.110595703125
362.0,2237.568603515625
363.0,2238.451171875
364.0,2238.176025390625
365.0,2238.251220703125
366.0,2238.319091796875
367.0,2238.59619140625
368.0,2238.66455078125
369.0,2238.790771484375
370.0,2238.87646484375
371.0,2239.2431640625
372.0,2239.056884765625
373.0,2239.4716796875
374.0,2239.773193359375
375.0,2239.381591796875
376.0,2239.68359375
377.0,2239.68359375
378.0,2239.703857421875
379.0,2239.725830078125
380.0,2239.725830078125
381.0,2239.734619140625
382.0,2239.927734375
383.0,2240.14111328125
384.0,2240.12353515625
385.0,2240.09765625
386.0,2240.0498046875
387.0,2239.85107421875
388.0,2239.902587890625
389.0,2240.14453125
390.0,2240.1201171875
391.0,2239.965087890625
392.0,2240.07373046875
393.0,2239.889892578125
394.0,2239.68505859375
395.0,2239.46240234375
396.0,2239.285400390625
397.0,2238.94189453125
398.0,2238.911376953125
399.0,2239.319580078125
400.0,2239.301025390625
401.0,2239.27783203125
402.0,2239.593017578125
403.0,2240.9453125
404.0,2241.696044921875
405.0,2238.82666015625
406.0,2238.82666015625
407.0,2239.261474609375
408.0,2239.251220703125
409.0,2239.226806640625
410.0,2238.787109375
411.0,2238.769775390625
412.0,2238.700927734375
413.0,2238.591552734375
414.0,2238.127197265625
415.0,2238.082763671875
416.0,2238.0068359375
417.0,2239.34814453125
418.0,2239.282470703125
419.0,2239.5341796875
420.0,2239.496826171875
421.0,2239.464111328125
422.0,2239.26611328125
423.0,2239.3505859375
424.0,2239.060302734375
425.0,2238.759765625
426.0,2238.409912109375
427.0,2238.39599609375
428.0,2238.31005859375
429.0,2238.336669921875
430.0,2238.336669921875
431.0,2238.429931640625
432.0,2238.508544921875
433.0,2238.58349609375
434.0,2238.630615234375
435.0,2238.5380859375
436.0,2238.603515625
437.0,2240.414794921875
438.0,2240.137939453125
439.0,2239.337890625
440.0,2238.898681640625
441.0,2238.36767578125
442.0,2237.869140625
443.0,2239.564697265625
444.0,2238.61328125
445.0,2238.572021484375
446.0,2238.086669921875
447.0,2238.09130859375
448.0,2238.059814453125
449.0,2238.0751953125
450.0,2238.06396484375
451.0,2237.3984375
452.0,2237.41748046875
453.0,2237.42431640625
454.0,2237.8837890625
455.0,2237.797607421875
456.0,2237.987060546875
457.0,2238.2880859375
458.0,2239.05517578125
459.0,2238.281005859375
460.0,2238.980224609375
461.0,2238.60498046875
462.0,2239.023681640625
463.0,2238.672607421875
464.0,2239.050048828125
465.0,2239.509765625
466.0,2239.57958984375
467.0,2239.762939453125
468.0,2240.07568359375
469.0,2240.2939453125
470.0,2240.56884765625
471.0,2240.81689453125
472.0,2240.86376953125
473.0,2241.674072265625
474.0,2241.700439453125
475.0,2241.90478515625
476.0,2241.998046875
477.0,2242.0859375
478.0,2242.268798828125
479.0,2241.93701171875
480.0,2241.97509765625
481.0,2242.03857421875
482.0,2242.02685546875
483.0,2243.31494140625
484.0,2243.315185546875
485.0,2242.970458984375
486.0,2242.68017578125
487.0,2242.62109375
488.0,2242.805419921875
489.0,2242.75732421875
490.0,2242.603271484375
491.0,2242.047119140625
492.0,2242.1630859375
493.0,2241.829833984375
494.0,2241.919921875
495.0,2241.80029296875
496.0,2241.3681640625
497.0,2241.346435546875
498.0,2241.346435546875
499.0,2241.317138671875
500.0,2240.69189453125
501.0,2240.875732421875
502.0,2241.00146484375
503.0,2240.4775390625
504.0,2240.69677734375
505.0,2240.444091796875
506.0,2240.607666015625
507.0,2240.283447265625
508.0,2240.81396484375
509.0,2240.57275390625
510.0,2240.161376953125
511.0,2240.5009765625
512.0,2241.2451171875
513.0,2241.795654296875
514.0,2240.560546875
515.0,2240.76904296875
516.0,2240.8583984375
517.0,2240.880859375
518.0,2240.899658203125
519.0,2240.762451171875
520.0,2240.762451171875
521.0,2240.52294921875
522.0,2240.511962890625
523.0,2241.9609375
524.0,2241.923828125
525.0,2241.614013671875
526.0,2241.275634765625
527.0,2241.308837890625
528.0,2241.8330078125
529.0,2241.5302734375
530.0,2241.5283203125
531.0,2242.364501953125
532.0,2242.397216796875
533.0,2242.733154296875
534.0,2242.73779296875
535.0,2242.742919921875
536.0,2242.859375
537.0,2242.780517578125
538.0,2242.8623046875
539.0,2242.88916015625
540.0,2242.6630859375
541.0,2242.713134765625
542.0,2242.773193359375
543.0,2242.83740234375
544.0,2242.79443359375
545.0,2242.7685546875
546.0,2242.720947265625
547.0,2242.78076171875
548.0,2242.70751953125
549.0,2242.671875
550.0,2242.8837890625
551.0,2242.801513671875
552.0,2242.603515625
553.0,2242.45849609375
554.0,2242.146728515625
555.0,2241.8876953125
556.0,2241.50830078125
557.0,2241.529296875
558.0,2241.49267578125
559.0,2241.477783203125
560.0,2241.733642578125
561.0,2242.02392578125
562.0,2242.2421875
563.0,2241.1357421875
564.0,2241.1650390625
565.0,2241.572509765625
566.0,2241.912109375
567.0,2243.08251953125
568.0,2241.611572265625
569.0,2241.80029296875
570.0,2242.46435546875
571.0,2242.614501953125
572.0,2244.01220703125
573.0,2244.160888671875
574.0,2244.2958984375
575.0,2244.385009765625
576.0,2244.45263671875
577.0,2244.267333984375
578.0,2244.333984375
579.0,2244.095458984375
580.0,2244.069580078125
581.0,2243.754638671875
582.0,2244.708740234375
583.0,2244.685302734375
584.0,2244.67236328125
585.0,2244.634765625
586.0,2244.447021484375
587.0,2244.1572265625
588.0,2243.73779296875
589.0,2243.735107421875
590.0,2244.171630859375
591.0,2244.12646484375
592.0,2244.1357421875
593.0,2244.132568359375
594.0,2243.407958984375
595.0,2243.459716796875
596.0,2243.46337890625
597.0,2243.70654296875
598.0,2243.876708984375
599.0,2244.06494140625
600.0,2242.412109375
601.0,2242.564208984375
602.0,2242.486083984375
603.0,2242.733154296875
604.0,2242.6435546875
605.0,2242.333984375
606.0,2242.294921875
607.0,2242.255615234375
608.0,2242.217041015625
609.0,2242.01611328125
610.0,2242.407958984375
611.0,2242.378173828125
612.0,2241.1630859375
613.0,2241.184326171875
614.0,2242.26220703125
615.0,2241.89404296875
616.0,2241.717529296875
617.0,2241.799072265625
618.0,2243.860107421875
619.0,2242.82666015625
620.0,2244.214111328125
621.0,2243.2451171875
622.0,2242.671630859375
623.0,2242.3662109375
624.0,2242.358154296875
625.0,2242.732177734375
626.0,2243.070068359375
627.0,2243.35107421875
628.0,2243.65087890625
629.0,2243.82861328125
630.0,2242.96240234375
631.0,2243.496337890625
632.0,2243.35400390625
633.0,2243.049072265625
634.0,2242.821533203125
635.0,2242.705078125
636.0,2241.84716796875
637.0,2241.8046875
638.0,2241.74755859375
639.0,2241.710205078125
640.0,2241.665283203125
641.0,2241.558349609375
642.0,2241.830322265625
643.0,2240.668212890625
644.0,2240.7548828125
645.0,2240.816650390625
646.0,2240.88671875
647.0,2240.967529296875
648.0,2241.967529296875
649.0,2241.97900390625
650.0,2241.367431640625
651.0,2242.59130859375
652.0,2242.35107421875
653.0,2242.323974609375
654.0,2243.69921875
655.0,2243.383544921875
656.0,2244.414794921875
657.0,2244.5595703125
658.0,2244.650390625
659.0,2244.9580078125
660.0,2245.06005859375
661.0,2245.144287109375
662.0,2245.15966796875
663.0,2245.340087890625
664.0,2245.3271484375
665.0,2244.86767578125
666.0,2244.828125
667.0,2244.72265625
668.0,2244.659912109375
669.0,2244.57275390625
670.0,2244.464111328125
671.0,2244.105224609375
672.0,2243.499267578125
673.0,2243.4287109375
674.0,2243.502685546875
675.0,2243.389404296875
676.0,2242.791748046875
677.0,2242.93896484375
678.0,2242.885986328125
679.0,2242.092041015625
680.0,2242.0224609375
681.0,2242.285400390625
682.0,2240.906005859375
683.0,2240.906005859375
684.0,2240.9208984375
685.0,2241.332763671875
686.0,2241.41259765625
687.0,2241.4228515625
688.0,2243.837158203125
689.0,2243.141357421875
690.0,2242.868896484375
691.0,2244.349365234375
692.0,2243.819091796875
693.0,2243.53173828125
694.0,2243.61767578125
695.0,2244.267578125
696.0,2244.3095703125
697.0,2244.370361328125
698.0,2244.699462890625
699.0,2244.73291015625
700.0,2244.601806640625
701.0,2244.3818359375
702.0,2244.0693359375
703.0,2244.03369140625
704.0,2244.0732421875
705.0,2244.0732421875
706.0,2244.348876953125
707.0,2244.59619140625
708.0,2242.3271484375
709.0,2242.64306640625
710.0,2242.9560546875
711.0,2241.748779296875
712.0,2242.11962890625
713.0,2242.822998046875
714.0,2243.400390625
715.0,2241.667236328125
716.0,2241.667236328125
717.0,2241.8564453125
718.0,2241.8955078125
719.0,2241.932373046875
720.0,2242.320556640625
721.0,2242.31103515625
722.0,2242.31689453125
723.0,2242.595703125
724.0,2242.948974609375
725.0,2243.55322265625
726.0,2242.1337890625
727.0,2242.025390625
728.0,2242.59814453125
729.0,2241.458251953125
730.0,2241.3486328125
731.0,2241.67626953125
732.0,2241.95458984375
733.0,2241.349853515625
734.0,2241.303955078125
735.0,2241.555908203125
736.0,2241.741943359375
737.0,2240.817138671875
738.0,2241.082275390625
739.0,2240.945068359375
740.0,2240.838623046875
741.0,2241.111572265625
742.0,2241.084716796875
743.0,2241.497802734375
744.0,2241.970947265625
745.0,2241.9931640625
746.0,2242.44921875
747.0,2239.676025390625
748.0,2240.091064453125
749.0,2240.571533203125
750.0,2241.08056640625
751.0,2241.537353515625
752.0,2242.08056640625
753.0,2242.2919921875
754.0,2244.696044921875
755.0,2244.550048828125
756.0,2244.436279296875
757.0,2245.41455078125
758.0,2245.28173828125
759.0,2245.89697265625
760.0,2245.810546875
761.0,2246.35009765625
762.0,2246.369140625
763.0,2246.36767578125
764.0,2246.505615234375
765.0,2246.51220703125
766.0,2246.449951171875
767.0,2246.4423828125
768.0,2246.42236328125
769.0,2245.7685546875
770.0,2245.09228515625
771.0,2246.1220703125
772.0,2245.635498046875
773.0,2245.06298828125
774.0,2244.583251953125
775.0,2244.54248046875
776.0,2244.11865234375
777.0,2244.440673828125
778.0,2244.428466796875
779.0,2244.692138671875
780.0,2244.718017578125
781.0,2244.529296875
782.0,2244.9375
783.0,2244.9521484375
784.0,2245.1787109375
785.0,2244.359130859375
786.0,2244.611083984375
787.0,2244.604248046875
788.0,2244.861572265625
789.0,2244.450439453125
790.0,2244.386474609375
791.0,2244.336669921875
792.0,2244.50244140625
793.0,2244.400390625
794.0,2244.165283203125
795.0,2244.124267578125
796.0,2244.124267578125
797.0,2243.9873046875
798.0,2244.023681640625
799.0,2243.99365234375
800.0,2244.0
801.0,2243.845703125
802.0,2243.57275390625
803.0,2243.464111328125
804.0,2243.497802734375
805.0,2243.492431640625
806.0,2244.173095703125
807.0,2244.005615234375
808.0,2243.981689453125
809.0,2243.679443359375
810.0,2243.67138671875
811.0,2243.936279296875
812.0,2243.908935546875
813.0,2243.806396484375
814.0,2243.492919921875
815.0,2243.780029296875
816.0,2243.675048828125
817.0,2243.56494140625
818.0,2242.955078125
819.0,2242.924072265625
820.0,2242.86279296875
821.0,2242.828857421875
822.0,2243.169189453125
823.0,2243.44873046875
824.0,2243.512939453125
825.0,2242.510498046875
826.0,2242.875244140625
827.0,2243.21826171875
828.0,2243.21826171875
829.0,2243.73046875
830.0,2243.800048828125
831.0,2243.852294921875
832.0,2244.231201171875
833.0,2244.470458984375
834.0,2244.60986328125
835.0,2244.74462890625
836.0,2244.951171875
837.0,2245.829345703125
838.0,2245.68408203125
839.0,2245.5361328125
840.0,2246.2138671875
841.0,2246.068603515625
842.0,2246.584716796875
843.0,2246.432861328125
844.0,2246.447021484375
845.0,2247.0263671875
846.0,2247.1494140625
847.0,2247.20947265625
848.0,2247.320556640625
849.0,2247.40283203125
850.0,2247.496337890625
851.0,2248.017822265625
852.0,2247.953125
853.0,2247.9814453125
854.0,2248.28857421875
855.0,2248.3310546875
856.0,2248.238525390625
857.0,2248.234130859375
858.0,2248.23388671875
859.0,2248.273681640625
860.0,2248.254150390625
861.0,2248.283203125
862.0,2248.41015625
863.0,2248.41455078125
864.0,2248.144775390625
865.0,2247.8671875
866.0,2247.859619140625
867.0,2247.8515625
868.0,2247.5283203125
869.0,2247.46240234375
870.0,2247.35888671875
871.0,2247.25341796875
872.0,2246.58935546875
873.0,2246.1884765625
874.0,2248.01220703125
875.0,2247.364013671875
876.0,2246.97705078125
877.0,2246.653076171875
878.0,2248.12255859375
879.0,2247.187255859375
880.0,2246.908935546875
881.0,2246.5859375
882.0,2246.505126953125
883.0,2246.394287109375
884.0,2246.35107421875
885.0,2246.652587890625
886.0,2246.559814453125
887.0,2246.757568359375
888.0,2246.92919921875
889.0,2247.10595703125
890.0,2245.473876953125
891.0,2245.44091796875
892.0,2245.99267578125
893.0,2246.3212890625
894.0,2246.7060546875
895.0,2245.915771484375
896.0,2246.24462890625
897.0,2247.210693359375
898.0,2245.0947265625
899.0,2245.115234375
900.0,2245.159423828125
901.0,2245.51611328125
902.0,2245.493408203125
903.0,2245.54345703125
904.0,2245.55859375
905.0,2245.951416015625
906.0,2245.977783203125
907.0,2246.022216796875
908.0,2246.044189453125
909.0,2246.03515625
910.0,2246.065673828125
911.0,2245.672607421875
912.0,2245.6396484375
913.0,2245.104248046875
914.0,2246.251953125
915.0,2244.97900390625
916.0,2244.233642578125
917.0,2245.065185546875
918.0,2243.907958984375
919.0,2243.406982421875
920.0,2244.03564453125
921.0,2243.623779296875
922.0,2243.919677734375
923.0,2243.30908203125
924.0,2242.896240234375
925.0,2243.517578125
926.0,2243.155029296875
927.0,2243.090087890625
928.0,2243.02392578125
929.0,2243.219970703125
930.0,2243.239013671875
931.0,2242.647216796875
932.0,2243.0703125
933.0,2244.01708984375
934.0,2243.205810546875
935.0,2243.3935546875
936.0,2244.269287109375
937.0,2244.3486328125
938.0,2244.1259765625
939.0,2244.515380859375
940.0,2245.42236328125
941.0,2246.22705078125
942.0,2246.228271484375
943.0,2246.680419921875
944.0,2247.017333984375
945.0,2247.232666015625
946.0,2247.6083984375
947.0,2247.684326171875
948.0,2247.8134765625
949.0,2247.53955078125
950.0,2247.52392578125
951.0,2247.548828125
952.0,2248.6083984375
953.0,2248.043212890625
954.0,2247.826416015625
955.0,2247.72607421875
956.0,2247.41162109375
957.0,2247.394775390625
958.0,2247.0
959.0,2246.9677734375
960.0,2246.731689453125
961.0,2246.6591796875
962.0,2246.57763671875
963.0,2246.465576171875
964.0,2246.143798828125
965.0,2246.1259765625
966.0,2246.064697265625
967.0,2245.685302734375
968.0,2245.7197265625
969.0,2245.743896484375
970.0,2245.763916015625
971.0,2245.82763671875
972.0,2245.89111328125
973.0,2246.290283203125
974.0,2246.30615234375
975.0,2246.3447265625
976.0,2247.0927734375
977.0,2247.019775390625
978.0,2246.96875
979.0,2246.978515625
980.0,2247.085205078125
981.0,2247.14697265625
982.0,2247.2099609375
983.0,2247.216552734375
984.0,2247.077392578125
985.0,2247.10205078125
986.0,2247.372314453125
987.0,2247.598388671875
988.0,2247.453369140625
989.0,2247.45751953125
990.0,2247.45751953125
991.0,2247.511474609375
992.0,2247.462890625
993.0,2247.506103515625
994.0,2247.795654296875
995.0,2247.291748046875
996.0,2247.080078125
997.0,2247.717529296875
998.0,2248.18115234375
999.0,2249.235595703125
1000.0,2249.60986328125
1001.0,2250.134765625
1002.0,2250.25
1003.0,2250.29150390625
1004.0,2248.42724609375
1005.0,2248.447509765625
1006.0,2248.587646484375
1007.0,2249.07958984375
1008.0,2249.0859375
1009.0,2249.1376953125
1010.0,2249.14111328125
1011.0,2249.1416015625
1012.0,2249.38916015625
1013.0,2249.310302734375
1014.0,2249.3359375
1015.0,2249.098388671875
1016.0,2249.018798828125
1017.0,2248.94384765625
1018.0,2249.12353515625
1019.0,2249.288330078125
1020.0,2249.22509765625
1021.0,2249.15283203125
1022.0,2249.09814453125
1023.0,2249.130126953125
1024.0,2248.930419921875
1025.0,2248.637451171875
1026.0,2248.433837890625
1027.0,2248.3984375
1028.0,2247.98486328125
1029.0,2247.990478515625
1030.0,2247.520263671875
1031.0,2247.498046875
1032.0,2247.05322265625
1033.0,2246.779052734375
1034.0,2246.29052734375
1035.0,2246.26025390625
1036.0,2246.15625
1037.0,2245.674072265625
1038.0,2247.5556640625
1039.0,2247.18603515625
1040.0,2246.84375
1041.0,2246.897705078125
1042.0,2246.50830078125
1043.0,2246.695068359375
1044.0,2246.707275390625
1045.0,2247.057861328125
1046.0,2247.057861328125
1047.0,2246.850341796875
1048.0,2246.456787109375
1049.0,2246.5556640625
1050.0,2246.210205078125
1051.0,2247.376220703125
1052.0,2247.06787109375
1053.0,2247.15771484375
1054.0,2246.784423828125
1055.0,2249.14111328125
1056.0,2247.96142578125
1057.0,2247.607421875
1058.0,2247.632568359375
1059.0,2247.26953125
1060.0,2247.280517578125
1061.0,2248.19091796875
1062.0,2247.7685546875
1063.0,2248.10595703125
1064.0,2247.75634765625
1065.0,2248.416259765625
1066.0,2247.731689453125
1067.0,2247.54150390625
1068.0,2247.596435546875
1069.0,2247.614013671875
1070.0,2248.02392578125
1071.0,2248.369140625
1072.0,2248.701904296875
1073.0,2247.968994140625
1074.0,2248.528076171875
1075.0,2248.160400390625
1076.0,2248.527587890625
1077.0,2249.325439453125
1078.0,2249.146240234375
1079.0,2248.8037109375
1080.0,2249.21484375
1081.0,2248.927734375
1082.0,2249.578369140625
1083.0,2249.966796875
1084.0,2250.291748046875
1085.0,2250.50341796875
1086.0,2250.370361328125
1087.0,2250.3779296875
1088.0,2250.30078125
1089.0,2250.271240234375
1090.0,2250.188720703125
1091.0,2249.910400390625
1092.0,2249.88525390625
1093.0,2249.906982421875
1094.0,2250.43408203125
1095.0,2250.44775390625
1096.0,2250.49658203125
1097.0,2250.581298828125
1098.0,2250.6689453125
1099.0,2250.717529296875
1100.0,2250.818115234375
1101.0,2250.892333984375
1102.0,2251.220947265625
1103.0,2251.056884765625
1104.0,2251.1171875
1105.0,2251.14599609375
1106.0,2251.26220703125
1107.0,2251.440185546875
1108.0,2251.493896484375
1109.0,2251.486328125
1110.0,2251.55517578125
1111.0,2251.508544921875
1112.0,2251.278076171875
1113.0,2251.255859375
1114.0,2251.4677734375
1115.0,2251.34814453125
1116.0,2251.382080078125
1117.0,2250.727783203125
1118.0,2250.975830078125
1119.0,2250.944580078125
1120.0,2251.1484375
1121.0,2251.140380859375
1122.0,2248.671142578125
1123.0,2249.03369140625
1124.0,2249.0625
1125.0,2249.072998046875
1126.0,2249.036865234375
1127.0,2249.27685546875
1128.0,2249.188232421875
1129.0,2249.123291015625
1130.0,2249.328125
1131.0,2250.267333984375
1132.0,2248.108154296875
1133.0,2247.844482421875
1134.0,2247.81103515625
1135.0,2248.25
1136.0,2248.26904296875
1137.0,2248.357177734375
1138.0,2248.819091796875
1139.0,2248.880859375
1140.0,2249.71728515625
1141.0,2250.072509765625
1142.0,2250.401611328125
1143.0,2250.6279296875
1144.0,2250.624267578125
1145.0,2250.366943359375
1146.0,2250.37109375
1147.0,2250.3642578125
1148.0,2249.728759765625
1149.0,2249.357177734375
1150.0,2248.963623046875
1151.0,2249.015625
1152.0,2248.9931640625
1153.0,2249.061279296875
1154.0,2248.607421875
1155.0,2249.0
1156.0,2248.774169921875
1157.0,2248.811279296875
1158.0,2248.645263671875
1159.0,2250.366455078125
1160.0,2249.9775390625
1161.0,2249.6162109375
1162.0,2249.587158203125
1163.0,2249.03466796875
1164.0,2250.572998046875
1165.0,2250.255615234375
1166.0,2250.3095703125
1167.0,2250.4267578125
1168.0,2251.300048828125
1169.0,2250.894775390625
1170.0,2250.962646484375
1171.0,2250.86865234375
1172.0,2251.009765625
1173.0,2251.0712890625
1174.0,2251.15771484375
1175.0,2251.254150390625
1176.0,2251.54248046875
1177.0,2251.583984375
1178.0,2251.81298828125
1179.0,2251.846923828125
1180.0,2252.042724609375
1181.0,2252.0400390625
1182.0,2252.22119140625
1183.0,2251.50634765625
1184.0,2251.621826171875
1185.0,2251.572509765625
1186.0,2251.626708984375
1187.0,2251.569580078125
1188.0,2251.695556640625
1189.0,2251.39404296875
1190.0,2251.329345703125
1191.0,2251.230712890625
1192.0,2251.422119140625
1193.0,2248.4111328125
1194.0,2248.368408203125
1195.0,2248.75634765625
1196.0,2248.79248046875
1197.0,2248.80126953125
1198.0,2249.04150390625
1199.0,2248.8349609375
1200.0,2249.29638671875
1201.0,2249.56005859375
1202.0,2249.95654296875
1203.0,2250.09912109375
1204.0,2250.96484375
1205.0,2250.77392578125
1206.0,2250.8369140625
1207.0,2250.8203125
1208.0,2250.446533203125
1209.0,2250.446533203125
1210.0,2250.4365234375
1211.0,2250.36181640625
1212.0,2250.666015625
1213.0,2250.6572265625
1214.0,2250.115478515625
1215.0,2250.152099609375
1216.0,2250.429443359375
1217.0,2250.92626953125
1218.0,2250.311767578125
1219.0,2250.325439453125
1220.0,2250.359375
1221.0,2250.3447265625
1222.0,2250.180908203125
1223.0,2250.5498046875
1224.0,2250.515625
1225.0,2250.64013671875
1226.0,2250.58642578125
1227.0,2252.11669921875
1228.0,2251.9755859375
1229.0,2251.79931640625
1230.0,2251.8916015625
1231.0,2251.9130859375
1232.0,2252.958984375
1233.0,2252.875732421875
1234.0,2252.6279296875
1235.0,2253.35888671875
1236.0,2253.42431640625
1237.0,2253.4638671875
1238.0,2253.4736328125
1239.0,2253.48095703125
1240.0,2253.308837890625
1241.0,2253.22509765625
1242.0,2253.10693359375
1243.0,2252.236328125
1244.0,2251.786376953125
1245.0,2250.996826171875
1246.0,2250.919677734375
1247.0,2250.302978515625
1248.0,2250.560546875
1249.0,2250.720703125
1250.0,2250.7158203125
1251.0,2249.561767578125
1252.0,2250.031005859375
1253.0,2250.347900390625
1254.0,2250.822021484375
1255.0,2250.84521484375
1256.0,2251.162109375
1257.0,2249.405029296875
1258.0,2249.337158203125
1259.0,2249.337158203125
1260.0,2249.337158203125
1261.0,2249.364990234375
1262.0,2249.394287109375
1263.0,2249.394287109375
1264.0,2251.50830078125
1265.0,2251.57275390625
1266.0,2251.312255859375
1267.0,2251.31689453125
1268.0,2251.322998046875
1269.0,2251.089599609375
1270.0,2252.068359375
1271.0,2251.902099609375
1272.0,2251.404296875
1273.0,2252.2900390625
1274.0,2251.86083984375
1275.0,2251.611083984375
1276.0,2251.204833984375
1277.0,2251.447021484375
1278.0,2251.113525390625
1279.0,2250.9931640625
1280.0,2251.630859375
1281.0,2251.466796875
1282.0,2251.23876953125
1283.0,2251.23876953125
1284.0,2251.27294921875
1285.0,2251.554931640625
1286.0,2251.592041015625
1287.0,2251.822265625
1288.0,2251.838134765625
1289.0,2251.361083984375
1290.0,2251.57568359375
1291.0,2251.752197265625
1292.0,2251.76318359375
1293.0,2251.827392578125
1294.0,2251.873291015625
1295.0,2251.90478515625
1296.0,2251.88427734375
1297.0,2252.1328125
1298.0,2251.938720703125
1299.0,2252.1162109375
1300.0,2252.339599609375
1301.0,2252.330078125
1302.0,2252.3154296875
1303.0,2252.311767578125
1304.0,2252.283447265625
1305.0,2252.22314453125
1306.0,2251.838134765625
1307.0,2251.33154296875
1308.0,2251.2392578125
1309.0,2251.194580078125
1310.0,2250.986328125
1311.0,2250.925048828125
1312.0,2250.635498046875
1313.0,2250.590576171875
1314.0,2251.3154296875
1315.0,2250.94384765625
1316.0,2250.624267578125
1317.0,2250.561767578125
1318.0,2250.500732421875
1319.0,2250.2275390625
1320.0,2250.148681640625
1321.0,2250.3564453125
1322.0,2250.401611328125
1323.0,2250.449462890625
1324.0,2250.457275390625
1325.0,2250.486328125
1326.0,2250.500732421875
1327.0,2250.603759765625
1328.0,2250.66162109375
1329.0,2250.681640625
1330.0,2250.970458984375
1331.0,2251.025390625
1332.0,2251.238037109375
1333.0,2250.263671875
1334.0,2250.57177734375
1335.0,2250.76513671875
1336.0,2251.2607421875
1337.0,2250.8173828125
1338.0,2251.32568359375
1339.0,2251.5869140625
1340.0,2251.24609375
1341.0,2251.4375
1342.0,2251.710205078125
1343.0,2251.7041015625
1344.0,2252.0732421875
1345.0,2251.2421875
1346.0,2251.2529296875
1347.0,2251.128662109375
1348.0,2251.108154296875
1349.0,2250.836669921875
1350.0,2251.072021484375
1351.0,2251.224853515625
1352.0,2251.451904296875
1353.0,2249.6025390625
1354.0,2249.57177734375
1355.0,2249.8828125
1356.0,2249.561279296875
1357.0,2249.515869140625
1358.0,2250.40234375
1359.0,2249.906982421875
1360.0,2249.6259765625
1361.0,2250.11279296875
1362.0,2249.685302734375
1363.0,2249.958984375
1364.0,2249.724853515625
1365.0,2250.8486328125
1366.0,2250.680908203125
1367.0,2250.939697265625
1368.0,2250.742431640625
1369.0,2251.15966796875
1370.0,2251.422607421875
1371.0,2252.001708984375
1372.0,2252.247314453125
1373.0,2252.37548828125
1374.0,2252.599609375
1375.0,2252.919677734375
1376.0,2253.087158203125
1377.0,2253.43505859375
1378.0,2253.2763671875
1379.0,2253.541259765625
1380.0,2253.598388671875
1381.0,2253.54150390625
1382.0,2253.42724609375
1383.0,2253.388916015625
1384.0,2253.346435546875
1385.0,2253.2626953125
1386.0,2253.12939453125
1387.0,2252.786376953125
1388.0,2252.731689453125
1389.0,2252.608154296875
1390.0,2252.565185546875
1391.0,2252.287841796875
1392.0,2252.293212890625
1393.0,2252.261474609375
1394.0,2252.296875
1395.0,2252.140869140625
1396.0,2252.14111328125
1397.0,2252.202392578125
1398.0,2251.996826171875
1399.0,2252.044677734375
1400.0,2252.0615234375
1401.0,2252.09912109375
1402.0,2252.17626953125
1403.0,2252.2177734375
1404.0,2252.277099609375
1405.0,2252.5244140625
1406.0,2252.343505859375
1407.0,2252.372802734375
1408.0,2252.35546875
1409.0,2252.3447265625
1410.0,2252.332275390625
1411.0,2252.314697265625
1412.0,2252.290771484375
1413.0,2252.261474609375
1414.0,2252.243896484375
1415.0,2252.13671875
1416.0,2252.33837890625
1417.0,2252.019287109375
1418.0,2252.310791015625
1419.0,2252.274658203125
1420.0,2252.018798828125
1421.0,2252.21142578125
1422.0,2252.181884765625
1423.0,2251.697021484375
1424.0,2251.75341796875
1425.0,2251.792724609375
1426.0,2252.06884765625
1427.0,2252.28173828125
1428.0,2252.351318359375
1429.0,2252.369384765625
1430.0,2252.6513671875
1431.0,2252.945068359375
1432.0,2251.88525390625
1433.0,2251.9052734375
1434.0,2251.9208984375
1435.0,2252.22119140625
1436.0,2252.156005859375
1437.0,2252.097412109375
1438.0,2252.25048828125
1439.0,2252.185302734375
1440.0,2252.087890625
1441.0,2252.2890625
1442.0,2252.330078125
1443.0,2252.547607421875
1444.0,2251.968505859375
1445.0,2251.98095703125
1446.0,2252.50634765625
1447.0,2252.618408203125
1448.0,2252.87841796875
1449.0,2252.591552734375
1450.0,2252.828857421875
1451.0,2252.973388671875
1452.0,2253.46435546875
1453.0,2253.754150390625
1454.0,2253.57275390625
1455.0,2253.3720703125
1456.0,2253.9091796875
1457.0,2254.25
1458.0,2254.060302734375
1459.0,2254.357666015625
1460.0,2254.392822265625
1461.0,2254.509521484375
1462.0,2254.825439453125
1463.0,2254.909912109375
1464.0,2254.712890625
1465.0,2255.196044921875
1466.0,2255.2255859375
1467.0,2255.345458984375
1468.0,2255.45654296875
1469.0,2255.559326171875
1470.0,2255.827880859375
1471.0,2254.9501953125
1472.0,2255.23388671875
1473.0,2255.2763671875
1474.0,2255.19580078125
1475.0,2255.2080078125
1476.0,2255.20068359375
1477.0,2255.148681640625
1478.0,2255.1083984375
1479.0,2255.078125
1480.0,2255.06494140625
1481.0,2255.411376953125
1482.0,2255.43505859375
1483.0,2255.689208984375
1484.0,2255.369873046875
1485.0,2254.9931640625
1486.0,2254.690185546875
1487.0,2254.3525390625
1488.0,2256.020751953125
1489.0,2255.774169921875
1490.0,2255.008056640625
1491.0,2255.8046875
1492.0,2255.66259765625
1493.0,2255.4462890625
1494.0,2255.978759765625
1495.0,2256.345947265625
1496.0,2256.417724609375
1497.0,2256.00146484375
1498.0,2256.34814453125
1499.0,2256.43994140625
1500.0,2256.5283203125
1501.0,2256.2578125
1502.0,2256.22998046875
1503.0,2256.22998046875
1504.0,2256.4140625
1505.0,2256.351318359375
1506.0,2257.0498046875
1507.0,2256.05126953125
1508.0,2255.991943359375
1509.0,2255.13232421875
1510.0,2255.32421875
1511.0,2255.29736328125
1512.0,2254.55029296875
1513.0,2254.831298828125
1514.0,2255.075927734375
1515.0,2254.001708984375
1516.0,2254.23779296875
1517.0,2254.504150390625
1518.0,2254.59619140625
1519.0,2254.646240234375
1520.0,2254.708251953125
1521.0,2254.87109375
1522.0,2254.988037109375
1523.0,2255.347412109375
1524.0,2255.628662109375
1525.0,2256.9638671875
1526.0,2257.030517578125
1527.0,2256.992431640625
1528.0,2256.167236328125
1529.0,2256.271484375
1530.0,2256.26904296875
1531.0,2256.370849609375
1532.0,2256.4765625
1533.0,2256.5693359375
1534.0,2256.576416015625
1535.0,2256.59912109375
1536.0,2256.932861328125
1537.0,2256.94580078125
1538.0,2257.180908203125
1539.0,2257.12744140625
1540.0,2256.82275390625
1541.0,2255.815673828125
1542.0,2255.73291015625
1543.0,2255.5673828125
1544.0,2255.199951171875
1545.0,2255.04150390625
1546.0,2254.357421875
1547.0,2254.07275390625
1548.0,2253.617919921875
1549.0,2252.971923828125
1550.0,2252.888916015625
1551.0,2254.350341796875
1552.0,2254.035888671875
1553.0,2254.05224609375
1554.0,2253.279296875
1555.0,2254.62255859375
1556.0,2254.3837890625
1557.0,2254.037109375
1558.0,2254.24169921875
1559.0,2254.048095703125
1560.0,2253.833251953125
1561.0,2254.409423828125
1562.0,2254.134765625
1563.0,2254.27685546875
1564.0,2254.18408203125
1565.0,2254.9951171875
1566.0,2255.032958984375
1567.0,2254.527587890625
1568.0,2254.598876953125
1569.0,2255.2236328125
1570.0,2255.59423828125
1571.0,2254.66064453125
1572.0,2255.124267578125
1573.0,2255.86767578125
1574.0,2255.95556640625
1575.0,2256.311279296875
1576.0,2256.7578125
1577.0,2257.1298828125
1578.0,2257.686767578125
1579.0,2256.2421875
1580.0,2256.68798828125
1581.0,2256.669189453125
1582.0,2256.561279296875
1583.0,2256.895263671875
1584.0,2256.660400390625
1585.0,2258.27001953125
1586.0,2258.015380859375
1587.0,2257.699951171875
1588.0,2257.355224609375
1589.0,2257.0087890625
1590.0,2256.873779296875
1591.0,2256.45703125
1592.0,2256.090576171875
1593.0,2255.95849609375
1594.0,2255.517578125
1595.0,2256.070068359375
1596.0,2255.685546875
1597.0,2256.13427734375
1598.0,2256.29736328125
1599.0,2256.20556640625
1600.0,2256.26171875
1601.0,2256.353515625
1602.0,2256.45556640625
1603.0,2256.522705078125
1604.0,2255.88232421875
1605.0,2256.25048828125
1606.0,2256.59521484375
1607.0,2256.85986328125
1608.0,2256.457275390625
1609.0,2256.45751953125
1610.0,2256.751953125
1611.0,2256.913818359375
1612.0,2255.7548828125
1613.0,2256.12548828125
1614.0,2256.429931640625
1615.0,2257.05224609375
1616.0,2255.046630859375
1617.0,2255.5009765625
1618.0,2256.276123046875
1619.0,2257.273681640625
1620.0,2258.287353515625
1621.0,2255.897216796875
1622.0,2255.852783203125
1623.0,2255.835693359375
1624.0,2255.7802734375
1625.0,2255.74365234375
1626.0,2256.173583984375
1627.0,2253.47412109375
1628.0,2254.509033203125
1629.0,2255.03564453125
1630.0,2256.170654296875
1631.0,2256.864501953125
1632.0,2255.837158203125
1633.0,2256.22705078125
1634.0,2256.2373046875
1635.0,2256.518798828125
1636.0,2256.484619140625
1637.0,2256.16943359375
1638.0,2256.13330078125
1639.0,2256.097412109375
1640.0,2256.0693359375
1641.0,2255.702880859375
1642.0,2256.665283203125
1643.0,2256.336181640625
1644.0,2255.942626953125
1645.0,2256.728515625
1646.0,2256.372802734375
1647.0,2256.8173828125
1648.0,2256.647216796875
1649.0,2256.42431640625
1650.0,2256.799560546875
1651.0,2256.828369140625
1652.0,2256.6416015625
1653.0,2256.736328125
1654.0,2256.5146484375
1655.0,2256.312255859375
1656.0,2256.134521484375
1657.0,2256.198974609375
1658.0,2256.260009765625
1659.0,2256.33984375
1660.0,2256.0146484375
1661.0,2256.0146484375
1662.0,2256.04931640625
1663.0,2256.036376953125
1664.0,2256.05419921875
1665.0,2256.0234375
1666.0,2255.990966796875
1667.0,2255.528564453125
1668.0,2255.505859375
1669.0,2257.108642578125
1670.0,2256.69384765625
1671.0,2256.21923828125
1672.0,2255.75341796875
1673.0,2255.641357421875
1674.0,2255.145263671875
1675.0,2255.128173828125
1676.0,2255.48583984375
1677.0,2255.7880859375
1678.0,2254.924072265625
1679.0,2254.8447265625
1680.0,2255.177734375
1681.0,2254.734375
1682.0,2254.935791015625
1683.0,2254.509765625
1684.0,2255.43798828125
1685.0,2254.085205078125
1686.0,2254.57666015625
1687.0,2255.0087890625
1688.0,2255.444091796875
1689.0,2255.458251953125
1690.0,2255.474365234375
1691.0,2255.521240234375
1692.0,2255.54150390625
1693.0,2255.600341796875
1694.0,2255.65478515625
1695.0,2259.995849609375
1696.0,2259.275146484375
1697.0,2258.98095703125
1698.0,2260.75244140625
1699.0,2259.6923828125
1700.0,2259.615966796875
1701.0,2259.916259765625
1702.0,2260.374267578125
1703.0,2259.72216796875
1704.0,2260.152587890625
1705.0,2259.63427734375
1706.0,2260.170654296875
1707.0,2259.581298828125
1708.0,2259.537353515625
1709.0,2259.3447265625
1710.0,2259.28466796875
1711.0,2259.21826171875
1712.0,2258.848876953125
1713.0,2259.061767578125
1714.0,2258.663818359375
1715.0,2258.626953125
1716.0,2258.741943359375
1717.0,2258.141845703125
1718.0,2258.01025390625
1719.0,2257.943115234375
1720.0,2257.9443359375
1721.0,2258.170166015625
1722.0,2257.22412109375
1723.0,2257.165771484375
1724.0,2257.528076171875
1725.0,2257.79345703125
1726.0,2257.8369140625
1727.0,2258.106201171875
1728.0,2258.302734375
1729.0,2258.349365234375
1730.0,2258.430908203125
1731.0,2258.423828125
1732.0,2258.091064453125
1733.0,2257.798828125
1734.0,2257.820068359375
1735.0,2257.75
1736.0,2257.673095703125
1737.0,2257.61572265625
1738.0,2257.769287109375
1739.0,2257.56103515625
1740.0,2257.515869140625
1741.0,2257.491943359375
1742.0,2257.470458984375
1743.0,2257.24169921875
1744.0,2257.37890625
1745.0,2257.28271484375
1746.0,2256.984619140625
1747.0,2256.877685546875
1748.0,2256.786865234375
1749.0,2256.44775390625
1750.0,2256.415283203125
1751.0,2256.371826171875
1752.0,2256.378173828125
1753.0,2256.387939453125
1754.0,2256.380615234375
1755.0,2256.380615234375
1756.0,2257.165771484375
1757.0,2257.54931640625
1758.0,2257.882568359375
1759.0,2256.65576171875
1760.0,2256.700927734375
1761.0,2257.050537109375
1762.0,2257.44921875
1763.0,2257.77880859375
1764.0,2257.871826171875
1765.0,2258.210693359375
1766.0,2258.37548828125
1767.0,2258.458984375
1768.0,2259.24169921875
1769.0,2259.397705078125
1770.0,2259.83203125
1771.0,2259.70703125
1772.0,2259.773193359375
1773.0,2260.027099609375
1774.0,2260.114013671875
1775.0,2260.13427734375
1776.0,2259.8662109375
1777.0,2259.89794921875
1778.0,2259.794189453125
1779.0,2260.14599609375
1780.0,2258.833251953125
1781.0,2258.50830078125
1782.0,2258.40673828125
1783.0,2257.992431640625
1784.0,2258.212646484375
1785.0,2257.784423828125
1786.0,2257.69775390625
1787.0,2258.631591796875
1788.0,2258.56494140625
1789.0,2258.126708984375
1790.0,2258.01318359375
1791.0,2256.26123046875
1792.0,2256.20849609375
1793.0,2257.427001953125
1794.0,2257.351318359375
1795.0,2257.092041015625
1796.0,2257.1552734375
1797.0,2256.86865234375
1798.0,2256.57568359375
1799.0,2256.21923828125
1800.0,2257.340087890625
1801.0,2257.077392578125
1802.0,2256.806396484375
1803.0,2257.09521484375
1804.0,2257.634033203125
1805.0,2256.827880859375
1806.0,2255.31298828125
1807.0,2256.612548828125
1808.0,2257.323974609375
1809.0,2255.764892578125
1810.0,2256.51611328125
1811.0,2257.2646484375
1812.0,2257.728515625
1813.0,2258.054931640625
1814.0,2258.09423828125
1815.0,2258.15234375
1816.0,2258.529541015625
1817.0,2256.789794921875
1818.0,2256.85400390625
1819.0,2257.302490234375
1820.0,2257.353271484375
1821.0,2257.405029296875
1822.0,2257.7880859375
1823.0,2257.886474609375
1824.0,2258.354736328125
1825.0,2258.39892578125
1826.0,2258.80224609375
1827.0,2258.881591796875
1828.0,2258.924560546875
1829.0,2259.353759765625
1830.0,2259.592529296875
1831.0,2259.520751953125
1832.0,2259.468505859375
1833.0,2259.141357421875
1834.0,2258.591552734375
1835.0,2258.4482421875
1836.0,2258.35986328125
1837.0,2258.21630859375
1838.0,2257.76806640625
1839.0,2257.17822265625
1840.0,2256.7763671875
1841.0,2256.794189453125
1842.0,2256.4248046875
1843.0,2257.869873046875
1844.0,2256.832275390625
1845.0,2256.44140625
1846.0,2255.9345703125
1847.0,2255.492919921875
1848.0,2256.495361328125
1849.0,2255.685791015625
1850.0,2255.23681640625
1851.0,2254.828369140625
1852.0,2254.840576171875
1853.0,2254.916748046875
1854.0,2255.623291015625
1855.0,2256.114013671875
1856.0,2256.62841796875
1857.0,2255.615234375
1858.0,2256.126708984375
1859.0,2256.47265625
1860.0,2257.0830078125
1861.0,2257.517578125
1862.0,2256.330810546875
1863.0,2256.842041015625
1864.0,2256.857666015625
1865.0,2257.00537109375
1866.0,2257.52587890625
1867.0,2257.591064453125
1868.0,2258.373046875
1869.0,2258.046875
1870.0,2258.184326171875
1871.0,2258.66357421875
1872.0,2258.789794921875
1873.0,2259.65869140625
1874.0,2259.94384765625
1875.0,2259.871826171875
1876.0,2259.841796875
1877.0,2259.73681640625
1878.0,2259.6103515625
1879.0,2259.359130859375
1880.0,2259.41162109375
1881.0,2259.147216796875
1882.0,2259.308837890625
1883.0,2259.027099609375
1884.0,2259.20849609375
1885.0,2259.02587890625
1886.0,2258.9384765625
1887.0,2258.924560546875
1888.0,2258.96142578125
1889.0,2258.983154296875
1890.0,2258.677734375
1891.0,2258.606689453125
1892.0,2258.582275390625
1893.0,2258.559326171875
1894.0,2320.6796875
1895.0,2320.10302734375
1896.0,2320.009765625
1897.0,2320.16015625
1898.0,2320.34521484375
1899.0,2320.556640625
1900.0,2320.707275390625
1901.0,2320.188232421875
1902.0,2325.647216796875
1903.0,2319.906005859375
1904.0,2320.3212890625
1905.0,2321.44140625
1906.0,2322.80419921875
1907.0,2327.662353515625
1908.0,2328.09423828125
1909.0,2328.740966796875
1910.0,2329.33203125
1911.0,2329.82470703125
1912.0,2338.1015625
1913.0,2338.2197265625
1914.0,2338.854736328125
1915.0,2339.4619140625
1916.0,2339.57568359375
1917.0,2340.229736328125
1918.0,2340.890625
1919.0,2341.544921875
1920.0,2342.082763671875
1921.0,2343.049560546875
1922.0,2343.453369140625
1923.0,2344.0400390625
1924.0,2344.685302734375
1925.0,2345.2265625
1926.0,2346.204833984375
1927.0,2346.80859375
1928.0,2343.119384765625
1929.0,2343.974853515625
1930.0,2345.39501953125
1931.0,2345.630859375
1932.0,2346.505126953125
1933.0,2347.3134765625
1934.0,2348.001953125
1935.0,2349.2236328125
1936.0,2350.357666015625
1937.0,2351.0625
1938.0,2351.884033203125
1939.0,2352.735595703125
1940.0,2353.6103515625
1941.0,2354.421875
1942.0,2353.7705078125
1943.0,2354.37890625
1944.0,2354.861572265625
1945.0,2355.572509765625
1946.0,2355.3935546875
1947.0,2356.129638671875
1948.0,2357.78125
1949.0,2358.503662109375
1950.0,2359.3779296875
1951.0,2360.769287109375
1952.0,2361.481689453125
1953.0,2364.623046875
1954.0,2364.998046875
1955.0,2365.052490234375
1956.0,2367.0234375
1957.0,2367.06103515625
1958.0,2367.41015625
1959.0,2367.702392578125
1960.0,2369.930419921875
1961.0,2370.313720703125
1962.0,2370.89013671875
1963.0,2371.31396484375
1964.0,2372.1640625
1965.0,2372.629638671875
1966.0,2374.463623046875
1967.0,2374.9228515625
1968.0,2379.09912109375
1969.0,2378.3896484375
1970.0,2381.34423828125
1971.0,2380.64013671875
1972.0,2382.012939453125
1973.0,2381.8408203125
1974.0,2382.677734375
1975.0,2382.9638671875
1976.0,2382.63427734375
1977.0,2382.903076171875
1978.0,2384.135986328125
1979.0,2383.846435546875
1980.0,2384.13427734375
1981.0,2384.52392578125
1982.0,2384.606689453125
1983.0,2385.033203125
1984.0,2385.605712890625
1985.0,2385.936767578125
1986.0,2386.603515625
1987.0,2386.9970703125
1988.0,2388.014892578125
1989.0,2387.318115234375
1990.0,2387.666015625
1991.0,2388.42333984375
1992.0,2389.249267578125
1993.0,2389.4189453125
1994.0,2389.86376953125
1995.0,2390.7529296875
1996.0,2390.65234375
1997.0,2391.4013671875
1998.0,2392.30908203125
1999.0,2392.363037109375
2000.0,2392.406005859375
2001.0,2393.44873046875
2002.0,2393.5244140625
2003.0,2394.30126953125
2004.0,2393.979736328125
2005.0,2395.755859375
2006.0,2410.1669921875
2007.0,2409.921142578125
2008.0,2409.821044921875
2009.0,2410.178466796875
2010.0,2409.5751953125
2011.0,2409.78759765625
2012.0,2409.635986328125
2013.0,2409.865966796875
2014.0,2410.5126953125
2015.0,2410.397216796875
2016.0,2410.4794921875
2017.0,2411.073486328125
2018.0,2411.033935546875
2019.0,2411.54931640625
2020.0,2411.530517578125
2021.0,2411.744873046875
2022.0,2411.776123046875
2023.0,2412.06005859375
2024.0,2412.685791015625
2025.0,2412.201416015625
2026.0,2412.651611328125
2027.0,2412.29296875
2028.0,2413.449951171875
2029.0,2412.802001953125
2030.0,2413.0146484375
2031.0,2413.93408203125
2032.0,2414.5009765625
2033.0,2414.8056640625
2034.0,2416.645751953125
2035.0,2419.917236328125
2036.0,2419.379150390625
2037.0,2421.435302734375
2038.0,2423.51611328125
2039.0,2420.751220703125
2040.0,2421.890380859375
2041.0,2422.840087890625
2042.0,2423.51416015625
2043.0,2424.054931640625
2044.0,2424.459716796875
2045.0,2425.3544921875
2046.0,2425.801513671875
2047.0,2429.498779296875
2048.0,2429.62451171875
2049.0,2429.6240234375
2050.0,2429.4052734375
2051.0,2429.34619140625
2052.0,2429.024169921875
2053.0,2429.09326171875
2054.0,2429.166259765625
2055.0,2429.2978515625
2056.0,2429.64501953125
2057.0,2430.1728515625
2058.0,2430.37646484375
2059.0,2431.087646484375
2060.0,2431.54248046875
2061.0,2432.239990234375
2062.0,2433.25341796875
2063.0,2433.924072265625
2064.0,2435.2314453125
2065.0,2435.922607421875
2066.0,2436.64404296875
2067.0,2437.6142578125
2068.0,2442.05126953125
2069.0,2442.346435546875
2070.0,2442.422119140625
2071.0,2442.492919921875
2072.0,2443.80029296875
2073.0,2443.825927734375
2074.0,2444.65234375
2075.0,2444.560302734375
2076.0,2445.376220703125
2077.0,2445.42724609375
2078.0,2445.423095703125
2079.0,2445.61376953125
2080.0,2445.419189453125
2081.0,2445.40380859375
2082.0,2445.826904296875
2083.0,2445.808837890625
2084.0,2445.681640625
2085.0,2445.688232421875
2086.0,2445.78955078125
2087.0,2445.94677734375
2088.0,2446.93603515625
2089.0,2446.173828125
2090.0,2446.246337890625
2091.0,2446.32958984375
2092.0,2446.702880859375
2093.0,2447.091796875
2094.0,2447.71484375
2095.0,2448.19580078125
2096.0,2447.409912109375
2097.0,2448.140869140625
2098.0,2449.04541015625
2099.0,2448.11669921875
2100.0,2449.431884765625
2101.0,2449.98779296875
2102.0,2450.58837890625
2103.0,2451.39599609375
2104.0,2451.9248046875
2105.0,2452.14208984375
2106.0,2454.5615234375
2107.0,2454.669189453125
2108.0,2454.815185546875
2109.0,2455.332763671875
2110.0,2455.6220703125
2111.0,2456.2666015625
2112.0,2456.330810546875
2113.0,2456.48388671875
2114.0,2457.36572265625
2115.0,2457.4462890625
2116.0,2457.57177734375
2117.0,2458.262451171875
2118.0,2458.25732421875
2119.0,2458.042236328125
2120.0,2458.179931640625
2121.0,2457.908203125
2122.0,2458.355224609375
2123.0,2458.432373046875
2124.0,2458.499267578125
2125.0,2459.255615234375
2126.0,2458.455322265625
2127.0,2458.798583984375
2128.0,2459.321533203125
2129.0,2460.025390625
2130.0,2462.5458984375
2131.0,2459.646484375
2132.0,2460.64453125
2133.0,2462.26318359375
2134.0,2462.90966796875
2135.0,2463.6103515625
2136.0,2464.36865234375
2137.0,2465.230224609375
2138.0,2466.0029296875
2139.0,2466.529541015625
2140.0,2465.562744140625
2141.0,2466.26611328125
2142.0,2466.54638671875
2143.0,2467.257080078125
2144.0,2467.5107421875
2145.0,2470.1318359375
2146.0,2470.314697265625
2147.0,2470.1083984375
2148.0,2470.4794921875
2149.0,2470.657958984375
2150.0,2470.73095703125
2151.0,2471.28076171875
2152.0,2473.0205078125
2153.0,2473.081298828125
2154.0,2472.5009765625
2155.0,2473.176025390625
2156.0,2472.5234375
2157.0,2472.08447265625
2158.0,2472.859130859375
2159.0,2471.494873046875
2160.0,2472.96728515625
2161.0,2471.865234375
2162.0,2470.677734375
2163.0,2472.81640625
2164.0,2474.74169921875
2165.0,2472.607666015625
2166.0,2473.52783203125
2167.0,2474.04541015625
2168.0,2474.2421875
2169.0,2474.417236328125
2170.0,2474.509521484375
2171.0,2477.162353515625
2172.0,2477.030517578125
2173.0,2477.18310546875
2174.0,2477.0263671875
2175.0,2478.52294921875
2176.0,2480.520263671875
2177.0,2480.31494140625
2178.0,2480.91845703125
2179.0,2481.79638671875
2180.0,2481.748779296875
2181.0,2482.034912109375
2182.0,2482.716552734375
2183.0,2482.575439453125
2184.0,2483.466796875
2185.0,2483.079833984375
2186.0,2483.146728515625
2187.0,2484.1015625
2188.0,2483.8232421875
2189.0,2483.6884765625
2190.0,2484.955322265625
2191.0,2484.416015625
2192.0,2484.27197265625
2193.0,2484.39306640625
2194.0,2484.88720703125
2195.0,2484.7060546875
2196.0,2484.822509765625
2197.0,2485.17822265625
2198.0,2485.29345703125
2199.0,2485.376220703125
2200.0,2485.8447265625
2201.0,2486.553955078125
2202.0,2487.03955078125
2203.0,2487.92724609375
2204.0,2486.0234375
2205.0,2487.25244140625
2206.0,2487.885498046875
2207.0,2488.90380859375
2208.0,2489.768798828125
2209.0,2491.71435546875
2210.0,2488.02685546875
2211.0,2489.32958984375
2212.0,2490.531494140625
2213.0,2491.2412109375
2214.0,2491.900390625
2215.0,2492.245849609375
2216.0,2492.438232421875
2217.0,2491.202392578125
2218.0,2491.666748046875
2219.0,2491.888427734375
2220.0,2491.57958984375
2221.0,2490.206787109375
2222.0,2490.62744140625
2223.0,2488.966064453125
2224.0,2488.518798828125
2225.0,2488.28125
2226.0,2487.830078125
2227.0,2487.460693359375
2228.0,2487.099365234375
2229.0,2486.4912109375
2230.0,2486.07177734375
2231.0,2485.748046875
2232.0,2485.73828125
2233.0,2485.6474609375
2234.0,2485.745361328125
2235.0,2486.083984375
2236.0,2486.18359375
2237.0,2486.291259765625
2238.0,2486.693359375
2239.0,2487.032958984375
2240.0,2487.603759765625
2241.0,2486.868896484375
2242.0,2487.194580078125
2243.0,2488.297607421875
2244.0,2487.685791015625
2245.0,2488.892333984375
2246.0,2491.437744140625
2247.0,2489.71826171875
2248.0,2490.313232421875
2249.0,2491.533203125
2250.0,2492.3212890625
2251.0,2492.87841796875
2252.0,2492.69482421875
2253.0,2493.0341796875
2254.0,2492.68603515625
2255.0,2492.380126953125
2256.0,2492.24560546875
2257.0,2492.05126953125
2258.0,2491.26220703125
2259.0,2491.6298828125
2260.0,2491.14697265625
2261.0,2491.195068359375
2262.0,2491.599365234375
2263.0,2491.9814453125
2264.0,2492.304443359375
2265.0,2492.438232421875
2266.0,2492.90966796875
2267.0,2493.2548828125
2268.0,2493.92041015625
2269.0,2493.725341796875
2270.0,2494.071533203125
2271.0,2494.326171875
2272.0,2493.98974609375
2273.0,2493.881591796875
2274.0,2496.597900390625
2275.0,2496.06640625
2276.0,2495.815673828125
2277.0,2495.321533203125
2278.0,2495.1171875
2279.0,2494.679931640625
2280.0,2494.25146484375
2281.0,2493.93212890625
2282.0,2493.781005859375
2283.0,2493.640869140625
2284.0,2492.845947265625
2285.0,2492.79931640625
2286.0,2492.623046875
2287.0,2492.103759765625
2288.0,2492.27294921875
2289.0,2492.23291015625
2290.0,2491.743896484375
2291.0,2491.690185546875
2292.0,2491.650146484375
2293.0,2491.599365234375
2294.0,2492.418701171875
2295.0,2492.498046875
2296.0,2492.87451171875
2297.0,2493.3896484375
2298.0,2493.45556640625
2299.0,2494.00390625
2300.0,2494.2119140625
2301.0,2494.2119140625
2302.0,2494.31884765625
2303.0,2494.334716796875
2304.0,2493.882080078125
2305.0,2493.652099609375
2306.0,2496.704833984375
2307.0,2495.67822265625
2308.0,2495.3544921875
2309.0,2495.3369140625
2310.0,2496.926513671875
2311.0,2496.340087890625
2312.0,2497.5595703125
2313.0,2497.328857421875
2314.0,2497.084228515625
2315.0,2496.956298828125
2316.0,2497.699951171875
2317.0,2497.53173828125
2318.0,2497.69580078125
2319.0,2497.791015625
2320.0,2497.651611328125
2321.0,2498.39306640625
2322.0,2498.457763671875
2323.0,2498.53662109375
2324.0,2498.909423828125
2325.0,2499.369384765625
2326.0,2499.556640625
2327.0,2499.73046875
2328.0,2500.118896484375
2329.0,2500.526611328125
2330.0,2500.664306640625
2331.0,2501.4072265625
2332.0,2501.413330078125
2333.0,2501.89306640625
2334.0,2501.712646484375
2335.0,2502.10546875
2336.0,2502.37548828125
2337.0,2502.37451171875
2338.0,2502.484130859375
2339.0,2502.50341796875
2340.0,2502.583251953125
2341.0,2502.3232421875
2342.0,2502.685546875
2343.0,2502.260986328125
2344.0,2502.54296875
2345.0,2502.51708984375
2346.0,2502.228271484375
2347.0,2502.40771484375
2348.0,2502.3115234375
2349.0,2501.800048828125
2350.0,2503.932861328125
2351.0,2503.332275390625
2352.0,2503.02880859375
2353.0,2502.59033203125
2354.0,2502.20263671875
2355.0,2501.807373046875
2356.0,2501.807373046875
2357.0,2501.36474609375
2358.0,2501.273681640625
2359.0,2501.376708984375
2360.0,2501.333251953125
2361.0,2501.686279296875
2362.0,2502.182373046875
2363.0,2502.6982421875
2364.0,2500.7470703125
2365.0,2501.27783203125
2366.0,2501.9248046875
2367.0,2501.240234375
2368.0,2501.244384765625
2369.0,2502.1396484375
2370.0,2502.06103515625
2371.0,2502.39697265625
2372.0,2502.225341796875
2373.0,2502.752685546875
2374.0,2503.2431640625
2375.0,2503.583251953125
2376.0,2502.614990234375
2377.0,2502.67041015625
2378.0,2503.07470703125
2379.0,2503.5
2380.0,2504.051513671875
2381.0,2504.01171875
2382.0,2504.052978515625
2383.0,2503.660888671875
2384.0,2503.26025390625
2385.0,2502.959716796875
2386.0,2503.1064453125
2387.0,2502.82080078125
2388.0,2502.52783203125
2389.0,2502.521728515625
2390.0,2502.515869140625
2391.0,2502.53271484375
2392.0,2502.435546875
2393.0,2502.2607421875
2394.0,2502.1875
2395.0,2502.0283203125
2396.0,2502.01416015625
2397.0,2502.2431640625
2398.0,2502.436767578125
2399.0,2502.362060546875
2400.0,2502.41552734375
2401.0,2502.345458984375
2402.0,2502.1640625
2403.0,2502.1943359375
2404.0,2501.864990234375
2405.0,2502.111572265625
2406.0,2501.83203125
2407.0,2503.24365234375
2408.0,2502.95263671875
2409.0,2503.014404296875
2410.0,2503.232177734375
2411.0,2501.48046875
2412.0,2501.436279296875
2413.0,2501.837158203125
2414.0,2501.591796875
2415.0,2501.4609375
2416.0,2501.5185546875
2417.0,2501.704345703125
2418.0,2501.656982421875
2419.0,2501.6826171875
2420.0,2502.1787109375
2421.0,2502.2509765625
2422.0,2502.6533203125
2423.0,2503.363037109375
2424.0,2503.576171875
2425.0,2504.226318359375
2426.0,2503.979736328125
2427.0,2504.5
2428.0,2505.83740234375
2429.0,2505.8984375
2430.0,2506.230224609375
2431.0,2506.5751953125
2432.0,2506.747802734375
2433.0,2507.130126953125
2434.0,2507.079833984375
2435.0,2507.230712890625
2436.0,2507.240234375
2437.0,2506.85009765625
2438.0,2507.02587890625
2439.0,2506.593505859375
2440.0,2506.39453125
2441.0,2506.044677734375
2442.0,2505.849609375
2443.0,2505.345458984375
2444.0,2505.16552734375
2445.0,2504.99365234375
2446.0,2504.59228515625
2447.0,2504.22509765625
2448.0,2504.0380859375
2449.0,2503.948486328125
2450.0,2503.483154296875
2451.0,2502.4873046875
2452.0,2502.36376953125
2453.0,2502.36376953125
2454.0,2502.077392578125
2455.0,2501.99365234375
2456.0,2501.57421875
2457.0,2501.464599609375
2458.0,2501.39599609375
2459.0,2501.2373046875
2460.0,2501.09814453125
2461.0,2500.582763671875
2462.0,2500.443603515625
2463.0,2500.04736328125
2464.0,2499.8798828125
2465.0,2500.556884765625
2466.0,2500.067138671875
2467.0,2499.573974609375
2468.0,2499.2470703125
2469.0,2498.76513671875
2470.0,2498.4404296875
2471.0,2498.526611328125
2472.0,2498.488037109375
2473.0,2498.488037109375
2474.0,2498.488037109375
2475.0,2498.14208984375
2476.0,2497.74853515625
2477.0,2497.800048828125
2478.0,2496.983154296875
2479.0,2496.772705078125
2480.0,2496.048583984375
2481.0,2495.956787109375
2482.0,2494.64599609375
2483.0,2494.44677734375
2484.0,2494.241455078125
2485.0,2495.353515625
2486.0,2482.397216796875
2487.0,2481.195556640625
2488.0,2480.760498046875
2489.0,2479.453125
2490.0,2478.957763671875
2491.0,2478.5849609375
2492.0,2478.2666015625
2493.0,2478.2236328125
2494.0,2477.318115234375
2495.0,2477.215087890625
2496.0,2477.28125
2497.0,2478.417236328125
2498.0,2478.493896484375
2499.0,2478.83837890625
2500.0,2479.8447265625
2501.0,2480.780517578125
2502.0,2490.836181640625
2503.0,2491.090087890625
2504.0,2492.129638671875
2505.0,2492.509521484375
2506.0,2492.884033203125
2507.0,2493.24267578125
2508.0,2492.969482421875
2509.0,2493.612548828125
2510.0,2493.7783203125
2511.0,2498.97314453125
2512.0,2498.664794921875
2513.0,2498.745849609375
2514.0,2499.466796875
2515.0,2499.927734375
2516.0,2500.18212890625
2517.0,2498.5
2518.0,2499.2353515625
2519.0,2499.254150390625
2520.0,2499.42529296875
2521.0,2499.372314453125
2522.0,2498.914794921875
2523.0,2500.031494140625
2524.0,2499.882568359375
2525.0,2499.434326171875
2526.0,2498.596923828125
2527.0,2498.6650390625
2528.0,2498.324951171875
2529.0,2498.071044921875
2530.0,2498.705322265625
2531.0,2498.614990234375
2532.0,2497.956787109375
2533.0,2497.91796875
2534.0,2497.406005859375
2535.0,2496.95361328125
2536.0,2496.24462890625
2537.0,2496.764404296875
2538.0,2495.72314453125
2539.0,2495.14599609375
2540.0,2494.21240234375
2541.0,2493.615966796875
2542.0,2493.12060546875
2543.0,2495.3095703125
2544.0,2495.350830078125
2545.0,2494.932861328125
2546.0,2494.774169921875
2547.0,2494.478759765625
2548.0,2494.75537109375
2549.0,2494.4296875
2550.0,2494.307373046875
2551.0,2493.89794921875
2552.0,2493.86474609375
2553.0,2494.0400390625
2554.0,2494.00390625
2555.0,2493.598388671875
2556.0,2492.60693359375
2557.0,2492.52978515625
2558.0,2492.23486328125
2559.0,2492.0
2560.0,2491.75341796875
2561.0,2491.1044921875
2562.0,2490.5458984375
2563.0,2489.3720703125
2564.0,2488.353515625
2565.0,2487.6279296875
2566.0,2486.497802734375
2567.0,2485.64306640625
2568.0,2484.939208984375
2569.0,2485.81103515625
2570.0,2484.911865234375
2571.0,2484.677734375
2572.0,2484.23388671875
2573.0,2483.672119140625
2574.0,2483.17333984375
2575.0,2482.83544921875
2576.0,2481.376953125
2577.0,2481.148193359375
2578.0,2480.7890625
2579.0,2480.6376953125
2580.0,2480.450439453125
2581.0,2480.398681640625
2582.0,2480.3369140625
2583.0,2480.192138671875
2584.0,2480.248291015625
2585.0,2480.435302734375
2586.0,2480.65234375
2587.0,2481.43017578125
2588.0,2479.329345703125
2589.0,2479.505859375
2590.0,2479.863037109375
2591.0,2479.93896484375
2592.0,2479.96630859375
2593.0,2480.318603515625
2594.0,2478.8583984375
2595.0,2479.302001953125
2596.0,2479.044677734375
2597.0,2479.494140625
2598.0,2479.921630859375
2599.0,2479.921630859375
2600.0,2480.34228515625
2601.0,2482.109375
2602.0,2479.14404296875
2603.0,2479.95947265625
2604.0,2480.42919921875
2605.0,2481.76513671875
2606.0,2482.447265625
2607.0,2483.127685546875
2608.0,2478.662841796875
2609.0,2480.24462890625
2610.0,2481.76806640625
2611.0,2481.71435546875
2612.0,2481.342529296875
2613.0,2481.474609375
2614.0,2477.8037109375
2615.0,2478.21875
2616.0,2479.588623046875
2617.0,2479.5
2618.0,2479.56787109375
2619.0,2478.993408203125
2620.0,2479.26416015625
2621.0,2479.0361328125
2622.0,2478.42138671875
2623.0,2477.449951171875
2624.0,2476.7451171875
2625.0,2459.59521484375
2626.0,2459.014892578125
2627.0,2458.37890625
2628.0,2457.99267578125
2629.0,2459.224365234375
2630.0,2459.303466796875
2631.0,2459.353515625
2632.0,2459.32958984375
2633.0,2467.618896484375
2634.0,2470.23095703125
2635.0,2468.935546875
2636.0,2470.81103515625
2637.0,2469.637451171875
2638.0,2470.469482421875
2639.0,2470.826171875
2640.0,2469.493896484375
2641.0,2469.826416015625
2642.0,2469.652587890625
2643.0,2469.916015625
2644.0,2469.90380859375
2645.0,2469.600830078125
2646.0,2469.27783203125
2647.0,2469.181396484375
2648.0,2469.015380859375
2649.0,2468.799072265625
2650.0,2468.35009765625
2651.0,2468.41650390625
2652.0,2467.6328125
2653.0,2467.396728515625
2654.0,2467.007568359375
2655.0,2466.1611328125
2656.0,2466.26953125
2657.0,2465.7451171875
2658.0,2466.178955078125
2659.0,2465.30029296875
2660.0,2463.88671875
2661.0,2463.781982421875
2662.0,2464.13134765625
2663.0,2464.571044921875
2664.0,2462.62255859375
2665.0,2462.498291015625
2666.0,2462.3095703125
2667.0,2462.875
2668.0,2462.480224609375
2669.0,2462.08544921875
2670.0,2461.6484375
2671.0,2461.693115234375
2672.0,2465.40234375
2673.0,2465.3564453125
2674.0,2462.528564453125
2675.0,2462.98681640625
2676.0,2462.40380859375
2677.0,2461.89599609375
2678.0,2462.357666015625
2679.0,2462.255859375
2680.0,2461.762939453125
2681.0,2461.52978515625
2682.0,2461.2373046875
2683.0,2460.529296875
2684.0,2459.9208984375
2685.0,2459.510986328125
2686.0,2458.764404296875
2687.0,2458.319580078125
2688.0,2457.69970703125
2689.0,2457.071533203125
2690.0,2456.5556640625
2691.0,2451.21240234375
2692.0,2450.413330078125
2693.0,2449.1416015625
2694.0,2449.369140625
2695.0,2447.7294921875
2696.0,2446.6708984375
2697.0,2445.71337890625
2698.0,2445.40673828125
2699.0,2444.812255859375
2700.0,2444.232421875
2701.0,2443.87158203125
2702.0,2443.3212890625
2703.0,2442.96923828125
2704.0,2442.53466796875
2705.0,2441.929443359375
2706.0,2441.60595703125
2707.0,2441.1650390625
2708.0,2440.922607421875
2709.0,2439.664306640625
2710.0,2439.1943359375
2711.0,2438.97802734375
2712.0,2438.689208984375
2713.0,2438.18017578125
2714.0,2437.964599609375
2715.0,2436.779296875
2716.0,2436.453369140625
2717.0,2430.317138671875
2718.0,2429.5556640625
2719.0,2428.467041015625
2720.0,2428.33447265625
2721.0,2427.474365234375
2722.0,2426.676513671875
2723.0,2428.12548828125
2724.0,2427.07763671875
2725.0,2426.452392578125
2726.0,2425.872802734375
2727.0,2425.425537109375
2728.0,2424.982421875
2729.0,2424.906005859375
2730.0,2426.8525390625
2731.0,2425.97119140625
2732.0,2425.665771484375
2733.0,2424.946044921875
2734.0,2426.092041015625
2735.0,2424.9697265625
2736.0,2424.353759765625
2737.0,2425.020751953125
2738.0,2424.484375
2739.0,2423.711669921875
2740.0,2423.72119140625
2741.0,2423.412109375
2742.0,2423.14892578125
2743.0,2423.069091796875
2744.0,2422.73779296875
2745.0,2422.73828125
2746.0,2422.42236328125
2747.0,2422.30859375
2748.0,2422.0771484375
2749.0,2421.861328125
2750.0,2421.924072265625
2751.0,2420.51220703125
2752.0,2420.180908203125
2753.0,2420.67333984375
2754.0,2418.5
2755.0,2418.6923828125
2756.0,2419.1455078125
2757.0,2417.46533203125
2758.0,2417.7861328125
2759.0,2418.354736328125
2760.0,2416.482177734375
2761.0,2416.37646484375
2762.0,2414.96533203125
2763.0,2415.34619140625
2764.0,2415.5224609375
2765.0,2413.074951171875
2766.0,2413.41796875
2767.0,2413.81787109375
2768.0,2410.1572265625
2769.0,2411.255615234375
2770.0,2412.380615234375
2771.0,2411.30224609375
2772.0,2391.77734375
2773.0,2393.61669921875
2774.0,2392.339111328125
2775.0,2391.435302734375
2776.0,2390.738037109375
2777.0,2390.22119140625
2778.0,2390.019775390625
2779.0,2387.995849609375
2780.0,2387.03271484375
2781.0,2386.56982421875
2782.0,2386.14404296875
2783.0,2385.509521484375
2784.0,2384.7890625
2785.0,2384.258056640625
2786.0,2382.4892578125
2787.0,2381.46484375
2788.0,2380.017822265625
2789.0,2379.074951171875
2790.0,2378.16796875
2791.0,2377.418701171875
2792.0,2376.48193359375
2793.0,2377.5986328125
2794.0,2376.32568359375
2795.0,2375.774169921875
2796.0,2375.14697265625
2797.0,2375.669677734375
2798.0,2374.475830078125
2799.0,2375.43310546875
2800.0,2373.81982421875
2801.0,2373.8134765625
2802.0,2373.65380859375
2803.0,2372.519287109375
2804.0,2373.113037109375
2805.0,2371.8779296875
2806.0,2371.162109375
2807.0,2370.9580078125
2808.0,2369.744384765625
2809.0,2370.636474609375
2810.0,2369.060546875
2811.0,2368.16357421875
2812.0,2367.921875
2813.0,2367.046875
2814.0,2366.135986328125
2815.0,2365.304443359375
2816.0,2364.336181640625
2817.0,2363.421630859375
2818.0,2362.117919921875
2819.0,2360.8505859375
2820.0,2361.24609375
2821.0,2359.589599609375
2822.0,2359.52978515625
2823.0,2358.85791015625
2824.0,2359.16015625
2825.0,2358.49853515625
2826.0,2357.87548828125
2827.0,2357.363037109375
2828.0,2357.166748046875
2829.0,2356.99072265625
2830.0,2356.720458984375
2831.0,2356.78076171875
2832.0,2356.545166015625
2833.0,2356.456298828125
2834.0,2355.777587890625
2835.0,2355.22607421875
2836.0,2354.476318359375
2837.0,2354.73291015625
2838.0,2353.63232421875
2839.0,2353.28759765625
2840.0,2352.204345703125
2841.0,2351.3193359375
2842.0,2351.77294921875
2843.0,2350.145263671875
2844.0,2350.492919921875
2845.0,2348.802001953125
2846.0,2348.770751953125
2847.0,2346.934326171875
2848.0,2347.095703125
2849.0,2345.7021484375
2850.0,2345.592529296875
2851.0,2344.908935546875
2852.0,2344.206787109375
2853.0,2343.80419921875
2854.0,2343.01025390625
2855.0,2342.40673828125
2856.0,2275.53125
2857.0,2275.5
2858.0,2275.646240234375
2859.0,2274.85986328125
2860.0,2275.087158203125
2861.0,2274.3251953125
2862.0,2274.6689453125
2863.0,2274.462646484375
2864.0,2273.927001953125
2865.0,2273.695556640625
2866.0,2273.826416015625
2867.0,2273.260009765625
2868.0,2273.435791015625
2869.0,2273.501953125
2870.0,2273.174560546875
2871.0,2273.003662109375
2872.0,2273.134765625
2873.0,2272.983154296875
2874.0,2272.695068359375
2875.0,2272.443603515625
2876.0,2272.161376953125
2877.0,2271.70947265625
2878.0,2272.35302734375
2879.0,2272.0263671875
2880.0,2271.9912109375
2881.0,2271.883056640625
2882.0,2271.497314453125
2883.0,2271.438232421875
2884.0,2271.084716796875
2885.0,2271.251220703125
2886.0,2271.169677734375
2887.0,2271.199951171875
2888.0,2271.274169921875
2889.0,2271.24365234375
2890.0,2271.3544921875
2891.0,2271.29736328125
2892.0,2271.1650390625
2893.0,2271.28369140625
2894.0,2271.318115234375
2895.0,2271.542236328125
2896.0,2271.621337890625
2897.0,2271.7451171875
2898.0,2271.786376953125
2899.0,2272.06591796875
2900.0,2272.03564453125
2901.0,2272.072509765625
2902.0,2272.90625
2903.0,2272.63818359375
2904.0,2272.085693359375
2905.0,2272.062255859375
2906.0,2271.775390625
2907.0,2271.86328125
2908.0,2271.775146484375
2909.0,2271.42431640625
2910.0,2271.262451171875
2911.0,2270.974853515625
2912.0,2270.90771484375
2913.0,2270.79638671875
2914.0,2270.47705078125
2915.0,2270.47705078125
2916.0,2270.50341796875
2917.0,2270.555419921875
2918.0,2270.575927734375
2919.0,2270.4892578125
2920.0,2270.862060546875
2921.0,2271.197265625
2922.0,2271.546630859375
2923.0,2271.8623046875
2924.0,2271.96044921875
2925.0,2272.0322265625
2926.0,2272.3681640625
2927.0,2272.474853515625
2928.0,2272.5615234375
2929.0,2272.728515625
2930.0,2272.835205078125
2931.0,2272.96337890625
2932.0,2273.0654296875
2933.0,2272.877685546875
2934.0,2273.421875
2935.0,2273.28076171875
2936.0,2273.086181640625
2937.0,2273.349365234375
2938.0,2273.104736328125
2939.0,2273.030517578125
2940.0,2272.654296875
2941.0,2272.33056640625
2942.0,2272.5380859375
2943.0,2272.46630859375
2944.0,2272.1337890625
2945.0,2272.110595703125
2946.0,2271.780517578125
2947.0,2271.757080078125
2948.0,2271.737548828125
2949.0,2271.983154296875
2950.0,2272.656494140625
2951.0,2272.351806640625
2952.0,2272.374755859375
2953.0,2272.67822265625
2954.0,2272.67138671875
2955.0,2272.681396484375
2956.0,2273.47216796875
2957.0,2273.478271484375
2958.0,2273.65380859375
2959.0,2273.20166015625
2960.0,2273.208984375
2961.0,2272.948486328125
2962.0,2273.015869140625
2963.0,2272.760498046875
2964.0,2272.78173828125
2965.0,2272.77001953125
2966.0,2272.751953125
2967.0,2272.974365234375
2968.0,2272.899658203125
2969.0,2272.84033203125
2970.0,2273.01123046875
2971.0,2273.08447265625
2972.0,2272.154541015625
2973.0,2272.681884765625
2974.0,2273.0048828125
2975.0,2273.288818359375
2976.0,2272.304931640625
2977.0,2272.698486328125
2978.0,2273.2822265625
2979.0,2273.667724609375
2980.0,2274.085205078125
2981.0,2274.292236328125
2982.0,2274.43017578125
2983.0,2272.158447265625
2984.0,2272.593505859375
2985.0,2272.62109375
2986.0,2274.71435546875
2987.0,2274.76708984375
2988.0,2274.472412109375
2989.0,2274.13525390625
2990.0,2274.176025390625
2991.0,2274.226806640625
2992.0,2273.82763671875
2993.0,2273.892333984375
2994.0,2273.914306640625
2995.0,2273.603515625
2996.0,2273.532470703125
2997.0,2274.407958984375
2998.0,2274.105712890625
2999.0,2273.971923828125
3000.0,2273.4208984375
3001.0,2274.049072265625
3002.0,2274.025390625
3003.0,2273.511474609375
3004.0,2273.7490234375
3005.0,2273.430908203125
3006.0,2273.7509765625
3007.0,2274.227294921875
3008.0,2273.18896484375
3009.0,2273.733642578125
3010.0,2273.733642578125
3011.0,2273.998046875
3012.0,2273.921630859375
3013.0,2274.162353515625
3014.0,2273.908447265625
3015.0,2273.8427734375
3016.0,2273.874267578125
3017.0,2273.9091796875
3018.0,2274.08642578125
3019.0,2274.056396484375
3020.0,2273.31591796875
3021.0,2273.6796875
3022.0,2274.076416015625
3023.0,2274.66455078125
3024.0,2274.95654296875
3025.0,2274.604248046875
3026.0,2274.80126953125
3027.0,2275.17138671875
3028.0,2275.238525390625
3029.0,2275.339111328125
3030.0,2275.46533203125
3031.0,2275.46533203125
3032.0,2275.4990234375
3033.0,2275.5302734375
3034.0,2275.2724609375
3035.0,2275.216796875
3036.0,2275.430419921875
3037.0,2275.7861328125
3038.0,2276.083251953125
3039.0,2274.84521484375
3040.0,2275.136962890625
3041.0,2275.098388671875
3042.0,2275.40234375
3043.0,2275.6318359375
3044.0,2275.8818359375
3045.0,2275.888916015625
3046.0,2275.5048828125
3047.0,2275.197998046875
3048.0,2274.39794921875
3049.0,2274.324951171875
3050.0,2274.23046875
3051.0,2274.213134765625
3052.0,2274.198486328125
3053.0,2273.873291015625
3054.0,2273.816650390625
3055.0,2273.728271484375
3056.0,2273.6982421875
3057.0,2273.30224609375
3058.0,2273.29052734375
3059.0,2273.322998046875
3060.0,2272.78564453125
3061.0,2272.745849609375
3062.0,2272.679931640625
3063.0,2272.360107421875
3064.0,2272.360107421875
3065.0,2272.42919921875
3066.0,2272.42919921875
3067.0,2272.248779296875
3068.0,2271.783935546875
3069.0,2271.810546875
3070.0,2271.626220703125
3071.0,2271.649658203125
3072.0,2271.19287109375
3073.0,2271.2255859375
3074.0,2271.1630859375
3075.0,2271.075439453125
3076.0,2271.108642578125
3077.0,2271.108642578125
3078.0,2271.171875
3079.0,2271.65966796875
3080.0,2272.095703125
3081.0,2272.58349609375
3082.0,2272.6435546875
3083.0,2273.220458984375
3084.0,2273.457763671875
3085.0,2273.524658203125
3086.0,2273.613525390625
3087.0,2273.71484375
3088.0,2274.136474609375
3089.0,2274.144775390625
3090.0,2274.708251953125
3091.0,2274.70556640625
3092.0,2274.523193359375
3093.0,2275.054931640625
3094.0,2275.09716796875
3095.0,2275.21240234375
3096.0,2275.34912109375
3097.0,2276.896484375
3098.0,2276.67626953125
3099.0,2276.490966796875
3100.0,2276.2626953125
3101.0,2275.9296875
3102.0,2276.614501953125
3103.0,2276.22119140625
3104.0,2276.985107421875
3105.0,2276.31103515625
3106.0,2276.806640625
3107.0,2276.507080078125
3108.0,2276.079833984375
3109.0,2276.3876953125
3110.0,2276.4775390625
3111.0,2275.408935546875
3112.0,2275.447265625
3113.0,2275.30419921875
3114.0,2275.17333984375
3115.0,2276.1533203125
3116.0,2276.0234375
3117.0,2275.967041015625
3118.0,2275.851318359375
3119.0,2275.445068359375
3120.0,2275.2587890625
3121.0,2274.90478515625
3122.0,2273.0908203125
3123.0,2272.67041015625
3124.0,2272.159912109375
3125.0,2272.075439453125
3126.0,2271.93115234375
3127.0,2271.978515625
3128.0,2271.978515625
3129.0,2271.96728515625
3130.0,2272.43505859375
3131.0,2272.880126953125
3132.0,2271.398681640625
3133.0,2271.962158203125
3134.0,2272.272216796875
3135.0,2272.74951171875
3136.0,2273.5
3137.0,2271.67724609375
3138.0,2272.16015625
3139.0,2272.689208984375
3140.0,2273.205078125
3141.0,2272.453369140625
3142.0,2272.48486328125
3143.0,2272.326904296875
3144.0,2273.064453125
3145.0,2273.064453125
3146.0,2273.107177734375
3147.0,2273.158203125
3148.0,2273.18994140625
3149.0,2273.203125
3150.0,2276.859130859375
3151.0,2276.208984375
3152.0,2275.35302734375
3153.0,2274.021484375
3154.0,2273.06689453125
3155.0,2272.49365234375
3156.0,2275.849609375
3157.0,2275.15087890625
3158.0,2274.718505859375
3159.0,2276.419677734375
3160.0,2276.0703125
3161.0,2276.819091796875
3162.0,2276.58935546875
3163.0,2276.865966796875
3164.0,2277.203857421875
3165.0,2277.527099609375
3166.0,2277.193115234375
3167.0,2277.337646484375
3168.0,2277.45947265625
3169.0,2277.552490234375
3170.0,2277.402099609375
3171.0,2277.450927734375
3172.0,2277.147705078125
3173.0,2278.1689453125
3174.0,2278.190185546875
3175.0,2278.177490234375
3176.0,2277.93115234375
3177.0,2278.26708984375
3178.0,2278.304931640625
3179.0,2277.21923828125
3180.0,2277.273193359375
3181.0,2277.284912109375
3182.0,2277.35546875
3183.0,2277.768798828125
3184.0,2277.80322265625
3185.0,2277.91162109375
3186.0,2278.259765625
3187.0,2278.696533203125
3188.0,2279.69677734375
3189.0,2279.550048828125
3190.0,2279.642822265625
3191.0,2279.7685546875
3192.0,2279.87451171875
3193.0,2280.21044921875
3194.0,2280.1708984375
3195.0,2280.205810546875
3196.0,2279.992919921875
3197.0,2280.04443359375
3198.0,2279.978271484375
3199.0,2279.9423828125
3200.0,2280.1875
3201.0,2280.15478515625
3202.0,2280.26171875
3203.0,2280.038330078125
3204.0,2279.91064453125
3205.0,2279.765380859375
3206.0,2279.71484375
3207.0,2278.44921875
3208.0,2278.305908203125
3209.0,2277.95068359375
3210.0,2278.0947265625
3211.0,2277.916015625
3212.0,2277.947509765625
3213.0,2277.77001953125
3214.0,2277.70556640625
3215.0,2277.801025390625
3216.0,2277.666748046875
3217.0,2277.64697265625
3218.0,2277.661865234375
3219.0,2277.436767578125
3220.0,2277.55712890625
3221.0,2277.573974609375
3222.0,2277.32080078125
3223.0,2278.278076171875
3224.0,2278.3154296875
3225.0,2278.458984375
3226.0,2278.42431640625
3227.0,2278.455322265625
3228.0,2278.73779296875
3229.0,2278.340087890625
3230.0,2278.08447265625
3231.0,2278.63427734375
3232.0,2278.427490234375
3233.0,2279.109619140625
3234.0,2278.791748046875
3235.0,2278.508056640625
3236.0,2279.1669921875
3237.0,2278.602783203125
3238.0,2279.57080078125
3239.0,2279.025146484375
3240.0,2278.436767578125
3241.0,2278.048828125
3242.0,2277.68212890625
3243.0,2277.5751953125
3244.0,2277.66943359375
3245.0,2277.6259765625
3246.0,2278.00830078125
3247.0,2277.9716796875
3248.0,2278.14697265625
3249.0,2278.503173828125
3250.0,2278.81494140625
3251.0,2278.67333984375
3252.0,2278.452880859375
3253.0,2277.85595703125
3254.0,2278.54638671875
3255.0,2277.5673828125
3256.0,2278.0390625
3257.0,2276.28955078125
3258.0,2276.951171875
3259.0,2277.927978515625
3260.0,2275.95361328125
3261.0,2276.409423828125
3262.0,2276.442138671875
3263.0,2276.8984375
3264.0,2276.864013671875
3265.0,2276.864013671875
3266.0,2276.84375
3267.0,2276.91943359375
3268.0,2278.5390625
3269.0,2277.882568359375
3270.0,2277.588623046875
3271.0,2277.546875
3272.0,2277.731201171875
3273.0,2277.744384765625
3274.0,2277.612548828125
3275.0,2277.54541015625
3276.0,2277.50927734375
3277.0,2277.495361328125
3278.0,2277.541015625
3279.0,2277.54541015625
3280.0,2277.333984375
3281.0,2279.51953125
3282.0,2278.701416015625
3283.0,2278.86376953125
3284.0,2279.158203125
3285.0,2279.462158203125
3286.0,2277.6025390625
3287.0,2277.935546875
3288.0,2277.885009765625
3289.0,2277.757080078125
3290.0,2277.687255859375
3291.0,2277.63525390625
3292.0,2277.52197265625
3293.0,2277.1328125
3294.0,2276.692138671875
3295.0,2278.41455078125
3296.0,2278.009033203125
3297.0,2277.664306640625
3298.0,2277.84814453125
3299.0,2277.643310546875
3300.0,2277.427001953125
3301.0,2277.473876953125
3302.0,2277.153564453125
3303.0,2276.474365234375
3304.0,2276.2109375
3305.0,2275.9365234375
3306.0,2275.888916015625
3307.0,2275.88037109375
3308.0,2276.74951171875
3309.0,2276.681396484375
3310.0,2276.7197265625
3311.0,2276.8310546875
3312.0,2276.864501953125
3313.0,2276.908447265625
3314.0,2276.990478515625
3315.0,2277.166748046875
3316.0,2276.9052734375
3317.0,2277.007568359375
3318.0,2277.451416015625
3319.0,2277.573974609375
3320.0,2277.658203125
3321.0,2277.7177734375
3322.0,2277.855224609375
3323.0,2277.921875
3324.0,2277.975830078125
3325.0,2278.385009765625
3326.0,2277.6298828125
3327.0,2277.6298828125
3328.0,2277.864501953125
3329.0,2278.271240234375
3330.0,2278.3486328125
3331.0,2278.5126953125
3332.0,2279.009521484375
3333.0,2279.084716796875
3334.0,2279.508544921875
3335.0,2279.547119140625
3336.0,2279.97900390625
3337.0,2279.930908203125
3338.0,2280.07861328125
3339.0,2279.99609375
3340.0,2279.919189453125
3341.0,2279.075927734375
3342.0,2278.931640625
3343.0,2278.627685546875
3344.0,2278.795654296875
3345.0,2278.781982421875
3346.0,2278.6708984375
3347.0,2278.891845703125
3348.0,2278.837646484375
3349.0,2278.861328125
3350.0,2278.8515625
3351.0,2278.822509765625
3352.0,2278.91064453125
3353.0,2278.947998046875
3354.0,2278.902099609375
3355.0,2279.126953125
3356.0,2279.1875
3357.0,2279.24560546875
3358.0,2279.323974609375
3359.0,2279.620849609375
3360.0,2279.64306640625
3361.0,2279.666748046875
3362.0,2279.700927734375
3363.0,2279.49658203125
3364.0,2280.363037109375
3365.0,2280.2880859375
3366.0,2280.259521484375
3367.0,2280.17822265625
3368.0,2280.35107421875
3369.0,2278.1279296875
3370.0,2277.9658203125
3371.0,2278.935791015625
3372.0,2278.210205078125
3373.0,2277.85107421875
3374.0,2277.155517578125
3375.0,2277.055419921875
3376.0,2276.595703125
3377.0,2275.8974609375
3378.0,2275.46875
3379.0,2275.539794921875
3380.0,2275.050048828125
3381.0,2277.11376953125
3382.0,2276.86083984375
3383.0,2275.664794921875
3384.0,2275.336669921875
3385.0,2275.33056640625
3386.0,2275.573486328125
3387.0,2275.71044921875
3388.0,2276.21630859375
3389.0,2276.258056640625
3390.0,2276.705810546875
3391.0,2276.87646484375
3392.0,2278.892578125
3393.0,2276.937744140625
3394.0,2277.411865234375
3395.0,2277.783447265625
3396.0,2278.1416015625
3397.0,2278.545654296875
3398.0,2278.88720703125
3399.0,2279.182861328125
3400.0,2278.8349609375
3401.0,2278.712158203125
3402.0,2278.668701171875
3403.0,2278.605224609375
3404.0,2278.57373046875
3405.0,2278.4697265625
3406.0,2278.22900390625
3407.0,2278.16796875
3408.0,2278.097900390625
3409.0,2278.09033203125
3410.0,2277.9677734375
3411.0,2277.935302734375
3412.0,2277.83935546875
3413.0,2278.83837890625
3414.0,2278.668701171875
3415.0,2278.713134765625
3416.0,2278.462890625
3417.0,2278.298583984375
3418.0,2278.224365234375
3419.0,2277.955322265625
3420.0,2278.103515625
3421.0,2278.244873046875
3422.0,2278.622802734375
3423.0,2279.217529296875
3424.0,2279.255859375
3425.0,2279.51220703125
3426.0,2278.58251953125
3427.0,2278.883056640625
3428.0,2279.26220703125
3429.0,2279.732666015625
3430.0,2279.69287109375
3431.0,2279.37744140625
3432.0,2279.37744140625
3433.0,2279.37744140625
3434.0,2279.37744140625
3435.0,2279.37744140625
3436.0,2279.37744140625
3437.0,2279.37744140625
3438.0,2279.650634765625
3439.0,2279.420654296875
3440.0,2279.6591796875
3441.0,2279.743896484375
3442.0,2280.029052734375
3443.0,2279.761962890625
3444.0,2280.145263671875
3445.0,2280.934814453125
3446.0,2281.148681640625
3447.0,2281.252685546875
3448.0,2281.234619140625
3449.0,2281.300048828125
3450.0,2281.4140625
3451.0,2282.642333984375
3452.0,2282.513427734375
3453.0,2282.339599609375
3454.0,2282.36181640625
3455.0,2282.0986328125
3456.0,2281.8291015625
3457.0,2281.689208984375
3458.0,2281.659912109375
3459.0,2281.345947265625
3460.0,2281.275146484375
3461.0,2280.559814453125
3462.0,2280.4189453125
3463.0,2280.201171875
3464.0,2280.154052734375
3465.0,2279.876953125
3466.0,2279.7724609375
3467.0,2281.18994140625
3468.0,2280.80419921875
3469.0,2280.32080078125
3470.0,2280.28466796875
3471.0,2279.631591796875
3472.0,2279.5986328125
3473.0,2279.56396484375
3474.0,2279.556884765625
3475.0,2280.114013671875
3476.0,2280.145263671875
3477.0,2280.135498046875
3478.0,2280.135986328125
3479.0,2280.135986328125
3480.0,2279.847412109375
3481.0,2280.018798828125
3482.0,2279.645263671875
3483.0,2279.239013671875
3484.0,2280.237060546875
3485.0,2279.529296875
3486.0,2279.1640625
3487.0,2279.78125
3488.0,2279.729736328125
3489.0,2279.37548828125
3490.0,2279.304443359375
3491.0,2278.86328125
3492.0,2278.77001953125
3493.0,2279.122802734375
3494.0,2279.635986328125
3495.0,2280.0771484375
3496.0,2278.31787109375
3497.0,2278.31787109375
3498.0,2280.098876953125
3499.0,2280.410400390625
3500.0,2280.45361328125
3501.0,2280.4169921875
3502.0,2280.4921875
3503.0,2280.989013671875
3504.0,2279.9208984375
3505.0,2280.30810546875
3506.0,2280.483154296875
3507.0,2281.056396484375
3508.0,2281.639404296875
3509.0,2280.927001953125
3510.0,2281.613525390625
3511.0,2282.11083984375
3512.0,2280.555908203125
3513.0,2280.595458984375
3514.0,2280.69775390625
3515.0,2280.725830078125
3516.0,2280.44189453125
3517.0,2280.4677734375
3518.0,2280.42138671875
3519.0,2280.32470703125
3520.0,2279.907958984375
3521.0,2279.8876953125
3522.0,2279.84228515625
3523.0,2280.049072265625
3524.0,2280.32958984375
3525.0,2280.541748046875
3526.0,2280.464599609375
3527.0,2280.6748046875
3528.0,2280.30908203125
3529.0,2280.05810546875
3530.0,2279.69189453125
3531.0,2279.6630859375
3532.0,2279.609130859375
3533.0,2279.913818359375
3534.0,2280.1201171875
3535.0,2277.7412109375
3536.0,2278.19970703125
3537.0,2278.369384765625
3538.0,2278.830078125
3539.0,2278.9033203125
3540.0,2279.332763671875
3541.0,2279.68994140625
3542.0,2280.150634765625
3543.0,2280.539306640625
3544.0,2280.570556640625
3545.0,2280.708740234375
3546.0,2280.8388671875
3547.0,2281.168212890625
3548.0,2281.60595703125
3549.0,2281.707763671875
3550.0,2281.896728515625
3551.0,2282.0
3552.0,2282.35595703125
3553.0,2282.57275390625
3554.0,2282.611083984375
3555.0,2282.578857421875
3556.0,2282.43359375
3557.0,2282.334716796875
3558.0,2281.736328125
3559.0,2281.557373046875
3560.0,2281.1494140625
3561.0,2281.125
3562.0,2281.037353515625
3563.0,2281.281982421875
3564.0,2281.677734375
3565.0,2281.7265625
3566.0,2281.73583984375
3567.0,2282.031494140625
3568.0,2281.981689453125
3569.0,2281.8115234375
3570.0,2281.722900390625
3571.0,2281.338134765625
3572.0,2281.292724609375
3573.0,2281.047119140625
3574.0,2280.740478515625
3575.0,2280.59814453125
3576.0,2280.35791015625
3577.0,2280.41796875
3578.0,2280.43603515625
3579.0,2281.09765625
3580.0,2281.099609375
3581.0,2281.272216796875
3582.0,2281.154541015625
3583.0,2280.93798828125
3584.0,2281.20654296875
3585.0,2281.215576171875
3586.0,2281.24365234375
3587.0,2281.8994140625
3588.0,2281.66796875
3589.0,2281.12353515625
3590.0,2281.126953125
3591.0,2282.04150390625
3592.0,2281.781005859375
3593.0,2281.544189453125
3594.0,2281.607177734375
3595.0,2281.699951171875
3596.0,2281.429443359375
3597.0,2281.54150390625
3598.0,2281.593505859375
3599.0,2281.685791015625
3600.0,2282.127197265625
3601.0,2282.193359375
3602.0,2282.11767578125
3603.0,2282.10888671875
3604.0,2282.550048828125
3605.0,2282.526123046875
3606.0,2282.575439453125
3607.0,2282.575439453125
3608.0,2282.308349609375
3609.0,2282.27880859375
3610.0,2282.128173828125
3611.0,2282.47119140625
3612.0,2282.777587890625
3613.0,2281.84033203125
3614.0,2281.8642578125
3615.0,2282.200439453125
3616.0,2282.77490234375
3617.0,2282.984619140625
3618.0,2282.267333984375
3619.0,2282.21875
3620.0,2282.201171875
3621.0,2282.16357421875
3622.0,2282.24755859375
3623.0,2282.18896484375
3624.0,2282.20654296875
3625.0,2281.87548828125
3626.0,2282.412109375
3627.0,2282.437744140625
3628.0,2282.450927734375
3629.0,2282.51806640625
3630.0,2282.486328125
3631.0,2282.175048828125
3632.0,2283.84716796875
3633.0,2283.656005859375
3634.0,2283.73681640625
3635.0,2282.527099609375
3636.0,2282.092041015625
3637.0,2281.617919921875
3638.0,2281.060302734375
3639.0,2284.0908203125
3640.0,2283.966552734375
3641.0,2284.071533203125
3642.0,2284.129150390625
3643.0,2284.264892578125
3644.0,2284.525390625
3645.0,2285.0390625
3646.0,2285.203857421875
3647.0,2281.4853515625
3648.0,2281.521484375
3649.0,2281.923583984375
3650.0,2281.940673828125
3651.0,2284.790771484375
3652.0,2284.339599609375
3653.0,2284.337890625
3654.0,2284.32177734375
3655.0,2284.3408203125
3656.0,2284.3505859375
3657.0,2284.39697265625
3658.0,2284.39697265625
3659.0,2285.19775390625
3660.0,2284.931640625
3661.0,2284.540771484375
3662.0,2284.542236328125
3663.0,2285.083251953125
3664.0,2284.57470703125
3665.0,2284.386962890625
3666.0,2284.873046875
3667.0,2284.61376953125
3668.0,2284.7880859375
3669.0,2284.765625
3670.0,2284.979248046875
3671.0,2284.291259765625
3672.0,2284.467529296875
3673.0,2284.59375
3674.0,2284.7490234375
3675.0,2283.512451171875
3676.0,2283.608642578125
3677.0,2283.477294921875
3678.0,2283.217041015625
3679.0,2283.21923828125
3680.0,2282.877685546875
3681.0,2282.77294921875
3682.0,2282.67236328125
3683.0,2282.328857421875
3684.0,2282.8837890625
3685.0,2282.894287109375
3686.0,2283.15478515625
3687.0,2280.33251953125
3688.0,2280.319580078125
3689.0,2280.4873046875
3690.0,2280.4873046875
3691.0,2280.456787109375
3692.0,2280.456787109375
3693.0,2280.448486328125
3694.0,2280.891357421875
3695.0,2281.344482421875
3696.0,2281.404541015625
3697.0,2281.929443359375
3698.0,2282.80810546875
3699.0,2283.627197265625
3700.0,2283.7373046875
3701.0,2284.147216796875
3702.0,2283.9921875
3703.0,2284.292236328125
3704.0,2284.31103515625
3705.0,2284.261962890625
3706.0,2284.290771484375
3707.0,2284.57568359375
3708.0,2284.513671875
3709.0,2284.274169921875
3710.0,2284.536376953125
3711.0,2284.4560546875
3712.0,2284.541015625
3713.0,2284.3525390625
3714.0,2284.424072265625
3715.0,2284.519775390625
3716.0,2284.583251953125
3717.0,2284.681640625
3718.0,2284.638671875
3719.0,2284.653076171875
3720.0,2284.6435546875
3721.0,2284.524169921875
3722.0,2284.478759765625
3723.0,2284.449462890625
3724.0,2284.53271484375
3725.0,2284.496826171875
3726.0,2284.516357421875
3727.0,2284.771484375
3728.0,2284.135498046875
3729.0,2284.1572265625
3730.0,2284.731201171875
3731.0,2285.03662109375
3732.0,2285.02978515625
3733.0,2285.010498046875
3734.0,2285.00341796875
3735.0,2285.24267578125
3736.0,2285.432373046875
3737.0,2285.4130859375
3738.0,2285.452880859375
3739.0,2284.389404296875
3740.0,2284.4365234375
3741.0,2284.394287109375
3742.0,2284.46875
3743.0,2284.6640625
3744.0,2284.69482421875
3745.0,2284.6328125
3746.0,2284.6328125
3747.0,2284.6328125
3748.0,2284.30810546875
3749.0,2284.2197265625
3750.0,2284.186767578125
3751.0,2284.431884765625
3752.0,2284.25390625
3753.0,2284.2109375
3754.0,2283.858154296875
3755.0,2283.761474609375
3756.0,2283.660400390625
3757.0,2283.572021484375
3758.0,2283.5244140625
3759.0,2283.5244140625
3760.0,2283.76513671875
3761.0,2283.9638671875
3762.0,2283.595458984375
3763.0,2283.58056640625
3764.0,2283.63232421875
3765.0,2283.7119140625
3766.0,2283.9775390625
3767.0,2284.047119140625
3768.0,2284.162841796875
3769.0,2284.220703125
3770.0,2284.550048828125
3771.0,2284.694091796875
3772.0,2285.050537109375
3773.0,2285.3798828125
3774.0,2285.47802734375
3775.0,2285.83154296875
3776.0,2285.12255859375
3777.0,2285.161376953125
3778.0,2285.150634765625
3779.0,2285.466064453125
3780.0,2285.49462890625
3781.0,2285.503173828125
3782.0,2285.29541015625
3783.0,2285.3466796875
3784.0,2285.34033203125
3785.0,2286.098876953125
3786.0,2285.873046875
3787.0,2285.56640625
3788.0,2285.206787109375
3789.0,2285.201171875
3790.0,2284.931396484375
3791.0,2284.501953125
3792.0,2285.73193359375
3793.0,2285.383056640625
3794.0,2285.09619140625
3795.0,2284.684326171875
3796.0,2285.604248046875
3797.0,2285.383056640625
3798.0,2285.42431640625
3799.0,2285.171142578125
3800.0,2285.26611328125
3801.0,2285.388427734375
3802.0,2285.510009765625
3803.0,2285.645751953125
3804.0,2285.736328125
3805.0,2285.73095703125
3806.0,2285.828125
3807.0,2286.759521484375
3808.0,2286.734619140625
3809.0,2286.6767578125
3810.0,2286.294921875
3811.0,2286.297119140625
3812.0,2286.27490234375
3813.0,2286.247314453125
3814.0,2286.246826171875
3815.0,2286.234375
3816.0,2286.1826171875
3817.0,2286.15673828125
3818.0,2286.1025390625
3819.0,2286.061767578125
3820.0,2285.9619140625
3821.0,2285.940185546875
3822.0,2285.96923828125
3823.0,2285.976806640625
3824.0,2285.978271484375
3825.0,2286.237060546875
3826.0,2286.276611328125
3827.0,2286.406982421875
3828.0,2286.335205078125
3829.0,2286.7939453125
3830.0,2287.170166015625
3831.0,2287.462158203125
3832.0,2287.20263671875
3833.0,2287.5849609375
3834.0,2287.703857421875
3835.0,2288.123046875
3836.0,2287.78466796875
3837.0,2287.634521484375
3838.0,2287.665771484375
3839.0,2288.56884765625
3840.0,2288.518798828125
3841.0,2288.462158203125
3842.0,2287.9580078125
3843.0,2287.65966796875
3844.0,2287.54443359375
3845.0,2287.174560546875
3846.0,2286.753662109375
3847.0,2286.583251953125
3848.0,2286.4970703125
3849.0,2286.0
3850.0,2286.2578125
3851.0,2285.7978515625
3852.0,2285.34619140625
3853.0,2285.179443359375
3854.0,2284.790771484375
3855.0,2284.613525390625
3856.0,2284.499267578125
3857.0,2284.2255859375
3858.0,2284.156982421875
3859.0,2284.065673828125
3860.0,2284.04443359375
3861.0,2284.004150390625
3862.0,2283.976806640625
3863.0,2283.7607421875
3864.0,2283.744384765625
3865.0,2283.761962890625
3866.0,2283.9306640625
3867.0,2283.99560546875
3868.0,2283.7705078125
3869.0,2283.836181640625
3870.0,2284.033203125
3871.0,2284.07470703125
3872.0,2284.15771484375
3873.0,2284.263427734375
3874.0,2284.294189453125
3875.0,2284.3994140625
3876.0,2284.426025390625
3877.0,2284.48388671875
3878.0,2284.59375
3879.0,2284.902587890625
3880.0,2284.916748046875
3881.0,2285.023681640625
3882.0,2285.14453125
3883.0,2285.225830078125
3884.0,2285.789794921875
3885.0,2285.939208984375
3886.0,2286.1103515625
3887.0,2286.57275390625
3888.0,2286.65283203125
3889.0,2286.811767578125
3890.0,2286.920166015625
3891.0,2287.31005859375
3892.0,2287.404052734375
3893.0,2287.5224609375
3894.0,2288.259033203125
3895.0,2288.320556640625
3896.0,2288.431640625
3897.0,2288.501953125
3898.0,2288.25830078125
3899.0,2288.3291015625
3900.0,2288.358154296875
3901.0,2288.3134765625
3902.0,2288.26220703125
3903.0,2288.294677734375
3904.0,2288.505126953125
3905.0,2288.492919921875
3906.0,2288.46923828125
3907.0,2288.429931640625
3908.0,2288.0869140625
3909.0,2288.047119140625
3910.0,2288.224853515625
3911.0,2288.114990234375
3912.0,2288.09326171875
3913.0,2287.89599609375
3914.0,2287.822265625
3915.0,2287.81884765625
3916.0,2287.9912109375
3917.0,2287.954833984375
3918.0,2287.96728515625
3919.0,2287.9638671875
3920.0,2287.9365234375
3921.0,2287.894287109375
3922.0,2287.93310546875
3923.0,2288.1875
3924.0,2288.199951171875
3925.0,2288.15234375
3926.0,2287.929443359375
3927.0,2287.83447265625
3928.0,2287.54345703125
3929.0,2287.58251953125
3930.0,2287.50927734375
3931.0,2287.602783203125
3932.0,2287.64208984375
3933.0,2287.608154296875
3934.0,2287.755615234375
3935.0,2287.8544921875
3936.0,2287.9609375
3937.0,2288.081787109375
3938.0,2288.378662109375
3939.0,2288.531982421875
3940.0,2288.814453125
3941.0,2288.900146484375
3942.0,2289.174560546875
3943.0,2289.202392578125
3944.0,2289.238525390625
3945.0,2289.238525390625
3946.0,2289.227783203125
3947.0,2289.230224609375
3948.0,2289.293701171875
3949.0,2289.485595703125
3950.0,2289.430908203125
3951.0,2289.380126953125
3952.0,2289.314453125
3953.0,2289.0869140625
3954.0,2288.979248046875
3955.0,2288.835205078125
3956.0,2288.386962890625
3957.0,2288.513427734375
3958.0,2288.299560546875
3959.0,2287.51513671875
3960.0,2287.82568359375
3961.0,2287.174560546875
3962.0,2287.537841796875
3963.0,2286.0576171875
3964.0,2286.04052734375
3965.0,2286.381591796875
3966.0,2286.99072265625
3967.0,2285.333251953125
3968.0,2285.8193359375
3969.0,2286.224609375
3970.0,2287.331298828125
3971.0,2285.4814453125
3972.0,2285.985107421875
3973.0,2286.423583984375
3974.0,2287.652587890625
3975.0,2285.657958984375
3976.0,2288.4052734375
3977.0,2287.421630859375
3978.0,2287.524169921875
3979.0,2287.021240234375
3980.0,2287.1318359375
3981.0,2287.203857421875
3982.0,2286.7490234375
3983.0,2289.237548828125
3984.0,2288.213134765625
3985.0,2287.773193359375
3986.0,2287.78173828125
3987.0,2287.52001953125
3988.0,2288.1875
3989.0,2287.731201171875
3990.0,2287.32275390625
3991.0,2287.2109375
3992.0,2287.34912109375
3993.0,2286.9599609375
3994.0,2286.341552734375
3995.0,2287.310546875
3996.0,2286.563720703125
3997.0,2286.829345703125
3998.0,2287.35595703125
3999.0,2286.7109375
4000.0,2286.33935546875
4001.0,2287.7783203125
4002.0,2287.530517578125
4003.0,2287.2412109375
4004.0,2287.436279296875
4005.0,2287.568603515625
4006.0,2287.830810546875
4007.0,2287.90087890625
4008.0,2288.01708984375
4009.0,2288.357666015625
4010.0,2288.523193359375
4011.0,2288.843994140625
4012.0,2288.98046875
4013.0,2288.32177734375
4014.0,2288.658935546875
4015.0,2289.11669921875
4016.0,2288.895751953125
4017.0,2288.8896484375
4018.0,2288.90625
4019.0,2288.877685546875
4020.0,2288.82763671875
4021.0,2288.841064453125
4022.0,2288.9091796875
4023.0,2288.972412109375
4024.0,2288.984619140625
4025.0,2289.0390625
4026.0,2288.80419921875
4027.0,2288.996826171875
4028.0,2289.25537109375
4029.0,2289.331787109375
4030.0,2289.28857421875
4031.0,2289.283935546875
4032.0,2289.273193359375
4033.0,2289.25537109375
4034.0,2288.978515625
4035.0,2288.94873046875
4036.0,2288.980224609375
4037.0,2289.550537109375
4038.0,2289.272705078125
4039.0,2289.264892578125
4040.0,2289.066650390625
4041.0,2289.603271484375
4042.0,2289.301025390625
4043.0,2288.987060546875
4044.0,2289.4677734375
4045.0,2289.143798828125
4046.0,2289.4189453125
4047.0,2289.884765625
4048.0,2290.09423828125
4049.0,2290.15966796875
4050.0,2290.2294921875
4051.0,2290.265869140625
4052.0,2290.65869140625
4053.0,2290.749755859375
4054.0,2290.688232421875
4055.0,2290.96240234375
4056.0,2291.05712890625
4057.0,2291.081787109375
4058.0,2291.150146484375
4059.0,2291.154541015625
4060.0,2291.17041015625
4061.0,2291.0
4062.0,2290.94140625
4063.0,2290.955322265625
4064.0,2291.01123046875
4065.0,2291.05419921875
4066.0,2290.81103515625
4067.0,2290.763671875
4068.0,2290.54345703125
4069.0,2290.697021484375
4070.0,2290.666748046875
4071.0,2290.619140625
4072.0,2290.553955078125
4073.0,2290.149169921875
4074.0,2289.982421875
4075.0,2289.993408203125
4076.0,2290.0087890625
4077.0,2290.247314453125
4078.0,2290.30517578125
4079.0,2290.128662109375
4080.0,2290.190673828125
4081.0,2290.486083984375
4082.0,2290.5146484375
4083.0,2290.5517578125
4084.0,2290.65673828125
4085.0,2290.65234375
4086.0,2290.65673828125
4087.0,2290.599365234375
4088.0,2290.551513671875
4089.0,2290.305908203125
4090.0,2290.246337890625
4091.0,2290.23779296875
4092.0,2289.97314453125
4093.0,2289.419921875
4094.0,2289.342529296875
4095.0,2288.82373046875
4096.0,2289.390380859375
4097.0,2288.801513671875
4098.0,2288.7265625
4099.0,2289.110595703125
4100.0,2289.0244140625
4101.0,2288.897216796875
4102.0,2288.54345703125
4103.0,2288.46337890625
4104.0,2288.101806640625
4105.0,2287.73486328125
4106.0,2287.36865234375
4107.0,2287.245361328125
4108.0,2286.935546875
4109.0,2286.79931640625
4110.0,2286.736572265625
4111.0,2286.645263671875
4112.0,2286.60693359375
4113.0,2286.60693359375
4114.0,2286.814453125
4115.0,2287.0126953125
4116.0,2287.08837890625
4117.0,2287.407470703125
4118.0,2287.6630859375
4119.0,2287.795654296875
4120.0,2288.1669921875
4121.0,2288.307861328125
4122.0,2288.904296875
4123.0,2289.0859375
4124.0,2289.4130859375
4125.0,2289.56640625
4126.0,2289.904296875
4127.0,2289.875244140625
4128.0,2290.376953125
4129.0,2290.3134765625
4130.0,2290.55322265625
4131.0,2290.712158203125
4132.0,2290.5556640625
4133.0,2291.13916015625
4134.0,2291.260009765625
4135.0,2291.339599609375
4136.0,2291.68994140625
4137.0,2291.80322265625
4138.0,2291.926025390625
4139.0,2291.97607421875
4140.0,2292.259765625
4141.0,2292.558349609375
4142.0,2292.558349609375
4143.0,2292.438720703125
4144.0,2292.6640625
4145.0,2292.43359375
4146.0,2292.60498046875
4147.0,2292.519775390625
4148.0,2292.28271484375
4149.0,2292.22119140625
4150.0,2292.18701171875
4151.0,2291.888671875
4152.0,2291.586181640625
4153.0,2291.557861328125
4154.0,2291.52587890625
4155.0,2291.481689453125
4156.0,2291.217041015625
4157.0,2291.472412109375
4158.0,2291.433837890625
4159.0,2290.798095703125
4160.0,2290.774658203125
4161.0,2290.73095703125
4162.0,2290.70849609375
4163.0,2290.939697265625
4164.0,2290.96923828125
4165.0,2291.073974609375
4166.0,2291.120361328125
4167.0,2291.49365234375
4168.0,2291.607177734375
4169.0,2291.904541015625
4170.0,2292.06103515625
4171.0,2291.938720703125
4172.0,2292.2978515625
4173.0,2292.32470703125
4174.0,2292.55712890625
4175.0,2292.612548828125
4176.0,2292.348388671875
4177.0,2292.624755859375
4178.0,2292.708984375
4179.0,2292.773681640625
4180.0,2292.862060546875
4181.0,2292.96533203125
4182.0,2293.303466796875
4183.0,2293.630126953125
4184.0,2294.01513671875
4185.0,2293.577880859375
4186.0,2293.84033203125
4187.0,2294.099609375
4188.0,2294.183837890625
4189.0,2294.424072265625
4190.0,2294.48583984375
4191.0,2294.5283203125
4192.0,2294.612060546875
4193.0,2294.68798828125
4194.0,2295.550537109375
4195.0,2295.042724609375
4196.0,2294.852783203125
4197.0,2294.92041015625
4198.0,2294.636474609375
4199.0,2294.583740234375
4200.0,2294.98779296875
4201.0,2294.50244140625
4202.0,2294.4521484375
4203.0,2294.721435546875
4204.0,2294.23876953125
4205.0,2294.5
4206.0,2294.192626953125
4207.0,2294.0634765625
4208.0,2294.021484375
4209.0,2293.7470703125
4210.0,2293.671630859375
4211.0,2293.550537109375
4212.0,2293.29296875
4213.0,2293.247802734375
4214.0,2293.078369140625
4215.0,2292.83154296875
4216.0,2292.7802734375
4217.0,2292.71630859375
4218.0,2292.87060546875
4219.0,2292.8125
4220.0,2292.844970703125
4221.0,2292.87548828125
4222.0,2293.10205078125
4223.0,2293.077392578125
4224.0,2293.18505859375
4225.0,2293.26318359375
4226.0,2293.546142578125
4227.0,2293.62158203125
4228.0,2293.624755859375
4229.0,2293.69091796875
4230.0,2293.973876953125
4231.0,2293.95751953125
4232.0,2293.97314453125
4233.0,2294.00634765625
4234.0,2294.0048828125
4235.0,2293.998779296875
4236.0,2293.97705078125
4237.0,2294.03466796875
4238.0,2293.823974609375
4239.0,2293.850830078125
4240.0,2293.85498046875
4241.0,2293.8193359375
4242.0,2293.803466796875
4243.0,2293.53173828125
4244.0,2293.400390625
4245.0,2293.00341796875
4246.0,2292.826171875
4247.0,2292.46435546875
4248.0,2292.014892578125
4249.0,2291.91357421875
4250.0,2291.6669921875
4251.0,2291.6162109375
4252.0,2291.576904296875
4253.0,2291.544189453125
4254.0,2291.539306640625
4255.0,2291.595458984375
4256.0,2291.58447265625
4257.0,2291.815185546875
4258.0,2291.85693359375
4259.0,2291.857177734375
4260.0,2291.83642578125
4261.0,2291.9580078125
4262.0,2291.97705078125
4263.0,2291.973388671875
4264.0,2292.19775390625
4265.0,2292.169677734375
4266.0,2291.819091796875
4267.0,2291.831298828125
4268.0,2292.103271484375
4269.0,2292.396240234375
4270.0,2291.983642578125
4271.0,2292.580810546875
4272.0,2291.955810546875
4273.0,2292.554443359375
4274.0,2292.6533203125
4275.0,2292.4599609375
4276.0,2293.228271484375
4277.0,2293.02197265625
4278.0,2293.314453125
4279.0,2293.3212890625
4280.0,2293.13427734375
4281.0,2292.756591796875
4282.0,2293.0185546875
4283.0,2293.222412109375
4284.0,2293.317138671875
4285.0,2293.2607421875
4286.0,2292.7568359375
4287.0,2292.6669921875
4288.0,2292.82958984375
4289.0,2292.72265625
4290.0,2292.4755859375
4291.0,2292.3310546875
4292.0,2291.507568359375
4293.0,2291.62060546875
4294.0,2291.758056640625
4295.0,2291.855712890625
4296.0,2291.5048828125
4297.0,2290.84228515625
4298.0,2290.8427734375
4299.0,2291.505859375
4300.0,2291.26708984375
4301.0,2291.33837890625
4302.0,2291.5341796875
4303.0,2291.34521484375
4304.0,2291.209228515625
4305.0,2291.27734375
4306.0,2291.064697265625
4307.0,2291.08544921875
4308.0,2291.31396484375
4309.0,2291.33740234375
4310.0,2291.39794921875
4311.0,2291.522216796875
4312.0,2291.64404296875
4313.0,2291.6796875
4314.0,2291.792236328125
4315.0,2291.849853515625
4316.0,2291.9013671875
4317.0,2291.87255859375
4318.0,2291.836181640625
4319.0,2291.807861328125
4320.0,2291.5419921875
4321.0,2291.533447265625
4322.0,2291.45751953125
4323.0,2291.479248046875
4324.0,2291.673095703125
4325.0,2291.744873046875
4326.0,2291.928955078125
4327.0,2292.072021484375
4328.0,2292.513671875
4329.0,2292.879150390625
4330.0,2293.153076171875
4331.0,2293.494873046875
4332.0,2293.86279296875
4333.0,2294.091064453125
4334.0,2294.21826171875
4335.0,2294.330810546875
4336.0,2294.673828125
4337.0,2295.001220703125
4338.0,2295.123779296875
4339.0,2295.224853515625
4340.0,2295.746826171875
4341.0,2295.779296875
4342.0,2295.93994140625
4343.0,2295.978515625
4344.0,2296.01123046875
4345.0,2296.006103515625
4346.0,2296.130126953125
4347.0,2295.823974609375
4348.0,2295.527587890625
4349.0,2295.336181640625
4350.0,2295.16796875
4351.0,2295.0390625
4352.0,2294.408447265625
4353.0,2294.21728515625
4354.0,2294.044921875
4355.0,2293.86181640625
4356.0,2293.481201171875
4357.0,2293.406982421875
4358.0,2293.210693359375
4359.0,2292.841064453125
4360.0,2292.7080078125
4361.0,2292.279541015625
4362.0,2291.869384765625
4363.0,2291.49560546875
4364.0,2291.404296875
4365.0,2291.286376953125
4366.0,2291.255859375
4367.0,2291.736328125
4368.0,2290.607421875
4369.0,2291.249267578125
4370.0,2290.822509765625
4371.0,2290.494140625
4372.0,2290.939453125
4373.0,2291.311767578125
4374.0,2291.100830078125
4375.0,2291.50830078125
4376.0,2291.1044921875
4377.0,2291.4521484375
4378.0,2290.88330078125
4379.0,2291.30322265625
4380.0,2291.744140625
4381.0,2291.778076171875
4382.0,2292.44091796875
4383.0,2292.495849609375
4384.0,2292.501708984375
4385.0,2292.60546875
4386.0,2292.6513671875
4387.0,2293.74853515625
4388.0,2293.563720703125
4389.0,2294.06298828125
4390.0,2293.626220703125
4391.0,2294.25
4392.0,2294.23681640625
4393.0,2294.349609375
4394.0,2294.541748046875
4395.0,2294.52392578125
4396.0,2294.567626953125
4397.0,2294.646728515625
4398.0,2294.435791015625
4399.0,2294.456298828125
4400.0,2294.536865234375
4401.0,2294.55029296875
4402.0,2294.3076171875
4403.0,2294.5927734375
4404.0,2294.5654296875
4405.0,2294.581298828125
4406.0,2294.644775390625
4407.0,2294.673583984375
4408.0,2294.8740234375
4409.0,2294.928466796875
4410.0,2294.73779296875
4411.0,2294.728515625
4412.0,2294.782958984375
4413.0,2294.97412109375
4414.0,2294.95068359375
4415.0,2294.925537109375
4416.0,2294.879150390625
4417.0,2294.85009765625
4418.0,2294.869140625
4419.0,2294.863525390625
4420.0,2294.854248046875
4421.0,2294.8779296875
4422.0,2294.909423828125
4423.0,2294.8935546875
4424.0,2295.125244140625
4425.0,2295.132568359375
4426.0,2294.705078125
4427.0,2294.696044921875
4428.0,2294.61962890625
4429.0,2294.578369140625
4430.0,2294.55517578125
4431.0,2294.510498046875
4432.0,2294.502685546875
4433.0,2294.486083984375
4434.0,2294.489501953125
4435.0,2294.26513671875
4436.0,2294.4921875
4437.0,2294.282470703125
4438.0,2294.487060546875
4439.0,2294.318603515625
4440.0,2294.248046875
4441.0,2294.27880859375
4442.0,2293.92138671875
4443.0,2293.856201171875
4444.0,2293.806396484375
4445.0,2293.711669921875
4446.0,2293.693115234375
4447.0,2293.38623046875
4448.0,2293.37451171875
4449.0,2293.534423828125
4450.0,2293.70068359375
4451.0,2293.41748046875
4452.0,2293.417236328125
4453.0,2293.39111328125
4454.0,2293.43310546875
4455.0,2293.469970703125
4456.0,2293.469970703125
4457.0,2293.512939453125
4458.0,2293.62109375
4459.0,2293.642822265625
4460.0,2293.432373046875
4461.0,2293.28125
4462.0,2293.703125
4463.0,2293.6533203125
4464.0,2293.47265625
4465.0,2293.88525390625
4466.0,2293.861083984375
4467.0,2293.6015625
4468.0,2293.653564453125
4469.0,2293.70458984375
4470.0,2293.96044921875
4471.0,2293.874755859375
4472.0,2294.199951171875
4473.0,2294.26904296875
4474.0,2294.2607421875
4475.0,2294.40673828125
4476.0,2294.5205078125
4477.0,2294.6435546875
4478.0,2294.81005859375
4479.0,2295.027587890625
4480.0,2295.1015625
4481.0,2295.1318359375
4482.0,2295.17529296875
4483.0,2295.11767578125
4484.0,2295.315185546875
4485.0,2295.25634765625
4486.0,2295.2041015625
4487.0,2295.198486328125
4488.0,2295.130615234375
4489.0,2295.08935546875
4490.0,2295.02978515625
4491.0,2294.97265625
4492.0,2295.155517578125
4493.0,2295.031982421875
4494.0,2295.002685546875
4495.0,2294.869384765625
4496.0,2294.780517578125
4497.0,2294.71875
4498.0,2294.452392578125
4499.0,2294.553955078125
4500.0,2294.5146484375
4501.0,2294.51806640625
4502.0,2294.539306640625
4503.0,2294.61376953125
4504.0,2294.238037109375
4505.0,2294.45849609375
4506.0,2294.50390625
4507.0,2294.3125
4508.0,2294.63134765625
4509.0,2294.6572265625
4510.0,2294.7119140625
4511.0,2294.779541015625
4512.0,2294.583740234375
4513.0,2294.63525390625
4514.0,2294.744384765625
4515.0,2295.046142578125
4516.0,2295.3291015625
4517.0,2295.439208984375
4518.0,2295.567626953125
4519.0,2295.87451171875
4520.0,2295.9970703125
4521.0,2296.268310546875
4522.0,2296.31005859375
4523.0,2296.145263671875
4524.0,2296.641845703125
4525.0,2296.214111328125
4526.0,2295.9609375
4527.0,2295.95556640625
4528.0,2296.524169921875
4529.0,2296.5537109375
4530.0,2296.53955078125
4531.0,2296.537353515625
4532.0,2296.61474609375
4533.0,2296.6640625
4534.0,2296.681640625
4535.0,2296.67626953125
4536.0,2296.99755859375
4537.0,2297.047119140625
4538.0,2297.11572265625
4539.0,2297.153564453125
4540.0,2297.8984375
4541.0,2297.26123046875
4542.0,2297.787841796875
4543.0,2298.260009765625
4544.0,2298.031005859375
4545.0,2297.990234375
4546.0,2298.23388671875
4547.0,2297.88427734375
4548.0,2297.822998046875
4549.0,2297.729248046875
4550.0,2297.424560546875
4551.0,2297.290283203125
4552.0,2296.94189453125
4553.0,2296.6240234375
4554.0,2296.5458984375
4555.0,2296.218505859375
4556.0,2296.041015625
4557.0,2295.935546875
4558.0,2295.685302734375
4559.0,2295.623291015625
4560.0,2295.583740234375
4561.0,2295.550048828125
4562.0,2295.568359375
4563.0,2295.57421875
4564.0,2295.572021484375
4565.0,2295.638916015625
4566.0,2295.64697265625
4567.0,2295.676025390625
4568.0,2295.691650390625
4569.0,2295.695068359375
4570.0,2296.1171875
4571.0,2296.150634765625
4572.0,2296.18603515625
4573.0,2296.245849609375
4574.0,2296.212158203125
4575.0,2296.2275390625
4576.0,2296.385009765625
4577.0,2296.385009765625
4578.0,2296.358642578125
4579.0,2295.96728515625
4580.0,2296.258056640625
4581.0,2295.47412109375
4582.0,2295.620849609375
4583.0,2295.626220703125
4584.0,2295.9560546875
4585.0,2295.9833984375
4586.0,2296.307373046875
4587.0,2296.247314453125
4588.0,2296.23681640625
4589.0,2296.3466796875
4590.0,2296.35205078125
4591.0,2296.324951171875
4592.0,2296.322509765625
4593.0,2296.334228515625
4594.0,2296.409423828125
4595.0,2296.424560546875
4596.0,2296.658935546875
4597.0,2296.710693359375
4598.0,2296.746826171875
4599.0,2296.791015625
4600.0,2297.00439453125
4601.0,2296.762451171875
4602.0,2297.01171875
4603.0,2297.02490234375
4604.0,2296.76708984375
4605.0,2297.19775390625
4606.0,2297.154296875
4607.0,2297.135986328125
4608.0,2297.102783203125
4609.0,2297.083984375
4610.0,2297.086669921875
4611.0,2297.050048828125
4612.0,2297.06298828125
4613.0,2297.08544921875
4614.0,2297.083740234375
4615.0,2296.6181640625
4616.0,2296.599365234375
4617.0,2296.57421875
4618.0,2296.549560546875
4619.0,2296.795654296875
4620.0,2296.58984375
4621.0,2296.546630859375
4622.0,2296.57763671875
4623.0,2296.806640625
4624.0,2296.748779296875
4625.0,2296.98828125
4626.0,2296.96337890625
4627.0,2296.95703125
4628.0,2297.198974609375
4629.0,2297.202392578125
4630.0,2297.300537109375
4631.0,2297.050537109375
4632.0,2297.093017578125
4633.0,2297.598388671875
4634.0,2297.609130859375
4635.0,2296.772705078125
4636.0,2297.3037109375
4637.0,2298.1376953125
4638.0,2297.667236328125
4639.0,2297.49560546875
4640.0,2298.139404296875
4641.0,2297.212890625
4642.0,2297.821533203125
4643.0,2298.37109375
4644.0,2297.69873046875
4645.0,2297.9677734375
4646.0,2298.012451171875
4647.0,2297.906494140625
4648.0,2297.49609375
4649.0,2297.391845703125
4650.0,2297.1064453125
4651.0,2297.02587890625
4652.0,2296.73388671875
4653.0,2296.7080078125
4654.0,2296.418701171875
4655.0,2296.397705078125
4656.0,2296.28955078125
4657.0,2296.27587890625
4658.0,2296.187255859375
4659.0,2296.076904296875
4660.0,2296.0576171875
4661.0,2295.926513671875
4662.0,2295.82763671875
4663.0,2295.72021484375
4664.0,2295.646484375
4665.0,2295.5693359375
4666.0,2295.482177734375
4667.0,2295.4375
4668.0,2295.60107421875
4669.0,2295.56689453125
4670.0,2295.62890625
4671.0,2295.655517578125
4672.0,2295.830810546875
4673.0,2295.628662109375
4674.0,2295.973388671875
4675.0,2296.03125
4676.0,2296.316162109375
4677.0,2296.493896484375
4678.0,2296.625732421875
4679.0,2297.02880859375
4680.0,2297.1474609375
4681.0,2297.3271484375
4682.0,2297.388427734375
4683.0,2297.47119140625
4684.0,2297.507568359375
4685.0,2297.57373046875
4686.0,2297.808349609375
4687.0,2297.820068359375
4688.0,2297.830078125
4689.0,2297.7822265625
4690.0,2297.703125
4691.0,2297.67919921875
4692.0,2296.716064453125
4693.0,2296.884521484375
4694.0,2295.888671875
4695.0,2296.408203125
4696.0,2295.3349609375
4697.0,2295.247314453125
4698.0,2295.17529296875
4699.0,2295.09423828125
4700.0,2294.25439453125
4701.0,2293.799072265625
4702.0,2294.859130859375
4703.0,2294.38037109375
4704.0,2295.445556640625
4705.0,2295.361572265625
4706.0,2295.39794921875
4707.0,2295.37646484375
4708.0,2295.63671875
4709.0,2296.038330078125
4710.0,2296.616455078125
4711.0,2296.79931640625
4712.0,2296.516357421875
4713.0,2297.056884765625
4714.0,2297.790283203125
4715.0,2298.6767578125
4716.0,2299.110595703125
4717.0,2299.12353515625
4718.0,2299.2919921875
4719.0,2299.362060546875
4720.0,2299.4501953125
4721.0,2299.314208984375
4722.0,2299.2958984375
4723.0,2298.962646484375
4724.0,2299.13232421875
4725.0,2299.0341796875
4726.0,2298.503662109375
4727.0,2298.509765625
4728.0,2298.656982421875
4729.0,2298.610107421875
4730.0,2298.61376953125
4731.0,2298.167236328125
4732.0,2298.546142578125
4733.0,2298.539794921875
4734.0,2298.63818359375
4735.0,2298.46875
4736.0,2298.1640625
4737.0,2298.029296875
4738.0,2297.734375
4739.0,2297.609375
4740.0,2297.571533203125
4741.0,2297.531982421875
4742.0,2297.513427734375
4743.0,2297.490478515625
4744.0,2297.56640625
4745.0,2297.6337890625
4746.0,2297.6953125
4747.0,2297.759765625
4748.0,2297.596435546875
4749.0,2297.670166015625
4750.0,2297.78369140625
4751.0,2297.9580078125
4752.0,2297.758056640625
4753.0,2297.8720703125
4754.0,2298.21142578125
4755.0,2298.23779296875
4756.0,2298.365234375
4757.0,2298.4365234375
4758.0,2298.4501953125
4759.0,2298.718505859375
4760.0,2298.7578125
4761.0,2298.86669921875
4762.0,2298.872314453125
4763.0,2298.910888671875
4764.0,2299.1435546875
4765.0,2299.38671875
4766.0,2299.244384765625
4767.0,2299.783935546875
4768.0,2299.765869140625
4769.0,2299.774658203125
4770.0,2299.75830078125
4771.0,2300.00537109375
4772.0,2299.987548828125
4773.0,2300.231689453125
4774.0,2300.2392578125
4775.0,2300.20068359375
4776.0,2300.198486328125
4777.0,2300.104248046875
4778.0,2299.78369140625
4779.0,2299.780517578125
4780.0,2299.526123046875
4781.0,2299.57373046875
4782.0,2299.59521484375
4783.0,2299.395751953125
4784.0,2299.435791015625
4785.0,2299.24560546875
4786.0,2299.1865234375
4787.0,2299.245361328125
4788.0,2299.30810546875
4789.0,2299.197265625
4790.0,2299.266357421875
4791.0,2299.314697265625
4792.0,2299.38525390625
4793.0,2299.436767578125
4794.0,2299.508056640625
4795.0,2299.5205078125
4796.0,2299.61572265625
4797.0,2299.660400390625
4798.0,2299.65869140625
4799.0,2299.65087890625
4800.0,2299.357177734375
4801.0,2299.28759765625
4802.0,2299.1767578125
4803.0,2299.113525390625
4804.0,2299.298583984375
4805.0,2299.016845703125
4806.0,2299.025390625
4807.0,2299.27880859375
4808.0,2299.3466796875
4809.0,2299.374755859375
4810.0,2299.4326171875
4811.0,2299.4580078125
4812.0,2299.703369140625
4813.0,2299.734375
4814.0,2299.76806640625
4815.0,2299.787109375
4816.0,2300.01904296875
4817.0,2299.966064453125
4818.0,2299.968505859375
4819.0,2300.180908203125
4820.0,2300.2080078125
4821.0,2300.254638671875
4822.0,2300.44970703125
4823.0,2300.51806640625
4824.0,2300.45458984375
4825.0,2300.494140625
4826.0,2300.421630859375
4827.0,2300.430419921875
4828.0,2300.306396484375
4829.0,2300.26318359375
4830.0,2300.42236328125
4831.0,2300.3642578125
4832.0,2300.2978515625
4833.0,2300.25634765625
4834.0,2300.25146484375
4835.0,2300.235595703125
4836.0,2299.996826171875
4837.0,2299.9716796875
4838.0,2299.95654296875
4839.0,2299.733642578125
4840.0,2299.6689453125
4841.0,2299.63671875
4842.0,2299.611328125
4843.0,2299.8388671875
4844.0,2299.689697265625
4845.0,2299.908203125
4846.0,2300.020751953125
4847.0,2300.121337890625
4848.0,2300.387939453125
4849.0,2300.483642578125
4850.0,2300.540283203125
4851.0,2300.584228515625
4852.0,2300.604248046875
4853.0,2300.85791015625
4854.0,2300.853759765625
4855.0,2300.822265625
4856.0,2300.75927734375
4857.0,2300.477783203125
4858.0,2300.614501953125
4859.0,2300.550048828125
4860.0,2300.518798828125
4861.0,2300.416015625
4862.0,2300.328857421875
4863.0,2300.25927734375
4864.0,2300.396728515625
4865.0,2300.364501953125
4866.0,2300.0927734375
4867.0,2300.013427734375
4868.0,2299.91015625
4869.0,2299.86279296875
4870.0,2300.290771484375
4871.0,2299.309326171875
4872.0,2300.1689453125
4873.0,2299.037353515625
4874.0,2300.28955078125
4875.0,2299.006591796875
4876.0,2299.06689453125
4877.0,2299.45556640625
4878.0,2298.68115234375
4879.0,2299.123779296875
4880.0,2301.1005859375
4881.0,2300.853271484375
4882.0,2300.9580078125
4883.0,2301.1142578125
4884.0,2301.18359375
4885.0,2301.0791015625
4886.0,2302.2783203125
4887.0,2302.1328125
4888.0,2301.91796875
4889.0,2302.46630859375
4890.0,2302.271240234375
4891.0,2302.4580078125
4892.0,2302.44189453125
4893.0,2302.20361328125
4894.0,2302.188232421875
4895.0,2302.126220703125
4896.0,2301.689697265625
4897.0,2301.5478515625
4898.0,2301.068603515625
4899.0,2301.12255859375
4900.0,2300.7529296875
4901.0,2300.40185546875
4902.0,2300.308837890625
4903.0,2300.0830078125
4904.0,2299.529052734375
4905.0,2299.398681640625
4906.0,2299.260986328125
4907.0,2298.9873046875
4908.0,2298.90673828125
4909.0,2298.84912109375
4910.0,2298.78955078125
4911.0,2298.728515625
4912.0,2298.7119140625
4913.0,2298.9296875
4914.0,2298.9755859375
4915.0,2299.01904296875
4916.0,2299.034423828125
4917.0,2299.329833984375
4918.0,2299.39599609375
4919.0,2299.427978515625
4920.0,2299.476318359375
4921.0,2299.7353515625
4922.0,2299.968994140625
4923.0,2300.0751953125
4924.0,2299.894287109375
4925.0,2300.132080078125
4926.0,2300.132080078125
4927.0,2300.12646484375
4928.0,2300.162353515625
4929.0,2300.629638671875
4930.0,2300.600341796875
4931.0,2300.58349609375
4932.0,2300.602783203125
4933.0,2300.579833984375
4934.0,2300.51904296875
4935.0,2300.297119140625
4936.0,2300.283935546875
4937.0,2300.253173828125
4938.0,2299.937255859375
4939.0,2299.894775390625
4940.0,2299.613037109375
4941.0,2300.564208984375
4942.0,2300.10107421875
4943.0,2299.72021484375
4944.0,2299.7822265625
4945.0,2300.15283203125
4946.0,2299.983642578125
4947.0,2300.08203125
4948.0,2300.14453125
4949.0,2300.51025390625
4950.0,2300.62939453125
4951.0,2301.1064453125
4952.0,2302.270263671875
4953.0,2302.42138671875
4954.0,2302.5498046875
4955.0,2302.6767578125
4956.0,2302.78369140625
4957.0,2303.05126953125
4958.0,2303.115966796875
4959.0,2303.155517578125
4960.0,2303.19091796875
4961.0,2303.270263671875
4962.0,2303.2021484375
4963.0,2303.070556640625
4964.0,2303.251953125
4965.0,2303.154052734375
4966.0,2303.13623046875
4967.0,2303.048828125
4968.0,2302.494140625
4969.0,2302.317626953125
4970.0,2302.14794921875
4971.0,2301.48876953125
4972.0,2301.3017578125
4973.0,2301.05615234375
4974.0,2300.5908203125
4975.0,2300.4140625
4976.0,2299.956298828125
4977.0,2299.56103515625
4978.0,2299.12451171875
4979.0,2298.781982421875
4980.0,2298.47412109375
4981.0,2298.377197265625
4982.0,2298.323486328125
4983.0,2298.250244140625
4984.0,2298.18701171875
4985.0,2298.1962890625
4986.0,2298.423828125
4987.0,2298.456787109375
4988.0,2298.4609375
4989.0,2298.783203125
4990.0,2298.869384765625
4991.0,2298.946533203125
4992.0,2298.895751953125
4993.0,2298.952880859375
4994.0,2299.358642578125
4995.0,2299.3095703125
4996.0,2299.69873046875
4997.0,2299.832763671875
4998.0,2300.43505859375
4999.0,2300.56689453125
5000.0,2300.919921875
5001.0,2301.05224609375
5002.0,2301.21142578125
5003.0,2301.362548828125
5004.0,2301.43115234375
5005.0,2301.26904296875
5006.0,2301.29736328125
5007.0,2301.497314453125
5008.0,2301.46728515625
5009.0,2301.43701171875
5010.0,2301.393798828125
5011.0,2301.3330078125
5012.0,2301.258056640625
5013.0,2301.174560546875
5014.0,2301.119384765625
5015.0,2301.297607421875
5016.0,2301.13525390625
5017.0,2300.809326171875
5018.0,2300.5615234375
5019.0,2300.388671875
5020.0,2300.066162109375
5021.0,2300.0673828125
5022.0,2299.888427734375
5023.0,2299.54736328125
5024.0,2298.711669921875
5025.0,2298.60888671875
5026.0,2298.570068359375
5027.0,2298.889404296875
5028.0,2298.6044921875
5029.0,2298.6396484375
5030.0,2298.688232421875
5031.0,2298.90771484375
5032.0,2298.990234375
5033.0,2299.138671875
5034.0,2299.166748046875
5035.0,2299.118408203125
5036.0,2300.196533203125
5037.0,2300.86279296875
5038.0,2300.489501953125
5039.0,2301.070068359375
5040.0,2301.284423828125
5041.0,2301.62548828125
5042.0,2301.676513671875
5043.0,2301.81591796875
5044.0,2301.9072265625
5045.0,2302.196044921875
5046.0,2302.212646484375
5047.0,2302.273681640625
5048.0,2302.541015625
5049.0,2302.59423828125
5050.0,2302.6259765625
5051.0,2302.659423828125
5052.0,2302.67431640625
5053.0,2302.66357421875
5054.0,2302.63671875
5055.0,2302.39111328125
5056.0,2302.363037109375
5057.0,2302.25439453125
5058.0,2302.1953125
5059.0,2301.922119140625
5060.0,2301.8115234375
5061.0,2301.72509765625
5062.0,2301.648193359375
5063.0,2301.38623046875
5064.0,2301.37451171875
5065.0,2301.172119140625
5066.0,2301.351806640625
5067.0,2301.364501953125
5068.0,2301.3388671875
5069.0,2301.2626953125
5070.0,2301.4853515625
5071.0,2301.305908203125
5072.0,2301.564453125
5073.0,2301.363525390625
5074.0,2301.104736328125
5075.0,2301.321533203125
5076.0,2301.135009765625
5077.0,2301.0869140625
5078.0,2301.287841796875
5079.0,2301.0869140625
5080.0,2300.87255859375
5081.0,2300.87939453125
5082.0,2300.87939453125
5083.0,2300.900634765625
5084.0,2300.937255859375
5085.0,2301.149658203125
5086.0,2300.937255859375
5087.0,2301.1318359375
5088.0,2301.03173828125
5089.0,2300.998779296875
5090.0,2300.6142578125
5091.0,2300.255859375
5092.0,2300.74365234375
5093.0,2300.67041015625
5094.0,2300.267333984375
5095.0,2300.53662109375
5096.0,2300.890625
5097.0,2301.384765625
5098.0,2300.872314453125
5099.0,2301.440185546875
5100.0,2300.759521484375
5101.0,2301.0947265625
5102.0,2301.73193359375
5103.0,2300.794189453125
5104.0,2301.3837890625
5105.0,2300.418701171875
5106.0,2300.880126953125
5107.0,2300.610595703125
5108.0,2301.17333984375
5109.0,2301.373291015625
5110.0,2302.458740234375
5111.0,2302.281005859375
5112.0,2303.183349609375
5113.0,2303.00830078125
5114.0,2303.950927734375
5115.0,2304.28662109375
5116.0,2304.413330078125
5117.0,2304.338134765625
5118.0,2304.365966796875
5119.0,2304.292724609375
5120.0,2303.791015625
5121.0,2304.027099609375
5122.0,2303.767822265625
5123.0,2303.642822265625
5124.0,2303.33740234375
5125.0,2302.893798828125
5126.0,2303.0732421875
5127.0,2302.994384765625
5128.0,2302.175537109375
5129.0,2302.5224609375
5130.0,2301.14599609375
5131.0,2300.80615234375
5132.0,2300.473876953125
5133.0,2300.80126953125
5134.0,2300.737060546875
5135.0,2300.62353515625
5136.0,2299.034912109375
5137.0,2299.034912109375
5138.0,2299.349853515625
5139.0,2299.390625
5140.0,2299.494873046875
5141.0,2299.407470703125
5142.0,2299.549560546875
5143.0,2302.59814453125
5144.0,2302.686767578125
5145.0,2302.54736328125
5146.0,2302.7412109375
5147.0,2303.60546875
5148.0,2303.937744140625
5149.0,2304.14404296875
5150.0,2304.27294921875
5151.0,2304.552978515625
5152.0,2304.653564453125
5153.0,2304.742431640625
5154.0,2304.85498046875
5155.0,2304.89404296875
5156.0,2304.93408203125
5157.0,2304.891357421875
5158.0,2304.543701171875
5159.0,2304.478515625
5160.0,2304.4638671875
5161.0,2304.197021484375
5162.0,2304.1142578125
5163.0,2304.03955078125
5164.0,2304.16552734375
5165.0,2304.1201171875
5166.0,2304.0859375
5167.0,2303.78662109375
5168.0,2303.71875
5169.0,2303.918701171875
5170.0,2303.8857421875
5171.0,2303.851318359375
5172.0,2303.834716796875
5173.0,2303.78955078125
5174.0,2303.775146484375
5175.0,2303.982666015625
5176.0,2304.226318359375
5177.0,2304.21826171875
5178.0,2304.399658203125
5179.0,2304.355712890625
5180.0,2304.34912109375
5181.0,2304.331787109375
5182.0,2304.31689453125
5183.0,2304.3056640625
5184.0,2304.06982421875
5185.0,2304.07958984375
5186.0,2303.883544921875
5187.0,2303.86376953125
5188.0,2303.627685546875
5189.0,2303.545166015625
5190.0,2303.458984375
5191.0,2303.363525390625
5192.0,2303.242919921875
5193.0,2302.95703125
5194.0,2303.09326171875
5195.0,2303.0283203125
5196.0,2302.764404296875
5197.0,2302.7080078125
5198.0,2302.654541015625
5199.0,2302.442138671875
5200.0,2302.48681640625
5201.0,2302.49951171875
5202.0,2302.555419921875
5203.0,2302.830810546875
5204.0,2302.90771484375
5205.0,2302.96240234375
5206.0,2302.99560546875
5207.0,2303.095947265625
5208.0,2303.344482421875
5209.0,2303.406494140625
5210.0,2303.432373046875
5211.0,2303.494140625
5212.0,2303.48828125
5213.0,2303.50634765625
5214.0,2303.273193359375
5215.0,2303.187255859375
5216.0,2303.157958984375
5217.0,2303.12060546875
5218.0,2303.059814453125
5219.0,2302.947021484375
5220.0,2302.8876953125
5221.0,2302.818603515625
5222.0,2302.793701171875
5223.0,2302.712646484375
5224.0,2302.61474609375
5225.0,2302.34033203125
5226.0,2302.74853515625
5227.0,2302.27099609375
5228.0,2302.4990234375
5229.0,2302.2119140625
5230.0,2302.523193359375
5231.0,2302.39599609375
5232.0,2302.753173828125
5233.0,2302.822509765625
5234.0,2302.870849609375
5235.0,2303.0
5236.0,2303.380615234375
5237.0,2303.6533203125
5238.0,2304.02294921875
5239.0,2304.064453125
5240.0,2303.609130859375
5241.0,2303.882568359375
5242.0,2304.259765625
5243.0,2304.22607421875
5244.0,2304.244384765625
5245.0,2304.2529296875
5246.0,2304.478515625
5247.0,2304.685546875
5248.0,2304.450927734375
5249.0,2304.390625
5250.0,2304.02099609375
5251.0,2303.8408203125
5252.0,2303.955810546875
5253.0,2303.613525390625
5254.0,2303.50390625
5255.0,2303.3125
5256.0,2303.177001953125
5257.0,2302.68896484375
5258.0,2302.771240234375
5259.0,2302.45654296875
5260.0,2301.62744140625
5261.0,2301.6083984375
5262.0,2301.26953125
5263.0,2301.25244140625
5264.0,2301.660888671875
5265.0,2301.670654296875
5266.0,2301.453125
5267.0,2301.2392578125
5268.0,2301.505859375
5269.0,2301.563720703125
5270.0,2301.6025390625
5271.0,2301.691650390625
5272.0,2301.83349609375
5273.0,2301.902587890625
5274.0,2302.098876953125
5275.0,2302.22509765625
5276.0,2302.55029296875
5277.0,2302.689208984375
5278.0,2302.82177734375
5279.0,2302.89892578125
5280.0,2303.26513671875
5281.0,2303.402587890625
5282.0,2303.41943359375
5283.0,2303.73193359375
5284.0,2303.743896484375
5285.0,2303.97021484375
5286.0,2303.816650390625
5287.0,2303.83447265625
5288.0,2304.013671875
5289.0,2304.017578125
5290.0,2303.9462890625
5291.0,2303.922607421875
5292.0,2303.8486328125
5293.0,2303.798828125
5294.0,2303.761474609375
5295.0,2303.70654296875
5296.0,2303.63720703125
5297.0,2303.573486328125
5298.0,2303.43408203125
5299.0,2303.210205078125
5300.0,2303.178466796875
5301.0,2303.153076171875
5302.0,2303.02001953125
5303.0,2302.712646484375
5304.0,2302.673583984375
5305.0,2302.354736328125
5306.0,2302.3544921875
5307.0,2302.42578125
5308.0,2302.63134765625
5309.0,2302.432373046875
5310.0,2302.539306640625
5311.0,2302.8291015625
5312.0,2302.9365234375
5313.0,2303.23876953125
5314.0,2303.82763671875
5315.0,2303.187255859375
5316.0,2303.53076171875
5317.0,2303.596923828125
5318.0,2303.914794921875
5319.0,2303.9287109375
5320.0,2304.040771484375
5321.0,2304.320068359375
5322.0,2304.43017578125
5323.0,2304.541015625
5324.0,2304.632568359375
5325.0,2304.800048828125
5326.0,2304.96044921875
5327.0,2305.322265625
5328.0,2305.50830078125
5329.0,2305.847412109375
5330.0,2305.9765625
5331.0,2306.140625
5332.0,2306.15234375
5333.0,2306.253662109375
5334.0,2306.226806640625
5335.0,2306.232421875
5336.0,2306.2138671875
5337.0,2306.134765625
5338.0,2306.087890625
5339.0,2306.09423828125
5340.0,2306.102783203125
5341.0,2306.09814453125
5342.0,2306.057373046875
5343.0,2306.05029296875
5344.0,2306.07177734375
5345.0,2306.050048828125
5346.0,2306.08251953125
5347.0,2306.074462890625
5348.0,2306.02978515625
5349.0,2306.03955078125
5350.0,2306.02587890625
5351.0,2305.967041015625
5352.0,2305.947509765625
5353.0,2305.91015625
5354.0,2305.8984375
5355.0,2305.904052734375
5356.0,2305.965576171875
5357.0,2305.919677734375
5358.0,2305.96826171875
5359.0,2305.89501953125
5360.0,2305.974853515625
5361.0,2305.9306640625
5362.0,2305.94384765625
5363.0,2305.924560546875
5364.0,2305.8984375
5365.0,2305.6171875
5366.0,2305.5205078125
5367.0,2305.362060546875
5368.0,2305.035400390625
5369.0,2304.8876953125
5370.0,2304.76220703125
5371.0,2304.167236328125
5372.0,2304.01953125
5373.0,2303.420166015625
5374.0,2303.254150390625
5375.0,2303.59912109375
5376.0,2303.525146484375
5377.0,2303.099365234375
5378.0,2302.779296875
5379.0,2302.375244140625
5380.0,2303.13037109375
5381.0,2302.5205078125
5382.0,2302.97119140625
5383.0,2302.655029296875
5384.0,2302.277099609375
5385.0,2302.2236328125
5386.0,2302.553955078125
5387.0,2301.213134765625
5388.0,2301.20556640625
5389.0,2301.59375
5390.0,2301.966552734375
5391.0,2302.432373046875
5392.0,2301.791259765625
5393.0,2302.447265625
5394.0,2302.554443359375
5395.0,2302.990478515625
5396.0,2303.493896484375
5397.0,2303.89697265625
5398.0,2304.271240234375
5399.0,2304.595458984375
5400.0,2304.927734375
5401.0,2304.70166015625
5402.0,2304.752685546875
5403.0,2305.255126953125
5404.0,2305.011474609375
5405.0,2305.309326171875
5406.0,2305.120849609375
5407.0,2305.136962890625
5408.0,2305.14990234375
5409.0,2305.1796875
5410.0,2304.978515625
5411.0,2305.268798828125
5412.0,2305.078125
5413.0,2305.094970703125
5414.0,2305.101318359375
5415.0,2305.111572265625
5416.0,2305.11767578125
5417.0,2305.146728515625
5418.0,2304.903076171875
5419.0,2304.86328125
5420.0,2304.895263671875
5421.0,2305.15771484375
5422.0,2305.141845703125
5423.0,2305.109130859375
5424.0,2304.92431640625
5425.0,2304.881591796875
5426.0,2305.307861328125
5427.0,2305.2998046875
5428.0,2305.338134765625
5429.0,2305.163818359375
5430.0,2305.098876953125
5431.0,2305.14599609375
5432.0,2305.412353515625
5433.0,2305.454345703125
5434.0,2305.71435546875
5435.0,2305.7763671875
5436.0,2305.857421875
5437.0,2305.8828125
5438.0,2305.462890625
5439.0,2305.46630859375
5440.0,2304.72314453125
5441.0,2305.084228515625
5442.0,2305.0791015625
5443.0,2305.409912109375
5444.0,2305.442626953125
5445.0,2305.447265625
5446.0,2305.477294921875
5447.0,2305.48681640625
5448.0,2305.182373046875
5449.0,2305.210205078125
5450.0,2305.235595703125
5451.0,2304.8662109375
5452.0,2304.430419921875
5453.0,2304.036865234375
5454.0,2305.836669921875
5455.0,2303.910888671875
5456.0,2303.440185546875
5457.0,2302.998046875
5458.0,2306.2626953125
5459.0,2302.92431640625
5460.0,2302.968505859375
5461.0,2303.517578125
5462.0,2303.105712890625
5463.0,2302.685302734375
5464.0,2303.542724609375
5465.0,2303.113525390625
5466.0,2304.426025390625
5467.0,2306.009521484375
5468.0,2304.5029296875
5469.0,2305.704345703125
5470.0,2306.462890625
5471.0,2306.91552734375
5472.0,2306.029052734375
5473.0,2306.685546875
5474.0,2307.007080078125
5475.0,2306.525634765625
5476.0,2306.25390625
5477.0,2306.629638671875
5478.0,2306.751953125
5479.0,2306.980224609375
5480.0,2306.393798828125
5481.0,2306.899658203125
5482.0,2307.12548828125
5483.0,2306.945556640625
5484.0,2307.1025390625
5485.0,2307.102294921875
5486.0,2306.834228515625
5487.0,2306.933837890625
5488.0,2306.916259765625
5489.0,2306.606689453125
5490.0,2307.0185546875
5491.0,2307.25048828125
5492.0,2307.2333984375
5493.0,2307.583740234375
5494.0,2307.834716796875
5495.0,2306.814208984375
